model_seed,arm,timing_kind,primary_cost,median_seconds,all_seconds,milliseconds_per_group_token,all_complete,cpu_threads,config,source_file_name,source_file_sha256,contention_scope,call_scope
0,FULL_RESIDUAL_4_4,embedded,False,0.3419778719999158,"[0.3419778719999158, 0.32610281799861696, 0.3625930050002353]",0.1669813828124589,True,2,"{""length"": 128, ""repeats"": 3, ""seed"": 2002, ""sequences"": 16}",timing.json,70e17f1fb696f0d9cdd2e38df0e86f8a9358ae53590b6bc2a402321f0d3e7cb9,potential CPU contention; not isolated primary cost,"full causal sequence call: allocation, initial packing, BOS, token-table gather, decode, transition, projection, encode, after-write read, original FP32 norm/MLP; excludes optional MSE/norm diagnostics, gold, summaries, file I/O, model load and shared-table construction"
0,FULL_RESIDUAL_4_4,isolated,True,0.32316965800055186,"[0.3215583700002753, 0.3292698080003902, 0.32316965800055186]",0.15779768457058196,True,2,"{""length"": 128, ""repeats"": 3, ""seed"": 2002, ""sequences"": 16}",seed0.json,5744b9137eabc5cd469c0aa38dc34dfdfee5d9fffc40fff1e1e52fd6b938b522,reported isolated serial benchmark,"full causal sequence call: allocation, initial packing, BOS, token-table gather, decode, transition, projection, encode, after-write read, original FP32 norm/MLP; excludes optional MSE/norm diagnostics, gold, summaries, file I/O, model load and shared-table construction"
0,FULL_RESIDUAL_4_8,embedded,False,0.3385692909996578,"[0.3385692909996578, 0.32337842299966724, 0.34388353299982555]",0.16531703662092667,True,2,"{""length"": 128, ""repeats"": 3, ""seed"": 2002, ""sequences"": 16}",timing.json,70e17f1fb696f0d9cdd2e38df0e86f8a9358ae53590b6bc2a402321f0d3e7cb9,potential CPU contention; not isolated primary cost,"full causal sequence call: allocation, initial packing, BOS, token-table gather, decode, transition, projection, encode, after-write read, original FP32 norm/MLP; excludes optional MSE/norm diagnostics, gold, summaries, file I/O, model load and shared-table construction"
0,FULL_RESIDUAL_4_8,isolated,True,0.3266128529994603,"[0.3184907300001214, 0.33351606399992306, 0.3266128529994603]",0.15947893212864273,True,2,"{""length"": 128, ""repeats"": 3, ""seed"": 2002, ""sequences"": 16}",seed0.json,5744b9137eabc5cd469c0aa38dc34dfdfee5d9fffc40fff1e1e52fd6b938b522,reported isolated serial benchmark,"full causal sequence call: allocation, initial packing, BOS, token-table gather, decode, transition, projection, encode, after-write read, original FP32 norm/MLP; excludes optional MSE/norm diagnostics, gold, summaries, file I/O, model load and shared-table construction"
0,FULL_RESIDUAL_4_FP32,embedded,False,0.22712122699886095,"[0.21853715799989004, 0.2619573850006418, 0.22712122699886095]",0.11089903662053757,True,2,"{""length"": 128, ""repeats"": 3, ""seed"": 2002, ""sequences"": 16}",timing.json,70e17f1fb696f0d9cdd2e38df0e86f8a9358ae53590b6bc2a402321f0d3e7cb9,potential CPU contention; not isolated primary cost,"full causal sequence call: allocation, initial packing, BOS, token-table gather, decode, transition, projection, encode, after-write read, original FP32 norm/MLP; excludes optional MSE/norm diagnostics, gold, summaries, file I/O, model load and shared-table construction"
0,FULL_RESIDUAL_4_FP32,isolated,True,0.2152190149990929,"[0.21596770799988008, 0.2152190149990929, 0.21294925199981662]",0.10508740966752583,True,2,"{""length"": 128, ""repeats"": 3, ""seed"": 2002, ""sequences"": 16}",seed0.json,5744b9137eabc5cd469c0aa38dc34dfdfee5d9fffc40fff1e1e52fd6b938b522,reported isolated serial benchmark,"full causal sequence call: allocation, initial packing, BOS, token-table gather, decode, transition, projection, encode, after-write read, original FP32 norm/MLP; excludes optional MSE/norm diagnostics, gold, summaries, file I/O, model load and shared-table construction"
0,LOWRANK_4_8_R1,embedded,False,0.2641453519991046,"[0.2682049239992921, 0.24220400999911362, 0.2641453519991046]",0.1289772226558128,True,2,"{""length"": 128, ""repeats"": 3, ""seed"": 2002, ""sequences"": 16}",timing.json,70e17f1fb696f0d9cdd2e38df0e86f8a9358ae53590b6bc2a402321f0d3e7cb9,potential CPU contention; not isolated primary cost,"full causal sequence call: allocation, initial packing, BOS, token-table gather, decode, transition, projection, encode, after-write read, original FP32 norm/MLP; excludes optional MSE/norm diagnostics, gold, summaries, file I/O, model load and shared-table construction"
0,LOWRANK_4_8_R1,isolated,True,0.24350988200058055,"[0.24350988200058055, 0.2385620969998854, 0.26255107299948577]",0.11890130957059597,True,2,"{""length"": 128, ""repeats"": 3, ""seed"": 2002, ""sequences"": 16}",seed0.json,5744b9137eabc5cd469c0aa38dc34dfdfee5d9fffc40fff1e1e52fd6b938b522,reported isolated serial benchmark,"full causal sequence call: allocation, initial packing, BOS, token-table gather, decode, transition, projection, encode, after-write read, original FP32 norm/MLP; excludes optional MSE/norm diagnostics, gold, summaries, file I/O, model load and shared-table construction"
0,LOWRANK_4_8_R2,embedded,False,0.3081659139988915,"[0.3081659139988915, 0.3242124030002742, 0.3076137079988257]",0.15047163769477123,True,2,"{""length"": 128, ""repeats"": 3, ""seed"": 2002, ""sequences"": 16}",timing.json,70e17f1fb696f0d9cdd2e38df0e86f8a9358ae53590b6bc2a402321f0d3e7cb9,potential CPU contention; not isolated primary cost,"full causal sequence call: allocation, initial packing, BOS, token-table gather, decode, transition, projection, encode, after-write read, original FP32 norm/MLP; excludes optional MSE/norm diagnostics, gold, summaries, file I/O, model load and shared-table construction"
0,LOWRANK_4_8_R2,isolated,True,0.2954239049995522,"[0.2944427780003025, 0.3011113470001874, 0.2954239049995522]",0.1442499536130626,True,2,"{""length"": 128, ""repeats"": 3, ""seed"": 2002, ""sequences"": 16}",seed0.json,5744b9137eabc5cd469c0aa38dc34dfdfee5d9fffc40fff1e1e52fd6b938b522,reported isolated serial benchmark,"full causal sequence call: allocation, initial packing, BOS, token-table gather, decode, transition, projection, encode, after-write read, original FP32 norm/MLP; excludes optional MSE/norm diagnostics, gold, summaries, file I/O, model load and shared-table construction"
0,LOWRANK_4_8_R4,embedded,False,0.34906299100111937,"[0.34906299100111937, 0.3673354710008425, 0.33906056500018167]",0.17044091357476532,True,2,"{""length"": 128, ""repeats"": 3, ""seed"": 2002, ""sequences"": 16}",timing.json,70e17f1fb696f0d9cdd2e38df0e86f8a9358ae53590b6bc2a402321f0d3e7cb9,potential CPU contention; not isolated primary cost,"full causal sequence call: allocation, initial packing, BOS, token-table gather, decode, transition, projection, encode, after-write read, original FP32 norm/MLP; excludes optional MSE/norm diagnostics, gold, summaries, file I/O, model load and shared-table construction"
0,LOWRANK_4_8_R4,isolated,True,0.32666925500052457,"[0.3274577039992437, 0.3226154240001051, 0.32666925500052457]",0.1595064721682249,True,2,"{""length"": 128, ""repeats"": 3, ""seed"": 2002, ""sequences"": 16}",seed0.json,5744b9137eabc5cd469c0aa38dc34dfdfee5d9fffc40fff1e1e52fd6b938b522,reported isolated serial benchmark,"full causal sequence call: allocation, initial packing, BOS, token-table gather, decode, transition, projection, encode, after-write read, original FP32 norm/MLP; excludes optional MSE/norm diagnostics, gold, summaries, file I/O, model load and shared-table construction"
0,MIXED_4_8,embedded,False,0.21348548000059964,"[0.22953572599908512, 0.21348548000059964, 0.20857801000056497]",0.10424095703154279,True,2,"{""length"": 128, ""repeats"": 3, ""seed"": 2002, ""sequences"": 16}",timing.json,70e17f1fb696f0d9cdd2e38df0e86f8a9358ae53590b6bc2a402321f0d3e7cb9,potential CPU contention; not isolated primary cost,"full causal sequence call: allocation, initial packing, BOS, token-table gather, decode, transition, projection, encode, after-write read, original FP32 norm/MLP; excludes optional MSE/norm diagnostics, gold, summaries, file I/O, model load and shared-table construction"
0,MIXED_4_8,isolated,True,0.2050648340009502,"[0.19278459599991038, 0.20828068899936625, 0.2050648340009502]",0.10012931347702647,True,2,"{""length"": 128, ""repeats"": 3, ""seed"": 2002, ""sequences"": 16}",seed0.json,5744b9137eabc5cd469c0aa38dc34dfdfee5d9fffc40fff1e1e52fd6b938b522,reported isolated serial benchmark,"full causal sequence call: allocation, initial packing, BOS, token-table gather, decode, transition, projection, encode, after-write read, original FP32 norm/MLP; excludes optional MSE/norm diagnostics, gold, summaries, file I/O, model load and shared-table construction"
0,MIXED_6_8,embedded,False,0.2553283039997041,"[0.2475915230006649, 0.28044281199981924, 0.2553283039997041]",0.1246720234373555,True,2,"{""length"": 128, ""repeats"": 3, ""seed"": 2002, ""sequences"": 16}",timing.json,70e17f1fb696f0d9cdd2e38df0e86f8a9358ae53590b6bc2a402321f0d3e7cb9,potential CPU contention; not isolated primary cost,"full causal sequence call: allocation, initial packing, BOS, token-table gather, decode, transition, projection, encode, after-write read, original FP32 norm/MLP; excludes optional MSE/norm diagnostics, gold, summaries, file I/O, model load and shared-table construction"
0,MIXED_6_8,isolated,True,0.23837567400005355,"[0.2407356929998059, 0.23837567400005355, 0.2335940720004146]",0.11639437207033865,True,2,"{""length"": 128, ""repeats"": 3, ""seed"": 2002, ""sequences"": 16}",seed0.json,5744b9137eabc5cd469c0aa38dc34dfdfee5d9fffc40fff1e1e52fd6b938b522,reported isolated serial benchmark,"full causal sequence call: allocation, initial packing, BOS, token-table gather, decode, transition, projection, encode, after-write read, original FP32 norm/MLP; excludes optional MSE/norm diagnostics, gold, summaries, file I/O, model load and shared-table construction"
0,NATIVE_FP32,embedded,False,0.048002825998992193,"[0.047440376998565625, 0.048002825998992193, 0.05339354699935939]",0.023438879882320407,True,2,"{""length"": 128, ""repeats"": 3, ""seed"": 2002, ""sequences"": 16}",timing.json,70e17f1fb696f0d9cdd2e38df0e86f8a9358ae53590b6bc2a402321f0d3e7cb9,potential CPU contention; not isolated primary cost,"full causal sequence call: allocation, initial packing, BOS, token-table gather, decode, transition, projection, encode, after-write read, original FP32 norm/MLP; excludes optional MSE/norm diagnostics, gold, summaries, file I/O, model load and shared-table construction"
0,NATIVE_FP32,isolated,True,0.04796311300015077,"[0.04602277999947546, 0.04796311300015077, 0.04861435699967842]",0.023419488769604868,True,2,"{""length"": 128, ""repeats"": 3, ""seed"": 2002, ""sequences"": 16}",seed0.json,5744b9137eabc5cd469c0aa38dc34dfdfee5d9fffc40fff1e1e52fd6b938b522,reported isolated serial benchmark,"full causal sequence call: allocation, initial packing, BOS, token-table gather, decode, transition, projection, encode, after-write read, original FP32 norm/MLP; excludes optional MSE/norm diagnostics, gold, summaries, file I/O, model load and shared-table construction"
0,STOCHASTIC_4,embedded,False,0.2503741900000023,"[0.2503741900000023, 0.26372845100013365, 0.2373404810005013]",0.12225302246093861,True,2,"{""length"": 128, ""repeats"": 3, ""seed"": 2002, ""sequences"": 16}",timing.json,70e17f1fb696f0d9cdd2e38df0e86f8a9358ae53590b6bc2a402321f0d3e7cb9,potential CPU contention; not isolated primary cost,"full causal sequence call: allocation, initial packing, BOS, token-table gather, decode, transition, projection, encode, after-write read, original FP32 norm/MLP; excludes optional MSE/norm diagnostics, gold, summaries, file I/O, model load and shared-table construction"
0,STOCHASTIC_4,isolated,True,0.22789102099886804,"[0.22789102099886804, 0.21578800799943565, 0.23098438900160545]",0.11127491259710354,True,2,"{""length"": 128, ""repeats"": 3, ""seed"": 2002, ""sequences"": 16}",seed0.json,5744b9137eabc5cd469c0aa38dc34dfdfee5d9fffc40fff1e1e52fd6b938b522,reported isolated serial benchmark,"full causal sequence call: allocation, initial packing, BOS, token-table gather, decode, transition, projection, encode, after-write read, original FP32 norm/MLP; excludes optional MSE/norm diagnostics, gold, summaries, file I/O, model load and shared-table construction"
0,UNIFORM_10,embedded,False,0.2993755499992403,"[0.30838357900029223, 0.29936442300095223, 0.2993755499992403]",0.14617946777306656,True,2,"{""length"": 128, ""repeats"": 3, ""seed"": 2002, ""sequences"": 16}",timing.json,70e17f1fb696f0d9cdd2e38df0e86f8a9358ae53590b6bc2a402321f0d3e7cb9,potential CPU contention; not isolated primary cost,"full causal sequence call: allocation, initial packing, BOS, token-table gather, decode, transition, projection, encode, after-write read, original FP32 norm/MLP; excludes optional MSE/norm diagnostics, gold, summaries, file I/O, model load and shared-table construction"
0,UNIFORM_10,isolated,True,0.29205843699855905,"[0.28282064000086393, 0.29205843699855905, 0.30451835399981064]",0.14260665869070266,True,2,"{""length"": 128, ""repeats"": 3, ""seed"": 2002, ""sequences"": 16}",seed0.json,5744b9137eabc5cd469c0aa38dc34dfdfee5d9fffc40fff1e1e52fd6b938b522,reported isolated serial benchmark,"full causal sequence call: allocation, initial packing, BOS, token-table gather, decode, transition, projection, encode, after-write read, original FP32 norm/MLP; excludes optional MSE/norm diagnostics, gold, summaries, file I/O, model load and shared-table construction"
0,UNIFORM_11,embedded,False,0.3627803049985232,"[0.3627803049985232, 0.35190101099942694, 0.3969975460004207]",0.17713882080006016,True,2,"{""length"": 128, ""repeats"": 3, ""seed"": 2002, ""sequences"": 16}",timing.json,70e17f1fb696f0d9cdd2e38df0e86f8a9358ae53590b6bc2a402321f0d3e7cb9,potential CPU contention; not isolated primary cost,"full causal sequence call: allocation, initial packing, BOS, token-table gather, decode, transition, projection, encode, after-write read, original FP32 norm/MLP; excludes optional MSE/norm diagnostics, gold, summaries, file I/O, model load and shared-table construction"
0,UNIFORM_11,isolated,True,0.3359961400001339,"[0.34588700200038147, 0.3359961400001339, 0.32595812200088403]",0.16406061523444038,True,2,"{""length"": 128, ""repeats"": 3, ""seed"": 2002, ""sequences"": 16}",seed0.json,5744b9137eabc5cd469c0aa38dc34dfdfee5d9fffc40fff1e1e52fd6b938b522,reported isolated serial benchmark,"full causal sequence call: allocation, initial packing, BOS, token-table gather, decode, transition, projection, encode, after-write read, original FP32 norm/MLP; excludes optional MSE/norm diagnostics, gold, summaries, file I/O, model load and shared-table construction"
0,UNIFORM_12,embedded,False,0.2999856299993553,"[0.29936732399983157, 0.2999856299993553, 0.32684352599972044]",0.1464773583981227,True,2,"{""length"": 128, ""repeats"": 3, ""seed"": 2002, ""sequences"": 16}",timing.json,70e17f1fb696f0d9cdd2e38df0e86f8a9358ae53590b6bc2a402321f0d3e7cb9,potential CPU contention; not isolated primary cost,"full causal sequence call: allocation, initial packing, BOS, token-table gather, decode, transition, projection, encode, after-write read, original FP32 norm/MLP; excludes optional MSE/norm diagnostics, gold, summaries, file I/O, model load and shared-table construction"
0,UNIFORM_12,isolated,True,0.2873648940003477,"[0.2819404450001457, 0.28822615500030224, 0.2873648940003477]",0.14031488964860728,True,2,"{""length"": 128, ""repeats"": 3, ""seed"": 2002, ""sequences"": 16}",seed0.json,5744b9137eabc5cd469c0aa38dc34dfdfee5d9fffc40fff1e1e52fd6b938b522,reported isolated serial benchmark,"full causal sequence call: allocation, initial packing, BOS, token-table gather, decode, transition, projection, encode, after-write read, original FP32 norm/MLP; excludes optional MSE/norm diagnostics, gold, summaries, file I/O, model load and shared-table construction"
0,UNIFORM_13,embedded,False,0.38873786099975405,"[0.38985003599918855, 0.38873786099975405, 0.3611100889993395]",0.18981340869128616,True,2,"{""length"": 128, ""repeats"": 3, ""seed"": 2002, ""sequences"": 16}",timing.json,70e17f1fb696f0d9cdd2e38df0e86f8a9358ae53590b6bc2a402321f0d3e7cb9,potential CPU contention; not isolated primary cost,"full causal sequence call: allocation, initial packing, BOS, token-table gather, decode, transition, projection, encode, after-write read, original FP32 norm/MLP; excludes optional MSE/norm diagnostics, gold, summaries, file I/O, model load and shared-table construction"
0,UNIFORM_13,isolated,True,0.3622664790000272,"[0.3622664790000272, 0.3723916340004507, 0.3616732629998296]",0.17688792919923202,True,2,"{""length"": 128, ""repeats"": 3, ""seed"": 2002, ""sequences"": 16}",seed0.json,5744b9137eabc5cd469c0aa38dc34dfdfee5d9fffc40fff1e1e52fd6b938b522,reported isolated serial benchmark,"full causal sequence call: allocation, initial packing, BOS, token-table gather, decode, transition, projection, encode, after-write read, original FP32 norm/MLP; excludes optional MSE/norm diagnostics, gold, summaries, file I/O, model load and shared-table construction"
0,UNIFORM_14,embedded,False,0.35383020600056625,"[0.3515908170011244, 0.35383020600056625, 0.382998712000699]",0.172768655273714,True,2,"{""length"": 128, ""repeats"": 3, ""seed"": 2002, ""sequences"": 16}",timing.json,70e17f1fb696f0d9cdd2e38df0e86f8a9358ae53590b6bc2a402321f0d3e7cb9,potential CPU contention; not isolated primary cost,"full causal sequence call: allocation, initial packing, BOS, token-table gather, decode, transition, projection, encode, after-write read, original FP32 norm/MLP; excludes optional MSE/norm diagnostics, gold, summaries, file I/O, model load and shared-table construction"
0,UNIFORM_14,isolated,True,0.3502668389992323,"[0.3502668389992323, 0.3493447479995666, 0.3514503720016364]",0.17102872998009389,True,2,"{""length"": 128, ""repeats"": 3, ""seed"": 2002, ""sequences"": 16}",seed0.json,5744b9137eabc5cd469c0aa38dc34dfdfee5d9fffc40fff1e1e52fd6b938b522,reported isolated serial benchmark,"full causal sequence call: allocation, initial packing, BOS, token-table gather, decode, transition, projection, encode, after-write read, original FP32 norm/MLP; excludes optional MSE/norm diagnostics, gold, summaries, file I/O, model load and shared-table construction"
0,UNIFORM_15,embedded,False,0.4172336070005258,"[0.3970348179991561, 0.4172336070005258, 0.421784010999545]",0.2037273471682255,True,2,"{""length"": 128, ""repeats"": 3, ""seed"": 2002, ""sequences"": 16}",timing.json,70e17f1fb696f0d9cdd2e38df0e86f8a9358ae53590b6bc2a402321f0d3e7cb9,potential CPU contention; not isolated primary cost,"full causal sequence call: allocation, initial packing, BOS, token-table gather, decode, transition, projection, encode, after-write read, original FP32 norm/MLP; excludes optional MSE/norm diagnostics, gold, summaries, file I/O, model load and shared-table construction"
0,UNIFORM_15,isolated,True,0.37057507499957865,"[0.37663011500080756, 0.37057507499957865, 0.36938243599979614]",0.180944860839638,True,2,"{""length"": 128, ""repeats"": 3, ""seed"": 2002, ""sequences"": 16}",seed0.json,5744b9137eabc5cd469c0aa38dc34dfdfee5d9fffc40fff1e1e52fd6b938b522,reported isolated serial benchmark,"full causal sequence call: allocation, initial packing, BOS, token-table gather, decode, transition, projection, encode, after-write read, original FP32 norm/MLP; excludes optional MSE/norm diagnostics, gold, summaries, file I/O, model load and shared-table construction"
0,UNIFORM_16,embedded,False,0.3088384210004733,"[0.3088384210004733, 0.31403796800077544, 0.3074798620000365]",0.15080001025413736,True,2,"{""length"": 128, ""repeats"": 3, ""seed"": 2002, ""sequences"": 16}",timing.json,70e17f1fb696f0d9cdd2e38df0e86f8a9358ae53590b6bc2a402321f0d3e7cb9,potential CPU contention; not isolated primary cost,"full causal sequence call: allocation, initial packing, BOS, token-table gather, decode, transition, projection, encode, after-write read, original FP32 norm/MLP; excludes optional MSE/norm diagnostics, gold, summaries, file I/O, model load and shared-table construction"
0,UNIFORM_16,isolated,True,0.29318820200023765,"[0.29318820200023765, 0.2852842709999095, 0.3077619710002182]",0.14315830175792854,True,2,"{""length"": 128, ""repeats"": 3, ""seed"": 2002, ""sequences"": 16}",seed0.json,5744b9137eabc5cd469c0aa38dc34dfdfee5d9fffc40fff1e1e52fd6b938b522,reported isolated serial benchmark,"full causal sequence call: allocation, initial packing, BOS, token-table gather, decode, transition, projection, encode, after-write read, original FP32 norm/MLP; excludes optional MSE/norm diagnostics, gold, summaries, file I/O, model load and shared-table construction"
0,UNIFORM_2,embedded,False,0.19085225200069544,"[0.19085225200069544, 0.20695222799986368, 0.19072701099867118]",0.09318957617221457,True,2,"{""length"": 128, ""repeats"": 3, ""seed"": 2002, ""sequences"": 16}",timing.json,70e17f1fb696f0d9cdd2e38df0e86f8a9358ae53590b6bc2a402321f0d3e7cb9,potential CPU contention; not isolated primary cost,"full causal sequence call: allocation, initial packing, BOS, token-table gather, decode, transition, projection, encode, after-write read, original FP32 norm/MLP; excludes optional MSE/norm diagnostics, gold, summaries, file I/O, model load and shared-table construction"
0,UNIFORM_2,isolated,True,0.19919527400088555,"[0.20080714799951238, 0.19919527400088555, 0.19275950500014005]",0.0972633173832449,True,2,"{""length"": 128, ""repeats"": 3, ""seed"": 2002, ""sequences"": 16}",seed0.json,5744b9137eabc5cd469c0aa38dc34dfdfee5d9fffc40fff1e1e52fd6b938b522,reported isolated serial benchmark,"full causal sequence call: allocation, initial packing, BOS, token-table gather, decode, transition, projection, encode, after-write read, original FP32 norm/MLP; excludes optional MSE/norm diagnostics, gold, summaries, file I/O, model load and shared-table construction"
0,UNIFORM_3,embedded,False,0.23337799399996584,"[0.23128730500138772, 0.2511990020011581, 0.23337799399996584]",0.11395409863279582,True,2,"{""length"": 128, ""repeats"": 3, ""seed"": 2002, ""sequences"": 16}",timing.json,70e17f1fb696f0d9cdd2e38df0e86f8a9358ae53590b6bc2a402321f0d3e7cb9,potential CPU contention; not isolated primary cost,"full causal sequence call: allocation, initial packing, BOS, token-table gather, decode, transition, projection, encode, after-write read, original FP32 norm/MLP; excludes optional MSE/norm diagnostics, gold, summaries, file I/O, model load and shared-table construction"
0,UNIFORM_3,isolated,True,0.2284768150002492,"[0.22802181899896823, 0.23776983600146195, 0.2284768150002492]",0.11156094482434042,True,2,"{""length"": 128, ""repeats"": 3, ""seed"": 2002, ""sequences"": 16}",seed0.json,5744b9137eabc5cd469c0aa38dc34dfdfee5d9fffc40fff1e1e52fd6b938b522,reported isolated serial benchmark,"full causal sequence call: allocation, initial packing, BOS, token-table gather, decode, transition, projection, encode, after-write read, original FP32 norm/MLP; excludes optional MSE/norm diagnostics, gold, summaries, file I/O, model load and shared-table construction"
0,UNIFORM_4,embedded,False,0.19909326199922361,"[0.19898004099923128, 0.20414775300014298, 0.19909326199922361]",0.0972135068355584,True,2,"{""length"": 128, ""repeats"": 3, ""seed"": 2002, ""sequences"": 16}",timing.json,70e17f1fb696f0d9cdd2e38df0e86f8a9358ae53590b6bc2a402321f0d3e7cb9,potential CPU contention; not isolated primary cost,"full causal sequence call: allocation, initial packing, BOS, token-table gather, decode, transition, projection, encode, after-write read, original FP32 norm/MLP; excludes optional MSE/norm diagnostics, gold, summaries, file I/O, model load and shared-table construction"
0,UNIFORM_4,isolated,True,0.19934748700143246,"[0.1998191439997754, 0.19741410500137135, 0.19934748700143246]",0.09733764013741819,True,2,"{""length"": 128, ""repeats"": 3, ""seed"": 2002, ""sequences"": 16}",seed0.json,5744b9137eabc5cd469c0aa38dc34dfdfee5d9fffc40fff1e1e52fd6b938b522,reported isolated serial benchmark,"full causal sequence call: allocation, initial packing, BOS, token-table gather, decode, transition, projection, encode, after-write read, original FP32 norm/MLP; excludes optional MSE/norm diagnostics, gold, summaries, file I/O, model load and shared-table construction"
0,UNIFORM_5,embedded,False,0.2723183020007127,"[0.2723183020007127, 0.26536419199874217, 0.27300827900035074]",0.1329679208987855,True,2,"{""length"": 128, ""repeats"": 3, ""seed"": 2002, ""sequences"": 16}",timing.json,70e17f1fb696f0d9cdd2e38df0e86f8a9358ae53590b6bc2a402321f0d3e7cb9,potential CPU contention; not isolated primary cost,"full causal sequence call: allocation, initial packing, BOS, token-table gather, decode, transition, projection, encode, after-write read, original FP32 norm/MLP; excludes optional MSE/norm diagnostics, gold, summaries, file I/O, model load and shared-table construction"
0,UNIFORM_5,isolated,True,0.256072308999137,"[0.2647191180003574, 0.256072308999137, 0.2501040989991452]",0.12503530712848487,True,2,"{""length"": 128, ""repeats"": 3, ""seed"": 2002, ""sequences"": 16}",seed0.json,5744b9137eabc5cd469c0aa38dc34dfdfee5d9fffc40fff1e1e52fd6b938b522,reported isolated serial benchmark,"full causal sequence call: allocation, initial packing, BOS, token-table gather, decode, transition, projection, encode, after-write read, original FP32 norm/MLP; excludes optional MSE/norm diagnostics, gold, summaries, file I/O, model load and shared-table construction"
0,UNIFORM_6,embedded,False,0.26280236699858506,"[0.28344820799975423, 0.24705599600019923, 0.26280236699858506]",0.12832146826102786,True,2,"{""length"": 128, ""repeats"": 3, ""seed"": 2002, ""sequences"": 16}",timing.json,70e17f1fb696f0d9cdd2e38df0e86f8a9358ae53590b6bc2a402321f0d3e7cb9,potential CPU contention; not isolated primary cost,"full causal sequence call: allocation, initial packing, BOS, token-table gather, decode, transition, projection, encode, after-write read, original FP32 norm/MLP; excludes optional MSE/norm diagnostics, gold, summaries, file I/O, model load and shared-table construction"
0,UNIFORM_6,isolated,True,0.25216060200000356,"[0.25216060200000356, 0.253050773000723, 0.2485308570012421]",0.12312529394531424,True,2,"{""length"": 128, ""repeats"": 3, ""seed"": 2002, ""sequences"": 16}",seed0.json,5744b9137eabc5cd469c0aa38dc34dfdfee5d9fffc40fff1e1e52fd6b938b522,reported isolated serial benchmark,"full causal sequence call: allocation, initial packing, BOS, token-table gather, decode, transition, projection, encode, after-write read, original FP32 norm/MLP; excludes optional MSE/norm diagnostics, gold, summaries, file I/O, model load and shared-table construction"
0,UNIFORM_7,embedded,False,0.2780476269999781,"[0.2780476269999781, 0.287121109000509, 0.2683216130008077]",0.13576544287108305,True,2,"{""length"": 128, ""repeats"": 3, ""seed"": 2002, ""sequences"": 16}",timing.json,70e17f1fb696f0d9cdd2e38df0e86f8a9358ae53590b6bc2a402321f0d3e7cb9,potential CPU contention; not isolated primary cost,"full causal sequence call: allocation, initial packing, BOS, token-table gather, decode, transition, projection, encode, after-write read, original FP32 norm/MLP; excludes optional MSE/norm diagnostics, gold, summaries, file I/O, model load and shared-table construction"
0,UNIFORM_7,isolated,True,0.2699604339995858,"[0.2620434529999329, 0.2699604339995858, 0.29456515300080355]",0.13181661816386026,True,2,"{""length"": 128, ""repeats"": 3, ""seed"": 2002, ""sequences"": 16}",seed0.json,5744b9137eabc5cd469c0aa38dc34dfdfee5d9fffc40fff1e1e52fd6b938b522,reported isolated serial benchmark,"full causal sequence call: allocation, initial packing, BOS, token-table gather, decode, transition, projection, encode, after-write read, original FP32 norm/MLP; excludes optional MSE/norm diagnostics, gold, summaries, file I/O, model load and shared-table construction"
0,UNIFORM_8,embedded,False,0.2063873799997964,"[0.2063873799997964, 0.21052487300039502, 0.19414420599969162]",0.10077508789052558,True,2,"{""length"": 128, ""repeats"": 3, ""seed"": 2002, ""sequences"": 16}",timing.json,70e17f1fb696f0d9cdd2e38df0e86f8a9358ae53590b6bc2a402321f0d3e7cb9,potential CPU contention; not isolated primary cost,"full causal sequence call: allocation, initial packing, BOS, token-table gather, decode, transition, projection, encode, after-write read, original FP32 norm/MLP; excludes optional MSE/norm diagnostics, gold, summaries, file I/O, model load and shared-table construction"
0,UNIFORM_8,isolated,True,0.19470850200013956,"[0.19206568299887294, 0.1957031999991159, 0.19470850200013956]",0.09507251074225564,True,2,"{""length"": 128, ""repeats"": 3, ""seed"": 2002, ""sequences"": 16}",seed0.json,5744b9137eabc5cd469c0aa38dc34dfdfee5d9fffc40fff1e1e52fd6b938b522,reported isolated serial benchmark,"full causal sequence call: allocation, initial packing, BOS, token-table gather, decode, transition, projection, encode, after-write read, original FP32 norm/MLP; excludes optional MSE/norm diagnostics, gold, summaries, file I/O, model load and shared-table construction"
0,UNIFORM_9,embedded,False,0.31709477699951094,"[0.30733936999968137, 0.32120263499928114, 0.31709477699951094]",0.15483143408179245,True,2,"{""length"": 128, ""repeats"": 3, ""seed"": 2002, ""sequences"": 16}",timing.json,70e17f1fb696f0d9cdd2e38df0e86f8a9358ae53590b6bc2a402321f0d3e7cb9,potential CPU contention; not isolated primary cost,"full causal sequence call: allocation, initial packing, BOS, token-table gather, decode, transition, projection, encode, after-write read, original FP32 norm/MLP; excludes optional MSE/norm diagnostics, gold, summaries, file I/O, model load and shared-table construction"
0,UNIFORM_9,isolated,True,0.3053821510002308,"[0.3053821510002308, 0.30470103500010737, 0.3098147889995744]",0.14911237841808145,True,2,"{""length"": 128, ""repeats"": 3, ""seed"": 2002, ""sequences"": 16}",seed0.json,5744b9137eabc5cd469c0aa38dc34dfdfee5d9fffc40fff1e1e52fd6b938b522,reported isolated serial benchmark,"full causal sequence call: allocation, initial packing, BOS, token-table gather, decode, transition, projection, encode, after-write read, original FP32 norm/MLP; excludes optional MSE/norm diagnostics, gold, summaries, file I/O, model load and shared-table construction"
0,UNTRANSPORTED_4_4,embedded,False,0.3401767320010549,"[0.3296605039995484, 0.4108608339993225, 0.3401767320010549]",0.1661019199223901,True,2,"{""length"": 128, ""repeats"": 3, ""seed"": 2002, ""sequences"": 16}",timing.json,70e17f1fb696f0d9cdd2e38df0e86f8a9358ae53590b6bc2a402321f0d3e7cb9,potential CPU contention; not isolated primary cost,"full causal sequence call: allocation, initial packing, BOS, token-table gather, decode, transition, projection, encode, after-write read, original FP32 norm/MLP; excludes optional MSE/norm diagnostics, gold, summaries, file I/O, model load and shared-table construction"
0,UNTRANSPORTED_4_4,isolated,True,0.31750712499888323,"[0.32762555500085, 0.31750712499888323, 0.307821194999633]",0.15503277587836095,True,2,"{""length"": 128, ""repeats"": 3, ""seed"": 2002, ""sequences"": 16}",seed0.json,5744b9137eabc5cd469c0aa38dc34dfdfee5d9fffc40fff1e1e52fd6b938b522,reported isolated serial benchmark,"full causal sequence call: allocation, initial packing, BOS, token-table gather, decode, transition, projection, encode, after-write read, original FP32 norm/MLP; excludes optional MSE/norm diagnostics, gold, summaries, file I/O, model load and shared-table construction"
1,FULL_RESIDUAL_4_4,embedded,False,0.3312909899996157,"[0.3259474719998252, 0.3312909899996157, 0.3317247850009153]",0.16176317871074986,True,2,"{""length"": 128, ""repeats"": 3, ""seed"": 2002, ""sequences"": 16}",timing.json,8172a6bd9c0c2e988223ed5385692cf0158d04387b60fddc29011f131bc84087,potential CPU contention; not isolated primary cost,"full causal sequence call: allocation, initial packing, BOS, token-table gather, decode, transition, projection, encode, after-write read, original FP32 norm/MLP; excludes optional MSE/norm diagnostics, gold, summaries, file I/O, model load and shared-table construction"
1,FULL_RESIDUAL_4_4,isolated,True,0.3306893230001151,"[0.32562646299993503, 0.3306893230001151, 0.3397969319994445]",0.16146939599614996,True,2,"{""length"": 128, ""repeats"": 3, ""seed"": 2002, ""sequences"": 16}",seed1.json,e6e77f868a729bc84796857a33bc8cf206258825247af50700abbf5d8346d6e4,reported isolated serial benchmark,"full causal sequence call: allocation, initial packing, BOS, token-table gather, decode, transition, projection, encode, after-write read, original FP32 norm/MLP; excludes optional MSE/norm diagnostics, gold, summaries, file I/O, model load and shared-table construction"
1,FULL_RESIDUAL_4_8,embedded,False,0.32434358799946494,"[0.32434358799946494, 0.330897478001134, 0.3192124600009265]",0.15837089257786374,True,2,"{""length"": 128, ""repeats"": 3, ""seed"": 2002, ""sequences"": 16}",timing.json,8172a6bd9c0c2e988223ed5385692cf0158d04387b60fddc29011f131bc84087,potential CPU contention; not isolated primary cost,"full causal sequence call: allocation, initial packing, BOS, token-table gather, decode, transition, projection, encode, after-write read, original FP32 norm/MLP; excludes optional MSE/norm diagnostics, gold, summaries, file I/O, model load and shared-table construction"
1,FULL_RESIDUAL_4_8,isolated,True,0.3269260020006186,"[0.33115824699962104, 0.3172923729998729, 0.3269260020006186]",0.15963183691436456,True,2,"{""length"": 128, ""repeats"": 3, ""seed"": 2002, ""sequences"": 16}",seed1.json,e6e77f868a729bc84796857a33bc8cf206258825247af50700abbf5d8346d6e4,reported isolated serial benchmark,"full causal sequence call: allocation, initial packing, BOS, token-table gather, decode, transition, projection, encode, after-write read, original FP32 norm/MLP; excludes optional MSE/norm diagnostics, gold, summaries, file I/O, model load and shared-table construction"
1,FULL_RESIDUAL_4_FP32,embedded,False,0.2147440300013841,"[0.21200085899909027, 0.22457589199984795, 0.2147440300013841]",0.10485548339911333,True,2,"{""length"": 128, ""repeats"": 3, ""seed"": 2002, ""sequences"": 16}",timing.json,8172a6bd9c0c2e988223ed5385692cf0158d04387b60fddc29011f131bc84087,potential CPU contention; not isolated primary cost,"full causal sequence call: allocation, initial packing, BOS, token-table gather, decode, transition, projection, encode, after-write read, original FP32 norm/MLP; excludes optional MSE/norm diagnostics, gold, summaries, file I/O, model load and shared-table construction"
1,FULL_RESIDUAL_4_FP32,isolated,True,0.21003582599951187,"[0.21003582599951187, 0.2200847120002436, 0.20300901900009194]",0.10255655566382416,True,2,"{""length"": 128, ""repeats"": 3, ""seed"": 2002, ""sequences"": 16}",seed1.json,e6e77f868a729bc84796857a33bc8cf206258825247af50700abbf5d8346d6e4,reported isolated serial benchmark,"full causal sequence call: allocation, initial packing, BOS, token-table gather, decode, transition, projection, encode, after-write read, original FP32 norm/MLP; excludes optional MSE/norm diagnostics, gold, summaries, file I/O, model load and shared-table construction"
1,LOWRANK_4_8_R1,embedded,False,0.2578225470006146,"[0.2667966909993993, 0.25676998700146214, 0.2578225470006146]",0.12588991552764384,True,2,"{""length"": 128, ""repeats"": 3, ""seed"": 2002, ""sequences"": 16}",timing.json,8172a6bd9c0c2e988223ed5385692cf0158d04387b60fddc29011f131bc84087,potential CPU contention; not isolated primary cost,"full causal sequence call: allocation, initial packing, BOS, token-table gather, decode, transition, projection, encode, after-write read, original FP32 norm/MLP; excludes optional MSE/norm diagnostics, gold, summaries, file I/O, model load and shared-table construction"
1,LOWRANK_4_8_R1,isolated,True,0.24800502600010077,"[0.24800502600010077, 0.24803469700054848, 0.24406882999937807]",0.1210962041016117,True,2,"{""length"": 128, ""repeats"": 3, ""seed"": 2002, ""sequences"": 16}",seed1.json,e6e77f868a729bc84796857a33bc8cf206258825247af50700abbf5d8346d6e4,reported isolated serial benchmark,"full causal sequence call: allocation, initial packing, BOS, token-table gather, decode, transition, projection, encode, after-write read, original FP32 norm/MLP; excludes optional MSE/norm diagnostics, gold, summaries, file I/O, model load and shared-table construction"
1,LOWRANK_4_8_R2,embedded,False,0.30279206599880126,"[0.3103543430006539, 0.29350889600027585, 0.30279206599880126]",0.14784768847597718,True,2,"{""length"": 128, ""repeats"": 3, ""seed"": 2002, ""sequences"": 16}",timing.json,8172a6bd9c0c2e988223ed5385692cf0158d04387b60fddc29011f131bc84087,potential CPU contention; not isolated primary cost,"full causal sequence call: allocation, initial packing, BOS, token-table gather, decode, transition, projection, encode, after-write read, original FP32 norm/MLP; excludes optional MSE/norm diagnostics, gold, summaries, file I/O, model load and shared-table construction"
1,LOWRANK_4_8_R2,isolated,True,0.3003138210006,"[0.29275093599972024, 0.3003138210006, 0.30887613500090083]",0.14663760791044922,True,2,"{""length"": 128, ""repeats"": 3, ""seed"": 2002, ""sequences"": 16}",seed1.json,e6e77f868a729bc84796857a33bc8cf206258825247af50700abbf5d8346d6e4,reported isolated serial benchmark,"full causal sequence call: allocation, initial packing, BOS, token-table gather, decode, transition, projection, encode, after-write read, original FP32 norm/MLP; excludes optional MSE/norm diagnostics, gold, summaries, file I/O, model load and shared-table construction"
1,LOWRANK_4_8_R4,embedded,False,0.3209000879996893,"[0.3209000879996893, 0.31808955899941793, 0.3334050110006501]",0.15668949609359828,True,2,"{""length"": 128, ""repeats"": 3, ""seed"": 2002, ""sequences"": 16}",timing.json,8172a6bd9c0c2e988223ed5385692cf0158d04387b60fddc29011f131bc84087,potential CPU contention; not isolated primary cost,"full causal sequence call: allocation, initial packing, BOS, token-table gather, decode, transition, projection, encode, after-write read, original FP32 norm/MLP; excludes optional MSE/norm diagnostics, gold, summaries, file I/O, model load and shared-table construction"
1,LOWRANK_4_8_R4,isolated,True,0.32523400300124194,"[0.33593549900069775, 0.32523400300124194, 0.3178819069999008]",0.15880566552795017,True,2,"{""length"": 128, ""repeats"": 3, ""seed"": 2002, ""sequences"": 16}",seed1.json,e6e77f868a729bc84796857a33bc8cf206258825247af50700abbf5d8346d6e4,reported isolated serial benchmark,"full causal sequence call: allocation, initial packing, BOS, token-table gather, decode, transition, projection, encode, after-write read, original FP32 norm/MLP; excludes optional MSE/norm diagnostics, gold, summaries, file I/O, model load and shared-table construction"
1,MIXED_4_8,embedded,False,0.197176395000497,"[0.18764338500113809, 0.20096613600071578, 0.197176395000497]",0.09627753662133642,True,2,"{""length"": 128, ""repeats"": 3, ""seed"": 2002, ""sequences"": 16}",timing.json,8172a6bd9c0c2e988223ed5385692cf0158d04387b60fddc29011f131bc84087,potential CPU contention; not isolated primary cost,"full causal sequence call: allocation, initial packing, BOS, token-table gather, decode, transition, projection, encode, after-write read, original FP32 norm/MLP; excludes optional MSE/norm diagnostics, gold, summaries, file I/O, model load and shared-table construction"
1,MIXED_4_8,isolated,True,0.19749954100007017,"[0.19749954100007017, 0.1908450390001235, 0.19843868399948406]",0.09643532275394051,True,2,"{""length"": 128, ""repeats"": 3, ""seed"": 2002, ""sequences"": 16}",seed1.json,e6e77f868a729bc84796857a33bc8cf206258825247af50700abbf5d8346d6e4,reported isolated serial benchmark,"full causal sequence call: allocation, initial packing, BOS, token-table gather, decode, transition, projection, encode, after-write read, original FP32 norm/MLP; excludes optional MSE/norm diagnostics, gold, summaries, file I/O, model load and shared-table construction"
1,MIXED_6_8,embedded,False,0.2268673159996979,"[0.22359467899877927, 0.23001095400104532, 0.2268673159996979]",0.11077505664047749,True,2,"{""length"": 128, ""repeats"": 3, ""seed"": 2002, ""sequences"": 16}",timing.json,8172a6bd9c0c2e988223ed5385692cf0158d04387b60fddc29011f131bc84087,potential CPU contention; not isolated primary cost,"full causal sequence call: allocation, initial packing, BOS, token-table gather, decode, transition, projection, encode, after-write read, original FP32 norm/MLP; excludes optional MSE/norm diagnostics, gold, summaries, file I/O, model load and shared-table construction"
1,MIXED_6_8,isolated,True,0.23528351500135614,"[0.22893168100017647, 0.24463418000050297, 0.23528351500135614]",0.11488452880925593,True,2,"{""length"": 128, ""repeats"": 3, ""seed"": 2002, ""sequences"": 16}",seed1.json,e6e77f868a729bc84796857a33bc8cf206258825247af50700abbf5d8346d6e4,reported isolated serial benchmark,"full causal sequence call: allocation, initial packing, BOS, token-table gather, decode, transition, projection, encode, after-write read, original FP32 norm/MLP; excludes optional MSE/norm diagnostics, gold, summaries, file I/O, model load and shared-table construction"
1,NATIVE_FP32,embedded,False,0.057800280999799725,"[0.057800280999799725, 0.05924553700060642, 0.05360875699989265]",0.02822279345693346,True,2,"{""length"": 128, ""repeats"": 3, ""seed"": 2002, ""sequences"": 16}",timing.json,8172a6bd9c0c2e988223ed5385692cf0158d04387b60fddc29011f131bc84087,potential CPU contention; not isolated primary cost,"full causal sequence call: allocation, initial packing, BOS, token-table gather, decode, transition, projection, encode, after-write read, original FP32 norm/MLP; excludes optional MSE/norm diagnostics, gold, summaries, file I/O, model load and shared-table construction"
1,NATIVE_FP32,isolated,True,0.05287739300001704,"[0.046117912001136574, 0.05287739300001704, 0.053576281999994535]",0.02581903955078957,True,2,"{""length"": 128, ""repeats"": 3, ""seed"": 2002, ""sequences"": 16}",seed1.json,e6e77f868a729bc84796857a33bc8cf206258825247af50700abbf5d8346d6e4,reported isolated serial benchmark,"full causal sequence call: allocation, initial packing, BOS, token-table gather, decode, transition, projection, encode, after-write read, original FP32 norm/MLP; excludes optional MSE/norm diagnostics, gold, summaries, file I/O, model load and shared-table construction"
1,STOCHASTIC_4,embedded,False,0.22128809700006968,"[0.22046264599885035, 0.22128809700006968, 0.2316619780012843]",0.10805082861331528,True,2,"{""length"": 128, ""repeats"": 3, ""seed"": 2002, ""sequences"": 16}",timing.json,8172a6bd9c0c2e988223ed5385692cf0158d04387b60fddc29011f131bc84087,potential CPU contention; not isolated primary cost,"full causal sequence call: allocation, initial packing, BOS, token-table gather, decode, transition, projection, encode, after-write read, original FP32 norm/MLP; excludes optional MSE/norm diagnostics, gold, summaries, file I/O, model load and shared-table construction"
1,STOCHASTIC_4,isolated,True,0.22286264700051106,"[0.22833883299972513, 0.22286264700051106, 0.21191587000066647]",0.10881965185571829,True,2,"{""length"": 128, ""repeats"": 3, ""seed"": 2002, ""sequences"": 16}",seed1.json,e6e77f868a729bc84796857a33bc8cf206258825247af50700abbf5d8346d6e4,reported isolated serial benchmark,"full causal sequence call: allocation, initial packing, BOS, token-table gather, decode, transition, projection, encode, after-write read, original FP32 norm/MLP; excludes optional MSE/norm diagnostics, gold, summaries, file I/O, model load and shared-table construction"
1,UNIFORM_10,embedded,False,0.29584634699858725,"[0.29584634699858725, 0.30101581900089514, 0.2925994630004425]",0.14445622412040393,True,2,"{""length"": 128, ""repeats"": 3, ""seed"": 2002, ""sequences"": 16}",timing.json,8172a6bd9c0c2e988223ed5385692cf0158d04387b60fddc29011f131bc84087,potential CPU contention; not isolated primary cost,"full causal sequence call: allocation, initial packing, BOS, token-table gather, decode, transition, projection, encode, after-write read, original FP32 norm/MLP; excludes optional MSE/norm diagnostics, gold, summaries, file I/O, model load and shared-table construction"
1,UNIFORM_10,isolated,True,0.284901686000012,"[0.2873621929993533, 0.284901686000012, 0.2823915429999033]",0.13911215136719335,True,2,"{""length"": 128, ""repeats"": 3, ""seed"": 2002, ""sequences"": 16}",seed1.json,e6e77f868a729bc84796857a33bc8cf206258825247af50700abbf5d8346d6e4,reported isolated serial benchmark,"full causal sequence call: allocation, initial packing, BOS, token-table gather, decode, transition, projection, encode, after-write read, original FP32 norm/MLP; excludes optional MSE/norm diagnostics, gold, summaries, file I/O, model load and shared-table construction"
1,UNIFORM_11,embedded,False,0.3345103800002107,"[0.3345103800002107, 0.34732825300125114, 0.32237181600066833]",0.1633351464844779,True,2,"{""length"": 128, ""repeats"": 3, ""seed"": 2002, ""sequences"": 16}",timing.json,8172a6bd9c0c2e988223ed5385692cf0158d04387b60fddc29011f131bc84087,potential CPU contention; not isolated primary cost,"full causal sequence call: allocation, initial packing, BOS, token-table gather, decode, transition, projection, encode, after-write read, original FP32 norm/MLP; excludes optional MSE/norm diagnostics, gold, summaries, file I/O, model load and shared-table construction"
1,UNIFORM_11,isolated,True,0.33815301100003126,"[0.3486300799995661, 0.32784660200013604, 0.33815301100003126]",0.165113774902359,True,2,"{""length"": 128, ""repeats"": 3, ""seed"": 2002, ""sequences"": 16}",seed1.json,e6e77f868a729bc84796857a33bc8cf206258825247af50700abbf5d8346d6e4,reported isolated serial benchmark,"full causal sequence call: allocation, initial packing, BOS, token-table gather, decode, transition, projection, encode, after-write read, original FP32 norm/MLP; excludes optional MSE/norm diagnostics, gold, summaries, file I/O, model load and shared-table construction"
1,UNIFORM_12,embedded,False,0.29424417200061725,"[0.3024138929995388, 0.29424417200061725, 0.2856662089998281]",0.1436739121096764,True,2,"{""length"": 128, ""repeats"": 3, ""seed"": 2002, ""sequences"": 16}",timing.json,8172a6bd9c0c2e988223ed5385692cf0158d04387b60fddc29011f131bc84087,potential CPU contention; not isolated primary cost,"full causal sequence call: allocation, initial packing, BOS, token-table gather, decode, transition, projection, encode, after-write read, original FP32 norm/MLP; excludes optional MSE/norm diagnostics, gold, summaries, file I/O, model load and shared-table construction"
1,UNIFORM_12,isolated,True,0.2985624619996088,"[0.31136018600045645, 0.2985624619996088, 0.28982977799932996]",0.14578245214824648,True,2,"{""length"": 128, ""repeats"": 3, ""seed"": 2002, ""sequences"": 16}",seed1.json,e6e77f868a729bc84796857a33bc8cf206258825247af50700abbf5d8346d6e4,reported isolated serial benchmark,"full causal sequence call: allocation, initial packing, BOS, token-table gather, decode, transition, projection, encode, after-write read, original FP32 norm/MLP; excludes optional MSE/norm diagnostics, gold, summaries, file I/O, model load and shared-table construction"
1,UNIFORM_13,embedded,False,0.36456285700114677,"[0.3684087900001032, 0.36456285700114677, 0.36059296799976437]",0.1780092075200912,True,2,"{""length"": 128, ""repeats"": 3, ""seed"": 2002, ""sequences"": 16}",timing.json,8172a6bd9c0c2e988223ed5385692cf0158d04387b60fddc29011f131bc84087,potential CPU contention; not isolated primary cost,"full causal sequence call: allocation, initial packing, BOS, token-table gather, decode, transition, projection, encode, after-write read, original FP32 norm/MLP; excludes optional MSE/norm diagnostics, gold, summaries, file I/O, model load and shared-table construction"
1,UNIFORM_13,isolated,True,0.3534598370006279,"[0.35225441199872876, 0.35897062699950766, 0.3534598370006279]",0.17258781103546283,True,2,"{""length"": 128, ""repeats"": 3, ""seed"": 2002, ""sequences"": 16}",seed1.json,e6e77f868a729bc84796857a33bc8cf206258825247af50700abbf5d8346d6e4,reported isolated serial benchmark,"full causal sequence call: allocation, initial packing, BOS, token-table gather, decode, transition, projection, encode, after-write read, original FP32 norm/MLP; excludes optional MSE/norm diagnostics, gold, summaries, file I/O, model load and shared-table construction"
1,UNIFORM_14,embedded,False,0.3507242840005347,"[0.34716234500046994, 0.3544924550005817, 0.3507242840005347]",0.17125209179713607,True,2,"{""length"": 128, ""repeats"": 3, ""seed"": 2002, ""sequences"": 16}",timing.json,8172a6bd9c0c2e988223ed5385692cf0158d04387b60fddc29011f131bc84087,potential CPU contention; not isolated primary cost,"full causal sequence call: allocation, initial packing, BOS, token-table gather, decode, transition, projection, encode, after-write read, original FP32 norm/MLP; excludes optional MSE/norm diagnostics, gold, summaries, file I/O, model load and shared-table construction"
1,UNIFORM_14,isolated,True,0.34186758900068526,"[0.33500607699897955, 0.34186758900068526, 0.34710541000094963]",0.16692753369174085,True,2,"{""length"": 128, ""repeats"": 3, ""seed"": 2002, ""sequences"": 16}",seed1.json,e6e77f868a729bc84796857a33bc8cf206258825247af50700abbf5d8346d6e4,reported isolated serial benchmark,"full causal sequence call: allocation, initial packing, BOS, token-table gather, decode, transition, projection, encode, after-write read, original FP32 norm/MLP; excludes optional MSE/norm diagnostics, gold, summaries, file I/O, model load and shared-table construction"
1,UNIFORM_15,embedded,False,0.37040454399902956,"[0.37040454399902956, 0.36687401800008956, 0.3732998129999032]",0.18086159374952615,True,2,"{""length"": 128, ""repeats"": 3, ""seed"": 2002, ""sequences"": 16}",timing.json,8172a6bd9c0c2e988223ed5385692cf0158d04387b60fddc29011f131bc84087,potential CPU contention; not isolated primary cost,"full causal sequence call: allocation, initial packing, BOS, token-table gather, decode, transition, projection, encode, after-write read, original FP32 norm/MLP; excludes optional MSE/norm diagnostics, gold, summaries, file I/O, model load and shared-table construction"
1,UNIFORM_15,isolated,True,0.3731209580000723,"[0.3761335359995428, 0.3659492179995141, 0.3731209580000723]",0.1821879677734728,True,2,"{""length"": 128, ""repeats"": 3, ""seed"": 2002, ""sequences"": 16}",seed1.json,e6e77f868a729bc84796857a33bc8cf206258825247af50700abbf5d8346d6e4,reported isolated serial benchmark,"full causal sequence call: allocation, initial packing, BOS, token-table gather, decode, transition, projection, encode, after-write read, original FP32 norm/MLP; excludes optional MSE/norm diagnostics, gold, summaries, file I/O, model load and shared-table construction"
1,UNIFORM_16,embedded,False,0.2919482940014859,"[0.2864868380002008, 0.2919482940014859, 0.29316254100012884]",0.14255287793041305,True,2,"{""length"": 128, ""repeats"": 3, ""seed"": 2002, ""sequences"": 16}",timing.json,8172a6bd9c0c2e988223ed5385692cf0158d04387b60fddc29011f131bc84087,potential CPU contention; not isolated primary cost,"full causal sequence call: allocation, initial packing, BOS, token-table gather, decode, transition, projection, encode, after-write read, original FP32 norm/MLP; excludes optional MSE/norm diagnostics, gold, summaries, file I/O, model load and shared-table construction"
1,UNIFORM_16,isolated,True,0.28405833699980576,"[0.2770872340006463, 0.2913239199988311, 0.28405833699980576]",0.1387003598631864,True,2,"{""length"": 128, ""repeats"": 3, ""seed"": 2002, ""sequences"": 16}",seed1.json,e6e77f868a729bc84796857a33bc8cf206258825247af50700abbf5d8346d6e4,reported isolated serial benchmark,"full causal sequence call: allocation, initial packing, BOS, token-table gather, decode, transition, projection, encode, after-write read, original FP32 norm/MLP; excludes optional MSE/norm diagnostics, gold, summaries, file I/O, model load and shared-table construction"
1,UNIFORM_2,embedded,False,0.2061548709989438,"[0.21011820300009276, 0.1982231559995853, 0.2061548709989438]",0.10066155810495303,True,2,"{""length"": 128, ""repeats"": 3, ""seed"": 2002, ""sequences"": 16}",timing.json,8172a6bd9c0c2e988223ed5385692cf0158d04387b60fddc29011f131bc84087,potential CPU contention; not isolated primary cost,"full causal sequence call: allocation, initial packing, BOS, token-table gather, decode, transition, projection, encode, after-write read, original FP32 norm/MLP; excludes optional MSE/norm diagnostics, gold, summaries, file I/O, model load and shared-table construction"
1,UNIFORM_2,isolated,True,0.20922864400017716,"[0.20987637500002165, 0.19167410200134327, 0.20922864400017716]",0.1021624238282115,True,2,"{""length"": 128, ""repeats"": 3, ""seed"": 2002, ""sequences"": 16}",seed1.json,e6e77f868a729bc84796857a33bc8cf206258825247af50700abbf5d8346d6e4,reported isolated serial benchmark,"full causal sequence call: allocation, initial packing, BOS, token-table gather, decode, transition, projection, encode, after-write read, original FP32 norm/MLP; excludes optional MSE/norm diagnostics, gold, summaries, file I/O, model load and shared-table construction"
1,UNIFORM_3,embedded,False,0.24496425399956934,"[0.24686683599975368, 0.24496425399956934, 0.2338869169998361]",0.11961145214822722,True,2,"{""length"": 128, ""repeats"": 3, ""seed"": 2002, ""sequences"": 16}",timing.json,8172a6bd9c0c2e988223ed5385692cf0158d04387b60fddc29011f131bc84087,potential CPU contention; not isolated primary cost,"full causal sequence call: allocation, initial packing, BOS, token-table gather, decode, transition, projection, encode, after-write read, original FP32 norm/MLP; excludes optional MSE/norm diagnostics, gold, summaries, file I/O, model load and shared-table construction"
1,UNIFORM_3,isolated,True,0.23848226199879718,"[0.2391939770004683, 0.23848226199879718, 0.2358656719989085]",0.11644641699160019,True,2,"{""length"": 128, ""repeats"": 3, ""seed"": 2002, ""sequences"": 16}",seed1.json,e6e77f868a729bc84796857a33bc8cf206258825247af50700abbf5d8346d6e4,reported isolated serial benchmark,"full causal sequence call: allocation, initial packing, BOS, token-table gather, decode, transition, projection, encode, after-write read, original FP32 norm/MLP; excludes optional MSE/norm diagnostics, gold, summaries, file I/O, model load and shared-table construction"
1,UNIFORM_4,embedded,False,0.1997348900003999,"[0.20513504600057786, 0.1997348900003999, 0.19243317900145485]",0.09752680175800776,True,2,"{""length"": 128, ""repeats"": 3, ""seed"": 2002, ""sequences"": 16}",timing.json,8172a6bd9c0c2e988223ed5385692cf0158d04387b60fddc29011f131bc84087,potential CPU contention; not isolated primary cost,"full causal sequence call: allocation, initial packing, BOS, token-table gather, decode, transition, projection, encode, after-write read, original FP32 norm/MLP; excludes optional MSE/norm diagnostics, gold, summaries, file I/O, model load and shared-table construction"
1,UNIFORM_4,isolated,True,0.19712858999992022,"[0.19687516200065147, 0.2142621370003326, 0.19712858999992022]",0.09625419433589855,True,2,"{""length"": 128, ""repeats"": 3, ""seed"": 2002, ""sequences"": 16}",seed1.json,e6e77f868a729bc84796857a33bc8cf206258825247af50700abbf5d8346d6e4,reported isolated serial benchmark,"full causal sequence call: allocation, initial packing, BOS, token-table gather, decode, transition, projection, encode, after-write read, original FP32 norm/MLP; excludes optional MSE/norm diagnostics, gold, summaries, file I/O, model load and shared-table construction"
1,UNIFORM_5,embedded,False,0.2620840079998743,"[0.25807443899975624, 0.2635238139991998, 0.2620840079998743]",0.12797070703118862,True,2,"{""length"": 128, ""repeats"": 3, ""seed"": 2002, ""sequences"": 16}",timing.json,8172a6bd9c0c2e988223ed5385692cf0158d04387b60fddc29011f131bc84087,potential CPU contention; not isolated primary cost,"full causal sequence call: allocation, initial packing, BOS, token-table gather, decode, transition, projection, encode, after-write read, original FP32 norm/MLP; excludes optional MSE/norm diagnostics, gold, summaries, file I/O, model load and shared-table construction"
1,UNIFORM_5,isolated,True,0.24964424800054985,"[0.26628481300031126, 0.24964424800054985, 0.24816736800130457]",0.12189660546901848,True,2,"{""length"": 128, ""repeats"": 3, ""seed"": 2002, ""sequences"": 16}",seed1.json,e6e77f868a729bc84796857a33bc8cf206258825247af50700abbf5d8346d6e4,reported isolated serial benchmark,"full causal sequence call: allocation, initial packing, BOS, token-table gather, decode, transition, projection, encode, after-write read, original FP32 norm/MLP; excludes optional MSE/norm diagnostics, gold, summaries, file I/O, model load and shared-table construction"
1,UNIFORM_6,embedded,False,0.2621643780003069,"[0.2621643780003069, 0.27621886400083895, 0.25209103300039715]",0.12800995019546235,True,2,"{""length"": 128, ""repeats"": 3, ""seed"": 2002, ""sequences"": 16}",timing.json,8172a6bd9c0c2e988223ed5385692cf0158d04387b60fddc29011f131bc84087,potential CPU contention; not isolated primary cost,"full causal sequence call: allocation, initial packing, BOS, token-table gather, decode, transition, projection, encode, after-write read, original FP32 norm/MLP; excludes optional MSE/norm diagnostics, gold, summaries, file I/O, model load and shared-table construction"
1,UNIFORM_6,isolated,True,0.2436334439989878,"[0.2436334439989878, 0.2399031990007643, 0.25344009499895037]",0.11896164257763076,True,2,"{""length"": 128, ""repeats"": 3, ""seed"": 2002, ""sequences"": 16}",seed1.json,e6e77f868a729bc84796857a33bc8cf206258825247af50700abbf5d8346d6e4,reported isolated serial benchmark,"full causal sequence call: allocation, initial packing, BOS, token-table gather, decode, transition, projection, encode, after-write read, original FP32 norm/MLP; excludes optional MSE/norm diagnostics, gold, summaries, file I/O, model load and shared-table construction"
1,UNIFORM_7,embedded,False,0.2814157510001678,"[0.27704075499968894, 0.2814157510001678, 0.2865063299996109]",0.13741003466805068,True,2,"{""length"": 128, ""repeats"": 3, ""seed"": 2002, ""sequences"": 16}",timing.json,8172a6bd9c0c2e988223ed5385692cf0158d04387b60fddc29011f131bc84087,potential CPU contention; not isolated primary cost,"full causal sequence call: allocation, initial packing, BOS, token-table gather, decode, transition, projection, encode, after-write read, original FP32 norm/MLP; excludes optional MSE/norm diagnostics, gold, summaries, file I/O, model load and shared-table construction"
1,UNIFORM_7,isolated,True,0.26500940100049775,"[0.27318689699859533, 0.26500940100049775, 0.26451524199910637]",0.1293991215822743,True,2,"{""length"": 128, ""repeats"": 3, ""seed"": 2002, ""sequences"": 16}",seed1.json,e6e77f868a729bc84796857a33bc8cf206258825247af50700abbf5d8346d6e4,reported isolated serial benchmark,"full causal sequence call: allocation, initial packing, BOS, token-table gather, decode, transition, projection, encode, after-write read, original FP32 norm/MLP; excludes optional MSE/norm diagnostics, gold, summaries, file I/O, model load and shared-table construction"
1,UNIFORM_8,embedded,False,0.202039779000188,"[0.202039779000188, 0.19399608399908175, 0.2071978650001256]",0.09865223583993554,True,2,"{""length"": 128, ""repeats"": 3, ""seed"": 2002, ""sequences"": 16}",timing.json,8172a6bd9c0c2e988223ed5385692cf0158d04387b60fddc29011f131bc84087,potential CPU contention; not isolated primary cost,"full causal sequence call: allocation, initial packing, BOS, token-table gather, decode, transition, projection, encode, after-write read, original FP32 norm/MLP; excludes optional MSE/norm diagnostics, gold, summaries, file I/O, model load and shared-table construction"
1,UNIFORM_8,isolated,True,0.18577581400131749,"[0.18918487200062373, 0.18577581400131749, 0.1821406709987059]",0.0907108466803308,True,2,"{""length"": 128, ""repeats"": 3, ""seed"": 2002, ""sequences"": 16}",seed1.json,e6e77f868a729bc84796857a33bc8cf206258825247af50700abbf5d8346d6e4,reported isolated serial benchmark,"full causal sequence call: allocation, initial packing, BOS, token-table gather, decode, transition, projection, encode, after-write read, original FP32 norm/MLP; excludes optional MSE/norm diagnostics, gold, summaries, file I/O, model load and shared-table construction"
1,UNIFORM_9,embedded,False,0.29947956499927386,"[0.29947956499927386, 0.29943506000017805, 0.30510774700087495]",0.1462302563473017,True,2,"{""length"": 128, ""repeats"": 3, ""seed"": 2002, ""sequences"": 16}",timing.json,8172a6bd9c0c2e988223ed5385692cf0158d04387b60fddc29011f131bc84087,potential CPU contention; not isolated primary cost,"full causal sequence call: allocation, initial packing, BOS, token-table gather, decode, transition, projection, encode, after-write read, original FP32 norm/MLP; excludes optional MSE/norm diagnostics, gold, summaries, file I/O, model load and shared-table construction"
1,UNIFORM_9,isolated,True,0.2932668499997817,"[0.2872186000004149, 0.2932668499997817, 0.3031435009997949]",0.1431967041014559,True,2,"{""length"": 128, ""repeats"": 3, ""seed"": 2002, ""sequences"": 16}",seed1.json,e6e77f868a729bc84796857a33bc8cf206258825247af50700abbf5d8346d6e4,reported isolated serial benchmark,"full causal sequence call: allocation, initial packing, BOS, token-table gather, decode, transition, projection, encode, after-write read, original FP32 norm/MLP; excludes optional MSE/norm diagnostics, gold, summaries, file I/O, model load and shared-table construction"
1,UNTRANSPORTED_4_4,embedded,False,0.32010617000014463,"[0.3278625210004975, 0.32010617000014463, 0.3155699769995408]",0.15630184082038312,True,2,"{""length"": 128, ""repeats"": 3, ""seed"": 2002, ""sequences"": 16}",timing.json,8172a6bd9c0c2e988223ed5385692cf0158d04387b60fddc29011f131bc84087,potential CPU contention; not isolated primary cost,"full causal sequence call: allocation, initial packing, BOS, token-table gather, decode, transition, projection, encode, after-write read, original FP32 norm/MLP; excludes optional MSE/norm diagnostics, gold, summaries, file I/O, model load and shared-table construction"
1,UNTRANSPORTED_4_4,isolated,True,0.31289444100002584,"[0.3324045720000868, 0.31289444100002584, 0.31066909299988765]",0.15278048876954387,True,2,"{""length"": 128, ""repeats"": 3, ""seed"": 2002, ""sequences"": 16}",seed1.json,e6e77f868a729bc84796857a33bc8cf206258825247af50700abbf5d8346d6e4,reported isolated serial benchmark,"full causal sequence call: allocation, initial packing, BOS, token-table gather, decode, transition, projection, encode, after-write read, original FP32 norm/MLP; excludes optional MSE/norm diagnostics, gold, summaries, file I/O, model load and shared-table construction"
2,FULL_RESIDUAL_4_4,embedded,False,0.32855576899964944,"[0.32860347000132606, 0.32505657199908455, 0.32855576899964944]",0.16042762158186008,True,2,"{""length"": 128, ""repeats"": 3, ""seed"": 2002, ""sequences"": 16}",timing.json,d0b0e1c207319477c0cbd3747e31785255bc3cec2df446143a1ef4a7b104c2be,potential CPU contention; not isolated primary cost,"full causal sequence call: allocation, initial packing, BOS, token-table gather, decode, transition, projection, encode, after-write read, original FP32 norm/MLP; excludes optional MSE/norm diagnostics, gold, summaries, file I/O, model load and shared-table construction"
2,FULL_RESIDUAL_4_4,isolated,True,0.30928975399910996,"[0.30928975399910996, 0.31378801800019573, 0.30807388899847865]",0.1510203876948779,True,2,"{""length"": 128, ""repeats"": 3, ""seed"": 2002, ""sequences"": 16}",seed2.json,ebe827a6882d5addc3468f8d5bc3b49e63f8318db1f96511bc859fb2a33f5587,reported isolated serial benchmark,"full causal sequence call: allocation, initial packing, BOS, token-table gather, decode, transition, projection, encode, after-write read, original FP32 norm/MLP; excludes optional MSE/norm diagnostics, gold, summaries, file I/O, model load and shared-table construction"
2,FULL_RESIDUAL_4_8,embedded,False,0.340878803999658,"[0.34146388699991803, 0.32696101699912106, 0.340878803999658]",0.166444728515458,True,2,"{""length"": 128, ""repeats"": 3, ""seed"": 2002, ""sequences"": 16}",timing.json,d0b0e1c207319477c0cbd3747e31785255bc3cec2df446143a1ef4a7b104c2be,potential CPU contention; not isolated primary cost,"full causal sequence call: allocation, initial packing, BOS, token-table gather, decode, transition, projection, encode, after-write read, original FP32 norm/MLP; excludes optional MSE/norm diagnostics, gold, summaries, file I/O, model load and shared-table construction"
2,FULL_RESIDUAL_4_8,isolated,True,0.32871946500017657,"[0.30641061999995145, 0.32871946500017657, 0.33511720500064257]",0.16050755126961747,True,2,"{""length"": 128, ""repeats"": 3, ""seed"": 2002, ""sequences"": 16}",seed2.json,ebe827a6882d5addc3468f8d5bc3b49e63f8318db1f96511bc859fb2a33f5587,reported isolated serial benchmark,"full causal sequence call: allocation, initial packing, BOS, token-table gather, decode, transition, projection, encode, after-write read, original FP32 norm/MLP; excludes optional MSE/norm diagnostics, gold, summaries, file I/O, model load and shared-table construction"
2,FULL_RESIDUAL_4_FP32,embedded,False,0.22540775800007395,"[0.21786224900097295, 0.2393336779987294, 0.22540775800007395]",0.11006238183597361,True,2,"{""length"": 128, ""repeats"": 3, ""seed"": 2002, ""sequences"": 16}",timing.json,d0b0e1c207319477c0cbd3747e31785255bc3cec2df446143a1ef4a7b104c2be,potential CPU contention; not isolated primary cost,"full causal sequence call: allocation, initial packing, BOS, token-table gather, decode, transition, projection, encode, after-write read, original FP32 norm/MLP; excludes optional MSE/norm diagnostics, gold, summaries, file I/O, model load and shared-table construction"
2,FULL_RESIDUAL_4_FP32,isolated,True,0.20676866299982066,"[0.20278609599881747, 0.20676866299982066, 0.21090417300001718]",0.10096126123038118,True,2,"{""length"": 128, ""repeats"": 3, ""seed"": 2002, ""sequences"": 16}",seed2.json,ebe827a6882d5addc3468f8d5bc3b49e63f8318db1f96511bc859fb2a33f5587,reported isolated serial benchmark,"full causal sequence call: allocation, initial packing, BOS, token-table gather, decode, transition, projection, encode, after-write read, original FP32 norm/MLP; excludes optional MSE/norm diagnostics, gold, summaries, file I/O, model load and shared-table construction"
2,LOWRANK_4_8_R1,embedded,False,0.2619065269991552,"[0.2537111500005267, 0.2619065269991552, 0.27381391800008714]",0.12788404638630624,True,2,"{""length"": 128, ""repeats"": 3, ""seed"": 2002, ""sequences"": 16}",timing.json,d0b0e1c207319477c0cbd3747e31785255bc3cec2df446143a1ef4a7b104c2be,potential CPU contention; not isolated primary cost,"full causal sequence call: allocation, initial packing, BOS, token-table gather, decode, transition, projection, encode, after-write read, original FP32 norm/MLP; excludes optional MSE/norm diagnostics, gold, summaries, file I/O, model load and shared-table construction"
2,LOWRANK_4_8_R1,isolated,True,0.24739774400040915,"[0.24739774400040915, 0.2514763300005143, 0.2370268529994064]",0.12079967968769978,True,2,"{""length"": 128, ""repeats"": 3, ""seed"": 2002, ""sequences"": 16}",seed2.json,ebe827a6882d5addc3468f8d5bc3b49e63f8318db1f96511bc859fb2a33f5587,reported isolated serial benchmark,"full causal sequence call: allocation, initial packing, BOS, token-table gather, decode, transition, projection, encode, after-write read, original FP32 norm/MLP; excludes optional MSE/norm diagnostics, gold, summaries, file I/O, model load and shared-table construction"
2,LOWRANK_4_8_R2,embedded,False,0.2875880169995071,"[0.2875880169995071, 0.29468607399940083, 0.2824023560006026]",0.14042383642554057,True,2,"{""length"": 128, ""repeats"": 3, ""seed"": 2002, ""sequences"": 16}",timing.json,d0b0e1c207319477c0cbd3747e31785255bc3cec2df446143a1ef4a7b104c2be,potential CPU contention; not isolated primary cost,"full causal sequence call: allocation, initial packing, BOS, token-table gather, decode, transition, projection, encode, after-write read, original FP32 norm/MLP; excludes optional MSE/norm diagnostics, gold, summaries, file I/O, model load and shared-table construction"
2,LOWRANK_4_8_R2,isolated,True,0.3014156980007101,"[0.3014156980007101, 0.31851744699997653, 0.28786170899911667]",0.14717563378940923,True,2,"{""length"": 128, ""repeats"": 3, ""seed"": 2002, ""sequences"": 16}",seed2.json,ebe827a6882d5addc3468f8d5bc3b49e63f8318db1f96511bc859fb2a33f5587,reported isolated serial benchmark,"full causal sequence call: allocation, initial packing, BOS, token-table gather, decode, transition, projection, encode, after-write read, original FP32 norm/MLP; excludes optional MSE/norm diagnostics, gold, summaries, file I/O, model load and shared-table construction"
2,LOWRANK_4_8_R4,embedded,False,0.3304651849994116,"[0.3304651849994116, 0.3109190249997482, 0.34213481600090745]",0.16135995361299393,True,2,"{""length"": 128, ""repeats"": 3, ""seed"": 2002, ""sequences"": 16}",timing.json,d0b0e1c207319477c0cbd3747e31785255bc3cec2df446143a1ef4a7b104c2be,potential CPU contention; not isolated primary cost,"full causal sequence call: allocation, initial packing, BOS, token-table gather, decode, transition, projection, encode, after-write read, original FP32 norm/MLP; excludes optional MSE/norm diagnostics, gold, summaries, file I/O, model load and shared-table construction"
2,LOWRANK_4_8_R4,isolated,True,0.3183973140003218,"[0.3183973140003218, 0.3194798560016352, 0.3179292879995046]",0.15546743847671962,True,2,"{""length"": 128, ""repeats"": 3, ""seed"": 2002, ""sequences"": 16}",seed2.json,ebe827a6882d5addc3468f8d5bc3b49e63f8318db1f96511bc859fb2a33f5587,reported isolated serial benchmark,"full causal sequence call: allocation, initial packing, BOS, token-table gather, decode, transition, projection, encode, after-write read, original FP32 norm/MLP; excludes optional MSE/norm diagnostics, gold, summaries, file I/O, model load and shared-table construction"
2,MIXED_4_8,embedded,False,0.20535410799857345,"[0.20971084000120754, 0.20535410799857345, 0.18836331999955291]",0.10027056054617844,True,2,"{""length"": 128, ""repeats"": 3, ""seed"": 2002, ""sequences"": 16}",timing.json,d0b0e1c207319477c0cbd3747e31785255bc3cec2df446143a1ef4a7b104c2be,potential CPU contention; not isolated primary cost,"full causal sequence call: allocation, initial packing, BOS, token-table gather, decode, transition, projection, encode, after-write read, original FP32 norm/MLP; excludes optional MSE/norm diagnostics, gold, summaries, file I/O, model load and shared-table construction"
2,MIXED_4_8,isolated,True,0.20282163999945624,"[0.20282163999945624, 0.19262310600061028, 0.20768854299967643]",0.09903400390598449,True,2,"{""length"": 128, ""repeats"": 3, ""seed"": 2002, ""sequences"": 16}",seed2.json,ebe827a6882d5addc3468f8d5bc3b49e63f8318db1f96511bc859fb2a33f5587,reported isolated serial benchmark,"full causal sequence call: allocation, initial packing, BOS, token-table gather, decode, transition, projection, encode, after-write read, original FP32 norm/MLP; excludes optional MSE/norm diagnostics, gold, summaries, file I/O, model load and shared-table construction"
2,MIXED_6_8,embedded,False,0.2245398019986169,"[0.22258947400041507, 0.2245398019986169, 0.23532928199892922]",0.10963857519463716,True,2,"{""length"": 128, ""repeats"": 3, ""seed"": 2002, ""sequences"": 16}",timing.json,d0b0e1c207319477c0cbd3747e31785255bc3cec2df446143a1ef4a7b104c2be,potential CPU contention; not isolated primary cost,"full causal sequence call: allocation, initial packing, BOS, token-table gather, decode, transition, projection, encode, after-write read, original FP32 norm/MLP; excludes optional MSE/norm diagnostics, gold, summaries, file I/O, model load and shared-table construction"
2,MIXED_6_8,isolated,True,0.23368007899989607,"[0.23368007899989607, 0.22353095499966003, 0.23396243399838568]",0.114101601074168,True,2,"{""length"": 128, ""repeats"": 3, ""seed"": 2002, ""sequences"": 16}",seed2.json,ebe827a6882d5addc3468f8d5bc3b49e63f8318db1f96511bc859fb2a33f5587,reported isolated serial benchmark,"full causal sequence call: allocation, initial packing, BOS, token-table gather, decode, transition, projection, encode, after-write read, original FP32 norm/MLP; excludes optional MSE/norm diagnostics, gold, summaries, file I/O, model load and shared-table construction"
2,NATIVE_FP32,embedded,False,0.04928245599876391,"[0.04928245599876391, 0.049415744999350864, 0.04760137300036149]",0.02406369921814644,True,2,"{""length"": 128, ""repeats"": 3, ""seed"": 2002, ""sequences"": 16}",timing.json,d0b0e1c207319477c0cbd3747e31785255bc3cec2df446143a1ef4a7b104c2be,potential CPU contention; not isolated primary cost,"full causal sequence call: allocation, initial packing, BOS, token-table gather, decode, transition, projection, encode, after-write read, original FP32 norm/MLP; excludes optional MSE/norm diagnostics, gold, summaries, file I/O, model load and shared-table construction"
2,NATIVE_FP32,isolated,True,0.05025107899928116,"[0.06136844300090161, 0.04914899499999592, 0.05025107899928116]",0.024536659667617755,True,2,"{""length"": 128, ""repeats"": 3, ""seed"": 2002, ""sequences"": 16}",seed2.json,ebe827a6882d5addc3468f8d5bc3b49e63f8318db1f96511bc859fb2a33f5587,reported isolated serial benchmark,"full causal sequence call: allocation, initial packing, BOS, token-table gather, decode, transition, projection, encode, after-write read, original FP32 norm/MLP; excludes optional MSE/norm diagnostics, gold, summaries, file I/O, model load and shared-table construction"
2,STOCHASTIC_4,embedded,False,0.22105595399989397,"[0.21914409900091414, 0.2248391350003658, 0.22105595399989397]",0.10793747753901073,True,2,"{""length"": 128, ""repeats"": 3, ""seed"": 2002, ""sequences"": 16}",timing.json,d0b0e1c207319477c0cbd3747e31785255bc3cec2df446143a1ef4a7b104c2be,potential CPU contention; not isolated primary cost,"full causal sequence call: allocation, initial packing, BOS, token-table gather, decode, transition, projection, encode, after-write read, original FP32 norm/MLP; excludes optional MSE/norm diagnostics, gold, summaries, file I/O, model load and shared-table construction"
2,STOCHASTIC_4,isolated,True,0.21444671899917012,"[0.21221694099949673, 0.2259705259984912, 0.21444671899917012]",0.10471031201131353,True,2,"{""length"": 128, ""repeats"": 3, ""seed"": 2002, ""sequences"": 16}",seed2.json,ebe827a6882d5addc3468f8d5bc3b49e63f8318db1f96511bc859fb2a33f5587,reported isolated serial benchmark,"full causal sequence call: allocation, initial packing, BOS, token-table gather, decode, transition, projection, encode, after-write read, original FP32 norm/MLP; excludes optional MSE/norm diagnostics, gold, summaries, file I/O, model load and shared-table construction"
2,UNIFORM_10,embedded,False,0.30498060999889276,"[0.30498060999889276, 0.31016781499965873, 0.28570712600048864]",0.14891631347602186,True,2,"{""length"": 128, ""repeats"": 3, ""seed"": 2002, ""sequences"": 16}",timing.json,d0b0e1c207319477c0cbd3747e31785255bc3cec2df446143a1ef4a7b104c2be,potential CPU contention; not isolated primary cost,"full causal sequence call: allocation, initial packing, BOS, token-table gather, decode, transition, projection, encode, after-write read, original FP32 norm/MLP; excludes optional MSE/norm diagnostics, gold, summaries, file I/O, model load and shared-table construction"
2,UNIFORM_10,isolated,True,0.30321638100031123,"[0.3119606460004434, 0.30321638100031123, 0.29697252200094226]",0.14805487353530822,True,2,"{""length"": 128, ""repeats"": 3, ""seed"": 2002, ""sequences"": 16}",seed2.json,ebe827a6882d5addc3468f8d5bc3b49e63f8318db1f96511bc859fb2a33f5587,reported isolated serial benchmark,"full causal sequence call: allocation, initial packing, BOS, token-table gather, decode, transition, projection, encode, after-write read, original FP32 norm/MLP; excludes optional MSE/norm diagnostics, gold, summaries, file I/O, model load and shared-table construction"
2,UNIFORM_11,embedded,False,0.3516600359998847,"[0.3347707060001994, 0.35806565300117654, 0.3516600359998847]",0.1717090019530687,True,2,"{""length"": 128, ""repeats"": 3, ""seed"": 2002, ""sequences"": 16}",timing.json,d0b0e1c207319477c0cbd3747e31785255bc3cec2df446143a1ef4a7b104c2be,potential CPU contention; not isolated primary cost,"full causal sequence call: allocation, initial packing, BOS, token-table gather, decode, transition, projection, encode, after-write read, original FP32 norm/MLP; excludes optional MSE/norm diagnostics, gold, summaries, file I/O, model load and shared-table construction"
2,UNIFORM_11,isolated,True,0.33805891100018925,"[0.33805891100018925, 0.349886169000456, 0.3298615620005876]",0.16506782763681116,True,2,"{""length"": 128, ""repeats"": 3, ""seed"": 2002, ""sequences"": 16}",seed2.json,ebe827a6882d5addc3468f8d5bc3b49e63f8318db1f96511bc859fb2a33f5587,reported isolated serial benchmark,"full causal sequence call: allocation, initial packing, BOS, token-table gather, decode, transition, projection, encode, after-write read, original FP32 norm/MLP; excludes optional MSE/norm diagnostics, gold, summaries, file I/O, model load and shared-table construction"
2,UNIFORM_12,embedded,False,0.29350720799993724,"[0.29928780600130267, 0.29350720799993724, 0.2931939539994346]",0.14331406640621935,True,2,"{""length"": 128, ""repeats"": 3, ""seed"": 2002, ""sequences"": 16}",timing.json,d0b0e1c207319477c0cbd3747e31785255bc3cec2df446143a1ef4a7b104c2be,potential CPU contention; not isolated primary cost,"full causal sequence call: allocation, initial packing, BOS, token-table gather, decode, transition, projection, encode, after-write read, original FP32 norm/MLP; excludes optional MSE/norm diagnostics, gold, summaries, file I/O, model load and shared-table construction"
2,UNIFORM_12,isolated,True,0.2916914769994037,"[0.2916914769994037, 0.29000389000066207, 0.2964994280009705]",0.14242747900361508,True,2,"{""length"": 128, ""repeats"": 3, ""seed"": 2002, ""sequences"": 16}",seed2.json,ebe827a6882d5addc3468f8d5bc3b49e63f8318db1f96511bc859fb2a33f5587,reported isolated serial benchmark,"full causal sequence call: allocation, initial packing, BOS, token-table gather, decode, transition, projection, encode, after-write read, original FP32 norm/MLP; excludes optional MSE/norm diagnostics, gold, summaries, file I/O, model load and shared-table construction"
2,UNIFORM_13,embedded,False,0.35573578699950303,"[0.35009150999940175, 0.35573578699950303, 0.36913294899932225]",0.1736991147458511,True,2,"{""length"": 128, ""repeats"": 3, ""seed"": 2002, ""sequences"": 16}",timing.json,d0b0e1c207319477c0cbd3747e31785255bc3cec2df446143a1ef4a7b104c2be,potential CPU contention; not isolated primary cost,"full causal sequence call: allocation, initial packing, BOS, token-table gather, decode, transition, projection, encode, after-write read, original FP32 norm/MLP; excludes optional MSE/norm diagnostics, gold, summaries, file I/O, model load and shared-table construction"
2,UNIFORM_13,isolated,True,0.35109310100051516,"[0.34782699099923775, 0.35109310100051516, 0.3575070520000736]",0.1714321782229078,True,2,"{""length"": 128, ""repeats"": 3, ""seed"": 2002, ""sequences"": 16}",seed2.json,ebe827a6882d5addc3468f8d5bc3b49e63f8318db1f96511bc859fb2a33f5587,reported isolated serial benchmark,"full causal sequence call: allocation, initial packing, BOS, token-table gather, decode, transition, projection, encode, after-write read, original FP32 norm/MLP; excludes optional MSE/norm diagnostics, gold, summaries, file I/O, model load and shared-table construction"
2,UNIFORM_14,embedded,False,0.34850329400069313,"[0.35843012600162183, 0.34850329400069313, 0.3465606140016462]",0.17016762402377594,True,2,"{""length"": 128, ""repeats"": 3, ""seed"": 2002, ""sequences"": 16}",timing.json,d0b0e1c207319477c0cbd3747e31785255bc3cec2df446143a1ef4a7b104c2be,potential CPU contention; not isolated primary cost,"full causal sequence call: allocation, initial packing, BOS, token-table gather, decode, transition, projection, encode, after-write read, original FP32 norm/MLP; excludes optional MSE/norm diagnostics, gold, summaries, file I/O, model load and shared-table construction"
2,UNIFORM_14,isolated,True,0.36015984200093953,"[0.36015984200093953, 0.36808445799943, 0.3361343209999177]",0.17585929785202126,True,2,"{""length"": 128, ""repeats"": 3, ""seed"": 2002, ""sequences"": 16}",seed2.json,ebe827a6882d5addc3468f8d5bc3b49e63f8318db1f96511bc859fb2a33f5587,reported isolated serial benchmark,"full causal sequence call: allocation, initial packing, BOS, token-table gather, decode, transition, projection, encode, after-write read, original FP32 norm/MLP; excludes optional MSE/norm diagnostics, gold, summaries, file I/O, model load and shared-table construction"
2,UNIFORM_15,embedded,False,0.3758307469997817,"[0.3758307469997817, 0.3673899529985647, 0.39081663100114383]",0.18351110693348716,True,2,"{""length"": 128, ""repeats"": 3, ""seed"": 2002, ""sequences"": 16}",timing.json,d0b0e1c207319477c0cbd3747e31785255bc3cec2df446143a1ef4a7b104c2be,potential CPU contention; not isolated primary cost,"full causal sequence call: allocation, initial packing, BOS, token-table gather, decode, transition, projection, encode, after-write read, original FP32 norm/MLP; excludes optional MSE/norm diagnostics, gold, summaries, file I/O, model load and shared-table construction"
2,UNIFORM_15,isolated,True,0.3640254600013577,"[0.3640254600013577, 0.35456071400039946, 0.3695402600005764]",0.17774680664128795,True,2,"{""length"": 128, ""repeats"": 3, ""seed"": 2002, ""sequences"": 16}",seed2.json,ebe827a6882d5addc3468f8d5bc3b49e63f8318db1f96511bc859fb2a33f5587,reported isolated serial benchmark,"full causal sequence call: allocation, initial packing, BOS, token-table gather, decode, transition, projection, encode, after-write read, original FP32 norm/MLP; excludes optional MSE/norm diagnostics, gold, summaries, file I/O, model load and shared-table construction"
2,UNIFORM_16,embedded,False,0.29631765600061044,"[0.30171949500072515, 0.29631765600061044, 0.28758649399969727]",0.14468635546904807,True,2,"{""length"": 128, ""repeats"": 3, ""seed"": 2002, ""sequences"": 16}",timing.json,d0b0e1c207319477c0cbd3747e31785255bc3cec2df446143a1ef4a7b104c2be,potential CPU contention; not isolated primary cost,"full causal sequence call: allocation, initial packing, BOS, token-table gather, decode, transition, projection, encode, after-write read, original FP32 norm/MLP; excludes optional MSE/norm diagnostics, gold, summaries, file I/O, model load and shared-table construction"
2,UNIFORM_16,isolated,True,0.2800469339999836,"[0.2774651529998664, 0.2800469339999836, 0.2814421660004882]",0.1367416669921795,True,2,"{""length"": 128, ""repeats"": 3, ""seed"": 2002, ""sequences"": 16}",seed2.json,ebe827a6882d5addc3468f8d5bc3b49e63f8318db1f96511bc859fb2a33f5587,reported isolated serial benchmark,"full causal sequence call: allocation, initial packing, BOS, token-table gather, decode, transition, projection, encode, after-write read, original FP32 norm/MLP; excludes optional MSE/norm diagnostics, gold, summaries, file I/O, model load and shared-table construction"
2,UNIFORM_2,embedded,False,0.2057263040005637,"[0.20724786199934897, 0.2057263040005637, 0.20406706699941424]",0.10045229687527524,True,2,"{""length"": 128, ""repeats"": 3, ""seed"": 2002, ""sequences"": 16}",timing.json,d0b0e1c207319477c0cbd3747e31785255bc3cec2df446143a1ef4a7b104c2be,potential CPU contention; not isolated primary cost,"full causal sequence call: allocation, initial packing, BOS, token-table gather, decode, transition, projection, encode, after-write read, original FP32 norm/MLP; excludes optional MSE/norm diagnostics, gold, summaries, file I/O, model load and shared-table construction"
2,UNIFORM_2,isolated,True,0.2096966529989004,"[0.21346160599932773, 0.1974268710000615, 0.2096966529989004]",0.10239094384711933,True,2,"{""length"": 128, ""repeats"": 3, ""seed"": 2002, ""sequences"": 16}",seed2.json,ebe827a6882d5addc3468f8d5bc3b49e63f8318db1f96511bc859fb2a33f5587,reported isolated serial benchmark,"full causal sequence call: allocation, initial packing, BOS, token-table gather, decode, transition, projection, encode, after-write read, original FP32 norm/MLP; excludes optional MSE/norm diagnostics, gold, summaries, file I/O, model load and shared-table construction"
2,UNIFORM_3,embedded,False,0.23301098699994327,"[0.23301098699994327, 0.2325813890001882, 0.24030602099992393]",0.11377489599606605,True,2,"{""length"": 128, ""repeats"": 3, ""seed"": 2002, ""sequences"": 16}",timing.json,d0b0e1c207319477c0cbd3747e31785255bc3cec2df446143a1ef4a7b104c2be,potential CPU contention; not isolated primary cost,"full causal sequence call: allocation, initial packing, BOS, token-table gather, decode, transition, projection, encode, after-write read, original FP32 norm/MLP; excludes optional MSE/norm diagnostics, gold, summaries, file I/O, model load and shared-table construction"
2,UNIFORM_3,isolated,True,0.24138158099958673,"[0.23430401999939932, 0.26257423699826177, 0.24138158099958673]",0.11786210009745446,True,2,"{""length"": 128, ""repeats"": 3, ""seed"": 2002, ""sequences"": 16}",seed2.json,ebe827a6882d5addc3468f8d5bc3b49e63f8318db1f96511bc859fb2a33f5587,reported isolated serial benchmark,"full causal sequence call: allocation, initial packing, BOS, token-table gather, decode, transition, projection, encode, after-write read, original FP32 norm/MLP; excludes optional MSE/norm diagnostics, gold, summaries, file I/O, model load and shared-table construction"
2,UNIFORM_4,embedded,False,0.1980782500013447,"[0.20020257299984223, 0.19639655300125014, 0.1980782500013447]",0.0967178955084691,True,2,"{""length"": 128, ""repeats"": 3, ""seed"": 2002, ""sequences"": 16}",timing.json,d0b0e1c207319477c0cbd3747e31785255bc3cec2df446143a1ef4a7b104c2be,potential CPU contention; not isolated primary cost,"full causal sequence call: allocation, initial packing, BOS, token-table gather, decode, transition, projection, encode, after-write read, original FP32 norm/MLP; excludes optional MSE/norm diagnostics, gold, summaries, file I/O, model load and shared-table construction"
2,UNIFORM_4,isolated,True,0.20659870300005423,"[0.20659870300005423, 0.21378583899968362, 0.20636123800068162]",0.10087827294924523,True,2,"{""length"": 128, ""repeats"": 3, ""seed"": 2002, ""sequences"": 16}",seed2.json,ebe827a6882d5addc3468f8d5bc3b49e63f8318db1f96511bc859fb2a33f5587,reported isolated serial benchmark,"full causal sequence call: allocation, initial packing, BOS, token-table gather, decode, transition, projection, encode, after-write read, original FP32 norm/MLP; excludes optional MSE/norm diagnostics, gold, summaries, file I/O, model load and shared-table construction"
2,UNIFORM_5,embedded,False,0.2734517520002555,"[0.26815805899968836, 0.2869653299985657, 0.2734517520002555]",0.13352136328137476,True,2,"{""length"": 128, ""repeats"": 3, ""seed"": 2002, ""sequences"": 16}",timing.json,d0b0e1c207319477c0cbd3747e31785255bc3cec2df446143a1ef4a7b104c2be,potential CPU contention; not isolated primary cost,"full causal sequence call: allocation, initial packing, BOS, token-table gather, decode, transition, projection, encode, after-write read, original FP32 norm/MLP; excludes optional MSE/norm diagnostics, gold, summaries, file I/O, model load and shared-table construction"
2,UNIFORM_5,isolated,True,0.26177926099990145,"[0.25434312600009434, 0.26177926099990145, 0.2633120760001475]",0.12782190478510813,True,2,"{""length"": 128, ""repeats"": 3, ""seed"": 2002, ""sequences"": 16}",seed2.json,ebe827a6882d5addc3468f8d5bc3b49e63f8318db1f96511bc859fb2a33f5587,reported isolated serial benchmark,"full causal sequence call: allocation, initial packing, BOS, token-table gather, decode, transition, projection, encode, after-write read, original FP32 norm/MLP; excludes optional MSE/norm diagnostics, gold, summaries, file I/O, model load and shared-table construction"
2,UNIFORM_6,embedded,False,0.2587177379991772,"[0.2479158179994556, 0.2589664979986992, 0.2587177379991772]",0.12632702050741074,True,2,"{""length"": 128, ""repeats"": 3, ""seed"": 2002, ""sequences"": 16}",timing.json,d0b0e1c207319477c0cbd3747e31785255bc3cec2df446143a1ef4a7b104c2be,potential CPU contention; not isolated primary cost,"full causal sequence call: allocation, initial packing, BOS, token-table gather, decode, transition, projection, encode, after-write read, original FP32 norm/MLP; excludes optional MSE/norm diagnostics, gold, summaries, file I/O, model load and shared-table construction"
2,UNIFORM_6,isolated,True,0.2673698800008424,"[0.2673698800008424, 0.27191528900038975, 0.25415399899975455]",0.13055169921916132,True,2,"{""length"": 128, ""repeats"": 3, ""seed"": 2002, ""sequences"": 16}",seed2.json,ebe827a6882d5addc3468f8d5bc3b49e63f8318db1f96511bc859fb2a33f5587,reported isolated serial benchmark,"full causal sequence call: allocation, initial packing, BOS, token-table gather, decode, transition, projection, encode, after-write read, original FP32 norm/MLP; excludes optional MSE/norm diagnostics, gold, summaries, file I/O, model load and shared-table construction"
2,UNIFORM_7,embedded,False,0.2968543290007801,"[0.2747856360001606, 0.2968543290007801, 0.2985653200012166]",0.14494840283241217,True,2,"{""length"": 128, ""repeats"": 3, ""seed"": 2002, ""sequences"": 16}",timing.json,d0b0e1c207319477c0cbd3747e31785255bc3cec2df446143a1ef4a7b104c2be,potential CPU contention; not isolated primary cost,"full causal sequence call: allocation, initial packing, BOS, token-table gather, decode, transition, projection, encode, after-write read, original FP32 norm/MLP; excludes optional MSE/norm diagnostics, gold, summaries, file I/O, model load and shared-table construction"
2,UNIFORM_7,isolated,True,0.2690194059996429,"[0.2690194059996429, 0.2812057430001005, 0.26896696699986933]",0.13135713183576314,True,2,"{""length"": 128, ""repeats"": 3, ""seed"": 2002, ""sequences"": 16}",seed2.json,ebe827a6882d5addc3468f8d5bc3b49e63f8318db1f96511bc859fb2a33f5587,reported isolated serial benchmark,"full causal sequence call: allocation, initial packing, BOS, token-table gather, decode, transition, projection, encode, after-write read, original FP32 norm/MLP; excludes optional MSE/norm diagnostics, gold, summaries, file I/O, model load and shared-table construction"
2,UNIFORM_8,embedded,False,0.20118047800133354,"[0.20118047800133354, 0.19729041699974914, 0.20844400100031635]",0.09823265527408864,True,2,"{""length"": 128, ""repeats"": 3, ""seed"": 2002, ""sequences"": 16}",timing.json,d0b0e1c207319477c0cbd3747e31785255bc3cec2df446143a1ef4a7b104c2be,potential CPU contention; not isolated primary cost,"full causal sequence call: allocation, initial packing, BOS, token-table gather, decode, transition, projection, encode, after-write read, original FP32 norm/MLP; excludes optional MSE/norm diagnostics, gold, summaries, file I/O, model load and shared-table construction"
2,UNIFORM_8,isolated,True,0.2021398130000307,"[0.2021398130000307, 0.20499748899965198, 0.19927180000013323]",0.09870108056642124,True,2,"{""length"": 128, ""repeats"": 3, ""seed"": 2002, ""sequences"": 16}",seed2.json,ebe827a6882d5addc3468f8d5bc3b49e63f8318db1f96511bc859fb2a33f5587,reported isolated serial benchmark,"full causal sequence call: allocation, initial packing, BOS, token-table gather, decode, transition, projection, encode, after-write read, original FP32 norm/MLP; excludes optional MSE/norm diagnostics, gold, summaries, file I/O, model load and shared-table construction"
2,UNIFORM_9,embedded,False,0.29879258499931893,"[0.29879258499931893, 0.3146147759998712, 0.2928684599992266]",0.1458948168941987,True,2,"{""length"": 128, ""repeats"": 3, ""seed"": 2002, ""sequences"": 16}",timing.json,d0b0e1c207319477c0cbd3747e31785255bc3cec2df446143a1ef4a7b104c2be,potential CPU contention; not isolated primary cost,"full causal sequence call: allocation, initial packing, BOS, token-table gather, decode, transition, projection, encode, after-write read, original FP32 norm/MLP; excludes optional MSE/norm diagnostics, gold, summaries, file I/O, model load and shared-table construction"
2,UNIFORM_9,isolated,True,0.2969328769995627,"[0.29660470499948133, 0.2969328769995627, 0.30337409699859563]",0.14498675634744274,True,2,"{""length"": 128, ""repeats"": 3, ""seed"": 2002, ""sequences"": 16}",seed2.json,ebe827a6882d5addc3468f8d5bc3b49e63f8318db1f96511bc859fb2a33f5587,reported isolated serial benchmark,"full causal sequence call: allocation, initial packing, BOS, token-table gather, decode, transition, projection, encode, after-write read, original FP32 norm/MLP; excludes optional MSE/norm diagnostics, gold, summaries, file I/O, model load and shared-table construction"
2,UNTRANSPORTED_4_4,embedded,False,0.31622489799883624,"[0.3072692259993346, 0.31622489799883624, 0.3197043339987431]",0.15440668847599426,True,2,"{""length"": 128, ""repeats"": 3, ""seed"": 2002, ""sequences"": 16}",timing.json,d0b0e1c207319477c0cbd3747e31785255bc3cec2df446143a1ef4a7b104c2be,potential CPU contention; not isolated primary cost,"full causal sequence call: allocation, initial packing, BOS, token-table gather, decode, transition, projection, encode, after-write read, original FP32 norm/MLP; excludes optional MSE/norm diagnostics, gold, summaries, file I/O, model load and shared-table construction"
2,UNTRANSPORTED_4_4,isolated,True,0.31695679500080587,"[0.3150628809999034, 0.31695679500080587, 0.317164997000873]",0.15476406005898724,True,2,"{""length"": 128, ""repeats"": 3, ""seed"": 2002, ""sequences"": 16}",seed2.json,ebe827a6882d5addc3468f8d5bc3b49e63f8318db1f96511bc859fb2a33f5587,reported isolated serial benchmark,"full causal sequence call: allocation, initial packing, BOS, token-table gather, decode, transition, projection, encode, after-write read, original FP32 norm/MLP; excludes optional MSE/norm diagnostics, gold, summaries, file I/O, model load and shared-table construction"
