checkpoint_seed,storage,head,n_sequences,max_group_tokens,rmst0_tokens,empirical_t005_tokens,token_accuracy,right_censored_count,invalid_prediction_count,sequences_recovering_after_first_error
0,NATIVE_FP32,ORIGINAL,1024,2048,287.4345703125,141,0.43356800079345703,0,0,1024
0,NATIVE_FP32,SHORT_REFIT,1024,2048,287.4345703125,141,0.43356800079345703,0,0,1024
0,NATIVE_FP32,MIXED_REFIT,1024,2048,277.23046875,143,0.4359297752380371,0,0,1024
0,UNIFORM_8,ORIGINAL,1024,2048,285.8447265625,141,0.4311099052429199,0,0,1024
0,UNIFORM_8,SHORT_REFIT,1024,2048,285.8447265625,141,0.4311099052429199,0,0,1024
0,UNIFORM_8,MIXED_REFIT,1024,2048,275.955078125,143,0.4330606460571289,0,0,1024
1,NATIVE_FP32,ORIGINAL,1024,2048,266.6123046875,114,0.5106196403503418,0,0,1024
1,NATIVE_FP32,SHORT_REFIT,1024,2048,266.6123046875,114,0.5106196403503418,0,0,1024
1,NATIVE_FP32,MIXED_REFIT,1024,2048,257.076171875,113,0.5141406059265137,0,0,1024
1,UNIFORM_8,ORIGINAL,1024,2048,264.59375,115,0.5093851089477539,0,0,1024
1,UNIFORM_8,SHORT_REFIT,1024,2048,264.59375,115,0.5093851089477539,0,0,1024
1,UNIFORM_8,MIXED_REFIT,1024,2048,254.1923828125,110,0.5121703147888184,0,0,1024
2,NATIVE_FP32,ORIGINAL,1024,2048,239.697265625,143,0.397702693939209,0,0,1024
2,NATIVE_FP32,SHORT_REFIT,1024,2048,239.697265625,143,0.397702693939209,0,0,1024
2,NATIVE_FP32,MIXED_REFIT,1024,2048,226.4921875,131,0.39741039276123047,0,0,1024
2,UNIFORM_8,ORIGINAL,1024,2048,239.8046875,143,0.3974781036376953,0,0,1024
2,UNIFORM_8,SHORT_REFIT,1024,2048,239.8046875,143,0.3974781036376953,0,0,1024
2,UNIFORM_8,MIXED_REFIT,1024,2048,226.310546875,131,0.3972482681274414,0,0,1024
