checkpoint_seed,storage,head,control,n_sequences,max_group_tokens,rmst0_tokens,empirical_t005_tokens,token_accuracy,invalid_prediction_count
0,NATIVE_FP32,ORIGINAL,same-position/current-token feature shuffle,1024,2048,1.1953125,1,0.16688776016235352,0
0,NATIVE_FP32,SHORT_REFIT,same-position/current-token feature shuffle,1024,2048,1.1953125,1,0.16688776016235352,0
0,NATIVE_FP32,MIXED_REFIT,same-position/current-token feature shuffle,1024,2048,1.1953125,1,0.16698455810546875,0
0,UNIFORM_8,ORIGINAL,same-position/current-token feature shuffle,1024,2048,1.1953125,1,0.1668543815612793,0
0,UNIFORM_8,SHORT_REFIT,same-position/current-token feature shuffle,1024,2048,1.1953125,1,0.1668543815612793,0
0,UNIFORM_8,MIXED_REFIT,same-position/current-token feature shuffle,1024,2048,1.1953125,1,0.16710424423217773,0
1,NATIVE_FP32,ORIGINAL,same-position/current-token feature shuffle,1024,2048,1.1953125,1,0.16689443588256836,0
1,NATIVE_FP32,SHORT_REFIT,same-position/current-token feature shuffle,1024,2048,1.1953125,1,0.16689443588256836,0
1,NATIVE_FP32,MIXED_REFIT,same-position/current-token feature shuffle,1024,2048,1.1953125,1,0.16694021224975586,0
1,UNIFORM_8,ORIGINAL,same-position/current-token feature shuffle,1024,2048,1.1953125,1,0.16678619384765625,0
1,UNIFORM_8,SHORT_REFIT,same-position/current-token feature shuffle,1024,2048,1.1953125,1,0.16678619384765625,0
1,UNIFORM_8,MIXED_REFIT,same-position/current-token feature shuffle,1024,2048,1.1953125,1,0.16680431365966797,0
2,NATIVE_FP32,ORIGINAL,same-position/current-token feature shuffle,1024,2048,1.1953125,1,0.16697216033935547,0
2,NATIVE_FP32,SHORT_REFIT,same-position/current-token feature shuffle,1024,2048,1.1953125,1,0.16697216033935547,0
2,NATIVE_FP32,MIXED_REFIT,same-position/current-token feature shuffle,1024,2048,1.1953125,1,0.16721677780151367,0
2,UNIFORM_8,ORIGINAL,same-position/current-token feature shuffle,1024,2048,1.1953125,1,0.16719532012939453,0
2,UNIFORM_8,SHORT_REFIT,same-position/current-token feature shuffle,1024,2048,1.1953125,1,0.16719532012939453,0
2,UNIFORM_8,MIXED_REFIT,same-position/current-token feature shuffle,1024,2048,1.1953125,1,0.16719388961791992,0
,MODEL_INDEPENDENT,INPUT_ONLY,FIT token/position-band categorical predictor,1024,2048,1.1865234375,1,0.1672229766845703,0
