checkpoint_seed,storage,head,position_scope,first_group_token,last_group_token,valid_score_observations,invalid_score_observations,total_token_observations,gold_ce_nats,gold_margin,top1_top2_margin,gold_ce_sum_nats,gold_margin_sum,top1_top2_margin_sum,token_accuracy,correct_tokens
0,NATIVE_FP32,ORIGINAL,position_range,1,32,32768,0,32768,1.734723475976807e-18,63.33563648574636,63.33563648574636,5.684341886080802e-14,2075382.1363649368,2075382.1363649368,1.0,32768
0,NATIVE_FP32,ORIGINAL,position_range,33,128,98304,0,98304,0.012047138434609203,59.774201115861814,59.79780377185554,1184.2818966758232,5876043.06649368,5878363.301988487,0.9991963704427084,98225
0,NATIVE_FP32,ORIGINAL,position_range,129,256,131072,0,131072,0.9002787152500655,48.40700621614995,50.08354379722847,118001.33176525659,6344803.1187632065,6564550.25259033,0.9597015380859375,125790
0,NATIVE_FP32,ORIGINAL,position_range,257,512,262144,0,262144,8.313350435522525,23.42025328783648,38.15181963749964,2179294.9365696167,6139478.877886606,10001270.607052706,0.75860595703125,198864
0,NATIVE_FP32,ORIGINAL,position_range,513,1024,524288,0,524288,27.90498080543931,-12.364958343169654,32.646628029050056,14630246.576522164,-6482799.279823732,17116235.316094596,0.4354572296142578,228305
0,NATIVE_FP32,ORIGINAL,position_range,1025,2048,1048576,0,1048576,47.93080384082437,-41.06009373220226,30.814834724560114,50259090.56819625,-43054628.84533772,32311696.136140347,0.21486854553222656,225306
0,NATIVE_FP32,ORIGINAL,single_position,32,32,1024,0,1024,0.0,62.796846247278154,62.796846247278154,0.0,64303.97055721283,64303.97055721283,1.0,1024
0,NATIVE_FP32,ORIGINAL,single_position,128,128,1024,0,1024,0.02231149017853351,56.12022812367013,56.16477469942129,22.846965942818315,57467.113598638214,57512.7292922074,0.9970703125,1021
0,NATIVE_FP32,ORIGINAL,single_position,256,256,1024,0,1024,2.5207771652714905,40.41428089730471,45.13220581628411,2581.2758172380063,41384.22363884002,46215.37875587493,0.9140625,936
0,NATIVE_FP32,ORIGINAL,single_position,512,512,1024,0,1024,15.250227126691598,7.586760088221126,33.98682329714393,15616.232577732197,7768.842330338433,34802.50705627538,0.6005859375,615
0,NATIVE_FP32,ORIGINAL,single_position,1024,1024,1024,0,1024,37.42819472919085,-27.14672632240763,30.987858208181933,38326.47140269143,-27798.247754145414,31731.5668051783,0.3017578125,309
0,NATIVE_FP32,ORIGINAL,single_position,2048,2048,1024,0,1024,53.04219762294091,-47.32241566391076,31.49378987795444,54315.21036589149,-48458.15363984462,32249.640835025348,0.18359375,188
0,NATIVE_FP32,SHORT_REFIT,position_range,1,32,32768,0,32768,1.734723475976807e-18,63.33563648574636,63.33563648574636,5.684341886080802e-14,2075382.1363649368,2075382.1363649368,1.0,32768
0,NATIVE_FP32,SHORT_REFIT,position_range,33,128,98304,0,98304,0.012047138434609203,59.774201115861814,59.79780377185554,1184.2818966758232,5876043.06649368,5878363.301988487,0.9991963704427084,98225
0,NATIVE_FP32,SHORT_REFIT,position_range,129,256,131072,0,131072,0.9002787152500655,48.40700621614995,50.08354379722847,118001.33176525659,6344803.1187632065,6564550.25259033,0.9597015380859375,125790
0,NATIVE_FP32,SHORT_REFIT,position_range,257,512,262144,0,262144,8.313350435522525,23.42025328783648,38.15181963749964,2179294.9365696167,6139478.877886606,10001270.607052706,0.75860595703125,198864
0,NATIVE_FP32,SHORT_REFIT,position_range,513,1024,524288,0,524288,27.90498080543931,-12.364958343169654,32.646628029050056,14630246.576522164,-6482799.279823732,17116235.316094596,0.4354572296142578,228305
0,NATIVE_FP32,SHORT_REFIT,position_range,1025,2048,1048576,0,1048576,47.93080384082437,-41.06009373220226,30.814834724560114,50259090.56819625,-43054628.84533772,32311696.136140347,0.21486854553222656,225306
0,NATIVE_FP32,SHORT_REFIT,single_position,32,32,1024,0,1024,0.0,62.796846247278154,62.796846247278154,0.0,64303.97055721283,64303.97055721283,1.0,1024
0,NATIVE_FP32,SHORT_REFIT,single_position,128,128,1024,0,1024,0.02231149017853351,56.12022812367013,56.16477469942129,22.846965942818315,57467.113598638214,57512.7292922074,0.9970703125,1021
0,NATIVE_FP32,SHORT_REFIT,single_position,256,256,1024,0,1024,2.5207771652714905,40.41428089730471,45.13220581628411,2581.2758172380063,41384.22363884002,46215.37875587493,0.9140625,936
0,NATIVE_FP32,SHORT_REFIT,single_position,512,512,1024,0,1024,15.250227126691598,7.586760088221126,33.98682329714393,15616.232577732197,7768.842330338433,34802.50705627538,0.6005859375,615
0,NATIVE_FP32,SHORT_REFIT,single_position,1024,1024,1024,0,1024,37.42819472919085,-27.14672632240763,30.987858208181933,38326.47140269143,-27798.247754145414,31731.5668051783,0.3017578125,309
0,NATIVE_FP32,SHORT_REFIT,single_position,2048,2048,1024,0,1024,53.04219762294091,-47.32241566391076,31.49378987795444,54315.21036589149,-48458.15363984462,32249.640835025348,0.18359375,188
0,NATIVE_FP32,MIXED_REFIT,position_range,1,32,32768,0,32768,0.0001868511261719437,10.90879637436592,10.90879637436592,6.122737702402251,357459.4395952225,357459.4395952225,1.0,32768
0,NATIVE_FP32,MIXED_REFIT,position_range,33,128,98304,0,98304,0.002659193952161524,9.765132024826016,9.766591552416989,261.40940227328645,959951.5385684967,960095.0159687996,0.99945068359375,98250
0,NATIVE_FP32,MIXED_REFIT,position_range,129,256,131072,0,131072,0.10885563870298032,7.329508268779136,7.482224962458531,14267.926276077036,960693.307805419,980710.1902793646,0.9667205810546875,126710
0,NATIVE_FP32,MIXED_REFIT,position_range,257,512,262144,0,262144,1.079002801000714,3.506155214250448,5.2478607704537765,282854.11026553117,919117.5524844695,1375695.2138098348,0.7706985473632812,202034
0,NATIVE_FP32,MIXED_REFIT,position_range,513,1024,524288,0,524288,5.825575136274386,-3.49074710485592,4.7250437914374785,3054279.1370470254,-1830156.8181107007,2477283.7593251728,0.4383201599121094,229806
0,NATIVE_FP32,MIXED_REFIT,position_range,1025,2048,1048576,0,1048576,16.06852795576377,-14.891441845134858,4.94616037934283,16849072.76974295,-15614808.52420413,5186425.065929787,0.21423625946044922,224643
0,NATIVE_FP32,MIXED_REFIT,single_position,32,32,1024,0,1024,0.000236851321010376,10.694819726981223,10.694819726981223,0.24253575271462502,10951.495400428772,10951.495400428772,1.0,1024
0,NATIVE_FP32,MIXED_REFIT,single_position,128,128,1024,0,1024,0.008892705605524406,8.763053928269073,8.768805933417752,9.106130540056991,8973.367222547531,8979.257275819778,0.998046875,1022
0,NATIVE_FP32,MIXED_REFIT,single_position,256,256,1024,0,1024,0.31985768288607946,5.887052467325702,6.4081081810873,327.53426727534537,6028.341726541519,6561.902777433395,0.912109375,934
0,NATIVE_FP32,MIXED_REFIT,single_position,512,512,1024,0,1024,2.2129153724310116,1.0694630132056773,4.504753383109346,2266.025341369356,1095.1301255226135,4612.86746430397,0.6201171875,635
0,NATIVE_FP32,MIXED_REFIT,single_position,1024,1024,1024,0,1024,9.758324775210436,-8.097463451340445,4.75861738344247,9992.524569815487,-8291.802574172616,4872.824200645089,0.318359375,326
0,NATIVE_FP32,MIXED_REFIT,single_position,2048,2048,1024,0,1024,19.360794887878924,-18.34704343265912,5.028849959970103,19825.45396518802,-18787.37247504294,5149.542359009385,0.177734375,182
0,UNIFORM_8,ORIGINAL,position_range,1,32,32768,0,32768,2.0057740190981832e-18,63.25332928838907,63.25332928838907,6.572520305780927e-14,2072685.094121933,2072685.094121933,1.0,32768
0,UNIFORM_8,ORIGINAL,position_range,33,128,98304,0,98304,0.012450393215564959,59.707359653405916,59.731765762308505,1223.9234546628977,5869472.283368415,5871871.501497976,0.999176025390625,98223
0,UNIFORM_8,ORIGINAL,position_range,129,256,131072,0,131072,0.9254632133585963,48.25496503273801,49.979415249453496,121302.31430133793,6324874.776771037,6550901.915576369,0.958587646484375,125644
0,UNIFORM_8,ORIGINAL,position_range,257,512,262144,0,262144,8.422930569467107,23.187748412211146,38.10392139558783,2208020.7112023854,6078529.119770679,9988714.370324977,0.7563667297363281,198277
0,UNIFORM_8,ORIGINAL,position_range,513,1024,524288,0,524288,28.219906371863008,-12.838969206456367,32.55438589667685,14795358.271891313,-6731317.487314596,17067873.87299691,0.4327373504638672,226879
0,UNIFORM_8,ORIGINAL,position_range,1025,2048,1048576,0,1048576,48.097282176886736,-41.34715699390186,30.588048281168156,50433655.75591119,-43355636.49203764,32073893.31447418,0.21201324462890625,222312
0,UNIFORM_8,ORIGINAL,single_position,32,32,1024,0,1024,0.0,62.74242427106947,62.74242427106947,0.0,64248.242453575134,64248.242453575134,1.0,1024
0,UNIFORM_8,ORIGINAL,single_position,128,128,1024,0,1024,0.016833733340519734,56.06899437334505,56.101152845454635,17.237742940692208,57414.65023830533,57447.580513745546,0.998046875,1022
0,UNIFORM_8,ORIGINAL,single_position,256,256,1024,0,1024,2.5100314537628186,40.322892287633294,44.998058327786566,2570.272208653126,41290.64170253649,46078.011727653444,0.9150390625,937
0,UNIFORM_8,ORIGINAL,single_position,512,512,1024,0,1024,15.32036497110046,7.6295252061136125,33.994875897882594,15688.053730406871,7812.633811060339,34810.752919431776,0.599609375,614
0,UNIFORM_8,ORIGINAL,single_position,1024,1024,1024,0,1024,37.822632674019104,-27.32473931606728,31.631024819513186,38730.37585819556,-27980.533059652895,32390.169415181503,0.314453125,322
0,UNIFORM_8,ORIGINAL,single_position,2048,2048,1024,0,1024,52.26162664614539,-46.52612654186669,30.675009024975225,53515.90568565288,-47642.75357887149,31411.20924157463,0.1787109375,183
0,UNIFORM_8,SHORT_REFIT,position_range,1,32,32768,0,32768,2.0057740190981832e-18,63.25332928838907,63.25332928838907,6.572520305780927e-14,2072685.094121933,2072685.094121933,1.0,32768
0,UNIFORM_8,SHORT_REFIT,position_range,33,128,98304,0,98304,0.012450393215564959,59.707359653405916,59.731765762308505,1223.9234546628977,5869472.283368415,5871871.501497976,0.999176025390625,98223
0,UNIFORM_8,SHORT_REFIT,position_range,129,256,131072,0,131072,0.9254632133585963,48.25496503273801,49.979415249453496,121302.31430133793,6324874.776771037,6550901.915576369,0.958587646484375,125644
0,UNIFORM_8,SHORT_REFIT,position_range,257,512,262144,0,262144,8.422930569467107,23.187748412211146,38.10392139558783,2208020.7112023854,6078529.119770679,9988714.370324977,0.7563667297363281,198277
0,UNIFORM_8,SHORT_REFIT,position_range,513,1024,524288,0,524288,28.219906371863008,-12.838969206456367,32.55438589667685,14795358.271891313,-6731317.487314596,17067873.87299691,0.4327373504638672,226879
0,UNIFORM_8,SHORT_REFIT,position_range,1025,2048,1048576,0,1048576,48.097282176886736,-41.34715699390186,30.588048281168156,50433655.75591119,-43355636.49203764,32073893.31447418,0.21201324462890625,222312
0,UNIFORM_8,SHORT_REFIT,single_position,32,32,1024,0,1024,0.0,62.74242427106947,62.74242427106947,0.0,64248.242453575134,64248.242453575134,1.0,1024
0,UNIFORM_8,SHORT_REFIT,single_position,128,128,1024,0,1024,0.016833733340519734,56.06899437334505,56.101152845454635,17.237742940692208,57414.65023830533,57447.580513745546,0.998046875,1022
0,UNIFORM_8,SHORT_REFIT,single_position,256,256,1024,0,1024,2.5100314537628186,40.322892287633294,44.998058327786566,2570.272208653126,41290.64170253649,46078.011727653444,0.9150390625,937
0,UNIFORM_8,SHORT_REFIT,single_position,512,512,1024,0,1024,15.32036497110046,7.6295252061136125,33.994875897882594,15688.053730406871,7812.633811060339,34810.752919431776,0.599609375,614
0,UNIFORM_8,SHORT_REFIT,single_position,1024,1024,1024,0,1024,37.822632674019104,-27.32473931606728,31.631024819513186,38730.37585819556,-27980.533059652895,32390.169415181503,0.314453125,322
0,UNIFORM_8,SHORT_REFIT,single_position,2048,2048,1024,0,1024,52.26162664614539,-46.52612654186669,30.675009024975225,53515.90568565288,-47642.75357887149,31411.20924157463,0.1787109375,183
0,UNIFORM_8,MIXED_REFIT,position_range,1,32,32768,0,32768,0.0001848448653176394,10.915185364894569,10.915185364894569,6.056996546728408,357668.79403686523,357668.79403686523,1.0,32768
0,UNIFORM_8,MIXED_REFIT,position_range,33,128,98304,0,98304,0.002724044134257102,9.766547815093267,9.768028640042758,267.78443457401016,960090.7164149284,960236.2874307632,0.999481201171875,98253
0,UNIFORM_8,MIXED_REFIT,position_range,129,256,131072,0,131072,0.11257506615160937,7.311410852992594,7.470451593703729,14755.439070623743,958321.2433234453,979167.0312899351,0.9659042358398438,126603
0,UNIFORM_8,MIXED_REFIT,position_range,257,512,262144,0,262144,1.097542086519916,3.474225058280375,5.244920899020748,287714.07272867684,910747.2536778506,1374924.544152895,0.7673568725585938,201158
0,UNIFORM_8,MIXED_REFIT,position_range,513,1024,524288,0,524288,5.988011339352747,-3.6621610217241383,4.753802709076709,3139442.489086573,-1920027.077757705,2492361.7147364095,0.4345855712890625,227848
0,UNIFORM_8,MIXED_REFIT,position_range,1025,2048,1048576,0,1048576,16.18631775192293,-15.014196357747386,4.976127366238048,16972584.32304034,-15743525.960021323,5217847.729180427,0.21129989624023438,221564
0,UNIFORM_8,MIXED_REFIT,single_position,32,32,1024,0,1024,0.0002347811593247963,10.702803678810596,10.702803678810596,0.2404159071485914,10959.67096710205,10959.67096710205,1.0,1024
0,UNIFORM_8,MIXED_REFIT,single_position,128,128,1024,0,1024,0.009045937600864543,8.768819365650415,8.774476169142872,9.263040103285292,8979.271030426025,8985.063597202301,0.998046875,1022
0,UNIFORM_8,MIXED_REFIT,single_position,256,256,1024,0,1024,0.3257571996339885,5.885978859500028,6.41328526835423,333.57537242520425,6027.242352128029,6567.204114794731,0.9130859375,935
0,UNIFORM_8,MIXED_REFIT,single_position,512,512,1024,0,1024,2.2416424366070995,1.060126313357614,4.517993839574046,2295.44185508567,1085.5693448781967,4626.425691723824,0.6171875,632
0,UNIFORM_8,MIXED_REFIT,single_position,1024,1024,1024,0,1024,10.028040827854642,-8.33425509231165,4.896622555097565,10268.713807723154,-8534.27721452713,5014.141496419907,0.3232421875,331
0,UNIFORM_8,MIXED_REFIT,single_position,2048,2048,1024,0,1024,18.963210355677568,-17.938333127167425,4.89573602679593,19418.32740421383,-18368.853122219443,5013.233691439033,0.1904296875,195
1,NATIVE_FP32,ORIGINAL,position_range,1,32,32768,0,32768,5.50917005157775e-16,45.482542564220125,45.482542564220125,1.805244842500997e-11,1490371.954744365,1490371.954744365,1.0,32768
1,NATIVE_FP32,ORIGINAL,position_range,33,128,98304,0,98304,0.11570367369970914,45.52897468601494,45.74192634139062,11374.133939376208,4475680.3275340125,4496614.327064063,0.9955342610677084,97865
1,NATIVE_FP32,ORIGINAL,position_range,129,256,131072,0,131072,2.28057518201873,36.98307543621934,41.100515669133046,298919.550257559,4847445.663576141,5387126.789784607,0.9260635375976562,121381
1,NATIVE_FP32,ORIGINAL,position_range,257,512,262144,0,262144,10.605244984616517,15.953937018449345,34.45908415596627,2780101.3412473123,4182228.865764385,9033242.156981623,0.7152557373046875,187500
1,NATIVE_FP32,ORIGINAL,position_range,513,1024,524288,0,524288,21.286921757895207,-5.7647251258876295,30.625493001241615,11160477.634603363,-3022376.2068013735,16056578.474634964,0.4799060821533203,251609
1,NATIVE_FP32,ORIGINAL,position_range,1025,2048,1048576,0,1048576,26.38574238998203,-15.871826083457856,28.351240029236735,27667456.2123178,-16642815.907287905,29728429.86489694,0.3621330261230469,379724
1,NATIVE_FP32,ORIGINAL,single_position,32,32,1024,0,1024,2.1285057050235423e-15,45.26260353952239,45.26260353952239,2.1795898419441073e-12,46348.906024470925,46348.906024470925,1.0,1024
1,NATIVE_FP32,ORIGINAL,single_position,128,128,1024,0,1024,0.5063040010030317,43.08280387533523,44.013896154832764,518.4552970271045,44116.791168343276,45070.22966254875,0.9775390625,1001
1,NATIVE_FP32,ORIGINAL,single_position,256,256,1024,0,1024,4.193068239845937,29.626331934945483,37.40446441305539,4293.70187760224,30337.363901384175,38302.17155896872,0.861328125,882
1,NATIVE_FP32,ORIGINAL,single_position,512,512,1024,0,1024,15.19311457943142,6.546066216291365,32.51729133008848,15557.749329337774,6703.171805482358,33297.70632201061,0.6103515625,625
1,NATIVE_FP32,ORIGINAL,single_position,1024,1024,1024,0,1024,24.01987965151622,-11.001724783644022,29.97786202147836,24596.35676315261,-11265.766178451478,30697.33070999384,0.404296875,414
1,NATIVE_FP32,ORIGINAL,single_position,2048,2048,1024,0,1024,25.550674620049865,-15.68910653128114,27.24564342463418,26163.89081093106,-16065.645088031888,27899.5388668254,0.3515625,360
1,NATIVE_FP32,SHORT_REFIT,position_range,1,32,32768,0,32768,5.50917005157775e-16,45.482542564220125,45.482542564220125,1.805244842500997e-11,1490371.954744365,1490371.954744365,1.0,32768
1,NATIVE_FP32,SHORT_REFIT,position_range,33,128,98304,0,98304,0.11570367369970914,45.52897468601494,45.74192634139062,11374.133939376208,4475680.3275340125,4496614.327064063,0.9955342610677084,97865
1,NATIVE_FP32,SHORT_REFIT,position_range,129,256,131072,0,131072,2.28057518201873,36.98307543621934,41.100515669133046,298919.550257559,4847445.663576141,5387126.789784607,0.9260635375976562,121381
1,NATIVE_FP32,SHORT_REFIT,position_range,257,512,262144,0,262144,10.605244984616517,15.953937018449345,34.45908415596627,2780101.3412473123,4182228.865764385,9033242.156981623,0.7152557373046875,187500
1,NATIVE_FP32,SHORT_REFIT,position_range,513,1024,524288,0,524288,21.286921757895207,-5.7647251258876295,30.625493001241615,11160477.634603363,-3022376.2068013735,16056578.474634964,0.4799060821533203,251609
1,NATIVE_FP32,SHORT_REFIT,position_range,1025,2048,1048576,0,1048576,26.38574238998203,-15.871826083457856,28.351240029236735,27667456.2123178,-16642815.907287905,29728429.86489694,0.3621330261230469,379724
1,NATIVE_FP32,SHORT_REFIT,single_position,32,32,1024,0,1024,2.1285057050235423e-15,45.26260353952239,45.26260353952239,2.1795898419441073e-12,46348.906024470925,46348.906024470925,1.0,1024
1,NATIVE_FP32,SHORT_REFIT,single_position,128,128,1024,0,1024,0.5063040010030317,43.08280387533523,44.013896154832764,518.4552970271045,44116.791168343276,45070.22966254875,0.9775390625,1001
1,NATIVE_FP32,SHORT_REFIT,single_position,256,256,1024,0,1024,4.193068239845937,29.626331934945483,37.40446441305539,4293.70187760224,30337.363901384175,38302.17155896872,0.861328125,882
1,NATIVE_FP32,SHORT_REFIT,single_position,512,512,1024,0,1024,15.19311457943142,6.546066216291365,32.51729133008848,15557.749329337774,6703.171805482358,33297.70632201061,0.6103515625,625
1,NATIVE_FP32,SHORT_REFIT,single_position,1024,1024,1024,0,1024,24.01987965151622,-11.001724783644022,29.97786202147836,24596.35676315261,-11265.766178451478,30697.33070999384,0.404296875,414
1,NATIVE_FP32,SHORT_REFIT,single_position,2048,2048,1024,0,1024,25.550674620049865,-15.68910653128114,27.24564342463418,26163.89081093106,-16065.645088031888,27899.5388668254,0.3515625,360
1,NATIVE_FP32,MIXED_REFIT,position_range,1,32,32768,0,32768,0.0005804156635868254,8.365163846785435,8.365163846785435,19.019060464413094,274109.68893146515,274109.68893146515,1.0,32768
1,NATIVE_FP32,MIXED_REFIT,position_range,33,128,98304,0,98304,0.015492356991815809,7.002368925065525,7.018056401928523,1522.9606617234613,688360.8748096414,689903.0165351816,0.9960734049479166,97918
1,NATIVE_FP32,MIXED_REFIT,position_range,129,256,131072,0,131072,0.2395516248993806,4.782636566907428,5.126245094082421,31398.510578811613,626869.7400976904,671907.1969715711,0.9295654296875,121840
1,NATIVE_FP32,MIXED_REFIT,position_range,257,512,262144,0,262144,1.0750538817204256,2.024455812840138,3.730061616897089,281818.92476971925,530698.9446011651,977813.2724998705,0.719970703125,188736
1,NATIVE_FP32,MIXED_REFIT,position_range,513,1024,524288,0,524288,2.102099751530983,-0.30149762381105916,3.0800041114443353,1102105.674530676,-158071.58619265258,1614809.1955809277,0.4865608215332031,255098
1,NATIVE_FP32,MIXED_REFIT,position_range,1025,2048,1048576,0,1048576,2.5934716641193916,-1.366847280937204,2.7292315959391793,2719452.143675655,-1433243.2544560097,2861806.749943521,0.3641805648803711,381871
1,NATIVE_FP32,MIXED_REFIT,single_position,32,32,1024,0,1024,0.0008780709873089528,7.970373476622626,7.970373476622626,0.8991446910043677,8161.662440061569,8161.662440061569,1.0,1024
1,NATIVE_FP32,MIXED_REFIT,single_position,128,128,1024,0,1024,0.05062113532749408,6.13804663164774,6.196267295570578,51.836042575353936,6285.359750807285,6344.977710664272,0.9853515625,1009
1,NATIVE_FP32,MIXED_REFIT,single_position,256,256,1024,0,1024,0.48722215028565635,3.5775990167803684,4.318260217909483,498.9154818925121,3663.4613931830972,4421.8984631393105,0.857421875,878
1,NATIVE_FP32,MIXED_REFIT,single_position,512,512,1024,0,1024,1.5196011931731732,0.9997004682099941,3.4399350659059564,1556.0716218093294,1023.693279447034,3522.4935074876994,0.626953125,642
1,NATIVE_FP32,MIXED_REFIT,single_position,1024,1024,1024,0,1024,2.392211885932772,-0.8957879240188049,2.9084116534650093,2449.6249711951587,-917.2868341952562,2978.2135331481695,0.4169921875,427
1,NATIVE_FP32,MIXED_REFIT,single_position,2048,2048,1024,0,1024,2.595002146189482,-1.4072551351891889,2.6807688283770403,2657.2821976980294,-1441.0292584337294,2745.1072802580893,0.36328125,372
1,UNIFORM_8,ORIGINAL,position_range,1,32,32768,0,32768,5.299173643294464e-16,45.48377784902641,45.48377784902641,1.7364332194347298e-11,1490412.4325568974,1490412.4325568974,1.0,32768
1,UNIFORM_8,ORIGINAL,position_range,33,128,98304,0,98304,0.12140461411564596,45.52956613325042,45.752819651346236,11934.55918602446,4475738.469163049,4497685.18300594,0.995452880859375,97857
1,UNIFORM_8,ORIGINAL,position_range,129,256,131072,0,131072,2.2983237793805524,36.91343405515869,41.059886628055324,301245.89441096777,4838317.62847776,5381801.460112467,0.9253997802734375,121294
1,UNIFORM_8,ORIGINAL,position_range,257,512,262144,0,262144,10.619345351951583,15.850785754424038,34.372270257185875,2783797.667941996,4155188.380807735,9010484.414299734,0.7142257690429688,187230
1,UNIFORM_8,ORIGINAL,position_range,513,1024,524288,0,524288,21.280091384475583,-5.827853605842314,30.54535915866755,11156896.551783934,-3055473.7112998553,16014565.262579493,0.4779834747314453,250601
1,UNIFORM_8,ORIGINAL,position_range,1025,2048,1048576,0,1048576,26.36261931835829,-15.952605086045203,28.225139465771196,27643209.914366864,-16727518.830704935,29596203.840460498,0.3609733581542969,378508
1,UNIFORM_8,ORIGINAL,single_position,32,32,1024,0,1024,1.7186772838240216e-15,45.29626509753871,45.29626509753871,1.7599255386357981e-12,46383.37545987964,46383.37545987964,1.0,1024
1,UNIFORM_8,ORIGINAL,single_position,128,128,1024,0,1024,0.5317724433960321,43.11931798608566,44.09304216924647,544.5349820375369,44154.18161775172,45151.27518130839,0.98046875,1004
1,UNIFORM_8,ORIGINAL,single_position,256,256,1024,0,1024,4.258373331600743,29.494377721770434,37.34404777555028,4360.574291559161,30202.242787092924,38240.30492216349,0.8583984375,879
1,UNIFORM_8,ORIGINAL,single_position,512,512,1024,0,1024,14.948623188053425,6.657972026790958,32.2497071090329,15307.390144566707,6817.763355433941,33023.70007964969,0.6142578125,629
1,UNIFORM_8,ORIGINAL,single_position,1024,1024,1024,0,1024,23.78355443779045,-10.891362554568332,29.798034829713288,24354.35974429742,-11152.755255877972,30513.187665626407,0.412109375,422
1,UNIFORM_8,ORIGINAL,single_position,2048,2048,1024,0,1024,26.27950410152291,-16.76791677854635,27.073365589756577,26910.21219995946,-17170.346781231463,27723.126363910735,0.3388671875,347
1,UNIFORM_8,SHORT_REFIT,position_range,1,32,32768,0,32768,5.299173643294464e-16,45.48377784902641,45.48377784902641,1.7364332194347298e-11,1490412.4325568974,1490412.4325568974,1.0,32768
1,UNIFORM_8,SHORT_REFIT,position_range,33,128,98304,0,98304,0.12140461411564596,45.52956613325042,45.752819651346236,11934.55918602446,4475738.469163049,4497685.18300594,0.995452880859375,97857
1,UNIFORM_8,SHORT_REFIT,position_range,129,256,131072,0,131072,2.2983237793805524,36.91343405515869,41.059886628055324,301245.89441096777,4838317.62847776,5381801.460112467,0.9253997802734375,121294
1,UNIFORM_8,SHORT_REFIT,position_range,257,512,262144,0,262144,10.619345351951583,15.850785754424038,34.372270257185875,2783797.667941996,4155188.380807735,9010484.414299734,0.7142257690429688,187230
1,UNIFORM_8,SHORT_REFIT,position_range,513,1024,524288,0,524288,21.280091384475583,-5.827853605842314,30.54535915866755,11156896.551783934,-3055473.7112998553,16014565.262579493,0.4779834747314453,250601
1,UNIFORM_8,SHORT_REFIT,position_range,1025,2048,1048576,0,1048576,26.36261931835829,-15.952605086045203,28.225139465771196,27643209.914366864,-16727518.830704935,29596203.840460498,0.3609733581542969,378508
1,UNIFORM_8,SHORT_REFIT,single_position,32,32,1024,0,1024,1.7186772838240216e-15,45.29626509753871,45.29626509753871,1.7599255386357981e-12,46383.37545987964,46383.37545987964,1.0,1024
1,UNIFORM_8,SHORT_REFIT,single_position,128,128,1024,0,1024,0.5317724433960321,43.11931798608566,44.09304216924647,544.5349820375369,44154.18161775172,45151.27518130839,0.98046875,1004
1,UNIFORM_8,SHORT_REFIT,single_position,256,256,1024,0,1024,4.258373331600743,29.494377721770434,37.34404777555028,4360.574291559161,30202.242787092924,38240.30492216349,0.8583984375,879
1,UNIFORM_8,SHORT_REFIT,single_position,512,512,1024,0,1024,14.948623188053425,6.657972026790958,32.2497071090329,15307.390144566707,6817.763355433941,33023.70007964969,0.6142578125,629
1,UNIFORM_8,SHORT_REFIT,single_position,1024,1024,1024,0,1024,23.78355443779045,-10.891362554568332,29.798034829713288,24354.35974429742,-11152.755255877972,30513.187665626407,0.412109375,422
1,UNIFORM_8,SHORT_REFIT,single_position,2048,2048,1024,0,1024,26.27950410152291,-16.76791677854635,27.073365589756577,26910.21219995946,-17170.346781231463,27723.126363910735,0.3388671875,347
1,UNIFORM_8,MIXED_REFIT,position_range,1,32,32768,0,32768,0.0005838927045384404,8.36121164442011,8.36121164442011,19.132996142315616,273980.18316435814,273980.18316435814,1.0,32768
1,UNIFORM_8,MIXED_REFIT,position_range,33,128,98304,0,98304,0.0158346594273307,6.992312482634095,7.008282560823811,1556.610360344317,687372.2862928621,688942.2088592239,0.9960530598958334,97916
1,UNIFORM_8,MIXED_REFIT,position_range,129,256,131072,0,131072,0.24169311964358348,4.7614478172898345,5.108162092240207,31679.200577923773,624092.4883078132,669537.0217541084,0.9288177490234375,121742
1,UNIFORM_8,MIXED_REFIT,position_range,257,512,262144,0,262144,1.078195262580898,2.0066469972058627,3.715880852058042,282642.4189140069,526030.4704355337,974095.8700819034,0.7185592651367188,188366
1,UNIFORM_8,MIXED_REFIT,position_range,513,1024,524288,0,524288,2.1043648234436696,-0.3183319453010256,3.0613151084007235,1103293.2245536346,-166897.6189379841,1605010.7755531985,0.4844551086425781,253994
1,UNIFORM_8,MIXED_REFIT,position_range,1025,2048,1048576,0,1048576,2.5935229973889355,-1.3807611441494245,2.7064248309154433,2719505.9705101005,-1447832.997487627,2837892.123501992,0.3617410659790039,379313
1,UNIFORM_8,MIXED_REFIT,single_position,32,32,1024,0,1024,0.0008836106523006939,7.9652950775343925,7.9652950775343925,0.9048173079559105,8156.462159395218,8156.462159395218,1.0,1024
1,UNIFORM_8,MIXED_REFIT,single_position,128,128,1024,0,1024,0.051545141976747186,6.130580777229625,6.191319135090453,52.78222538418912,6277.714715883136,6339.9107943326235,0.9873046875,1011
1,UNIFORM_8,MIXED_REFIT,single_position,256,256,1024,0,1024,0.4967279661442866,3.5502165558573324,4.304721665132092,508.6494373317495,3635.4217531979084,4408.0349850952625,0.861328125,882
1,UNIFORM_8,MIXED_REFIT,single_position,512,512,1024,0,1024,1.4950270276664601,1.0002355091237405,3.385946663107461,1530.9076763304552,1024.2411613427103,3467.20938302204,0.6259765625,641
1,UNIFORM_8,MIXED_REFIT,single_position,1024,1024,1024,0,1024,2.4281568491376335,-0.9463060575944837,2.914442990979296,2486.4326135169367,-969.0174029767513,2984.3896227627993,0.416015625,426
1,UNIFORM_8,MIXED_REFIT,single_position,2048,2048,1024,0,1024,2.6260738420993355,-1.461812127741723,2.6766915459411393,2689.0996143097195,-1496.8956188075244,2740.9321430437267,0.3505859375,359
2,NATIVE_FP32,ORIGINAL,position_range,1,32,32768,0,32768,0.0,88.61858347294174,88.61858347294174,0.0,2903853.743241355,2903853.743241355,1.0,32768
2,NATIVE_FP32,ORIGINAL,position_range,33,128,98304,0,98304,0.004087263239746729,78.14669992510007,78.15398959473083,401.79432552006244,7682133.189437037,7682849.79312042,0.9996439615885416,98269
2,NATIVE_FP32,ORIGINAL,position_range,129,256,131072,0,131072,0.5671686980166679,55.98376424590302,56.96124399995334,74339.9355864407,7337903.947239,7466024.173561884,0.967254638671875,126780
2,NATIVE_FP32,ORIGINAL,position_range,257,512,262144,0,262144,7.111029708961722,22.009984137449766,33.546469315364064,1864113.7720260615,5769785.281727632,8794005.652206797,0.7310447692871094,191639
2,NATIVE_FP32,ORIGINAL,position_range,513,1024,524288,0,524288,22.80034679219938,-13.453627053313735,21.528284857601946,11953948.218988629,-7053575.220527751,11287021.41142241,0.34986114501953125,183428
2,NATIVE_FP32,ORIGINAL,position_range,1025,2048,1048576,0,1048576,31.60395113738222,-27.664353597721536,19.347412244209025,33139144.6678317,-29008177.238084458,20287232.141383722,0.19184017181396484,201159
2,NATIVE_FP32,ORIGINAL,single_position,32,32,1024,0,1024,0.0,86.07725237919658,86.07725237919658,0.0,88143.1064362973,88143.1064362973,1.0,1024
2,NATIVE_FP32,ORIGINAL,single_position,128,128,1024,0,1024,0.08080379503135873,69.06158726850117,69.19040653693082,82.74308611211134,70719.0653629452,70850.97629381716,0.9970703125,1021
2,NATIVE_FP32,ORIGINAL,single_position,256,256,1024,0,1024,1.900187281497195,42.785852510605764,45.988781541418575,1945.7917762531276,43812.7129708603,47092.51229841262,0.9140625,936
2,NATIVE_FP32,ORIGINAL,single_position,512,512,1024,0,1024,13.194840630679941,3.626726295617118,24.400743633181264,13511.51680581626,3713.767726711929,24986.361480377614,0.5458984375,559
2,NATIVE_FP32,ORIGINAL,single_position,1024,1024,1024,0,1024,27.27342877126012,-21.88717074863962,19.002077286844724,27927.991061770364,-22412.46284660697,19458.127141728997,0.2373046875,243
2,NATIVE_FP32,ORIGINAL,single_position,2048,2048,1024,0,1024,31.37821434329978,-27.763986065780045,18.949619249848183,32131.291487538976,-28430.321731358767,19404.41011184454,0.1923828125,197
2,NATIVE_FP32,SHORT_REFIT,position_range,1,32,32768,0,32768,0.0,88.61858347294174,88.61858347294174,0.0,2903853.743241355,2903853.743241355,1.0,32768
2,NATIVE_FP32,SHORT_REFIT,position_range,33,128,98304,0,98304,0.004087263239746729,78.14669992510007,78.15398959473083,401.79432552006244,7682133.189437037,7682849.79312042,0.9996439615885416,98269
2,NATIVE_FP32,SHORT_REFIT,position_range,129,256,131072,0,131072,0.5671686980166679,55.98376424590302,56.96124399995334,74339.9355864407,7337903.947239,7466024.173561884,0.967254638671875,126780
2,NATIVE_FP32,SHORT_REFIT,position_range,257,512,262144,0,262144,7.111029708961722,22.009984137449766,33.546469315364064,1864113.7720260615,5769785.281727632,8794005.652206797,0.7310447692871094,191639
2,NATIVE_FP32,SHORT_REFIT,position_range,513,1024,524288,0,524288,22.80034679219938,-13.453627053313735,21.528284857601946,11953948.218988629,-7053575.220527751,11287021.41142241,0.34986114501953125,183428
2,NATIVE_FP32,SHORT_REFIT,position_range,1025,2048,1048576,0,1048576,31.60395113738222,-27.664353597721536,19.347412244209025,33139144.6678317,-29008177.238084458,20287232.141383722,0.19184017181396484,201159
2,NATIVE_FP32,SHORT_REFIT,single_position,32,32,1024,0,1024,0.0,86.07725237919658,86.07725237919658,0.0,88143.1064362973,88143.1064362973,1.0,1024
2,NATIVE_FP32,SHORT_REFIT,single_position,128,128,1024,0,1024,0.08080379503135873,69.06158726850117,69.19040653693082,82.74308611211134,70719.0653629452,70850.97629381716,0.9970703125,1021
2,NATIVE_FP32,SHORT_REFIT,single_position,256,256,1024,0,1024,1.900187281497195,42.785852510605764,45.988781541418575,1945.7917762531276,43812.7129708603,47092.51229841262,0.9140625,936
2,NATIVE_FP32,SHORT_REFIT,single_position,512,512,1024,0,1024,13.194840630679941,3.626726295617118,24.400743633181264,13511.51680581626,3713.767726711929,24986.361480377614,0.5458984375,559
2,NATIVE_FP32,SHORT_REFIT,single_position,1024,1024,1024,0,1024,27.27342877126012,-21.88717074863962,19.002077286844724,27927.991061770364,-22412.46284660697,19458.127141728997,0.2373046875,243
2,NATIVE_FP32,SHORT_REFIT,single_position,2048,2048,1024,0,1024,31.37821434329978,-27.763986065780045,18.949619249848183,32131.291487538976,-28430.321731358767,19404.41011184454,0.1923828125,197
2,NATIVE_FP32,MIXED_REFIT,position_range,1,32,32768,0,32768,3.039202958569316e-09,47.60414701070067,47.60414701070067,9.958860254639934e-05,1559892.6892466396,1559892.6892466396,1.0,32768
2,NATIVE_FP32,MIXED_REFIT,position_range,33,128,98304,0,98304,0.0048320358229417115,42.83896413915742,42.8470680824928,475.008449538462,4211241.530735731,4212038.180781372,0.999359130859375,98241
2,NATIVE_FP32,MIXED_REFIT,position_range,129,256,131072,0,131072,0.3704874811575847,31.393992395142334,32.01721212291585,48560.53513028694,4114873.371216096,4196560.027374826,0.9655609130859375,126558
2,NATIVE_FP32,MIXED_REFIT,position_range,257,512,262144,0,262144,4.432606460275595,12.132725394532656,19.05091610040934,1161981.1879224856,3180521.1658243686,4994083.350225706,0.7311286926269531,191661
2,NATIVE_FP32,MIXED_REFIT,position_range,513,1024,524288,0,524288,14.124662600306003,-8.810328873439055,12.111549599918746,7405391.105389234,-4619149.704397615,6349940.116642199,0.3495941162109375,183288
2,NATIVE_FP32,MIXED_REFIT,position_range,1025,2048,1048576,0,1048576,19.54978526162192,-17.309981886698854,10.794046567071039,20499435.630490467,-18150831.566827137,11318378.173113082,0.1916065216064453,200914
2,NATIVE_FP32,MIXED_REFIT,single_position,32,32,1024,0,1024,1.1476684209395368e-08,45.983675830226275,45.983675830226275,1.1752124630420857e-05,47087.284050151706,47087.284050151706,1.0,1024
2,NATIVE_FP32,MIXED_REFIT,single_position,128,128,1024,0,1024,0.08017287103762476,37.73931649062433,37.849324034992605,82.09701994252775,38645.06008639932,38757.70781183243,0.9931640625,1017
2,NATIVE_FP32,MIXED_REFIT,single_position,256,256,1024,0,1024,1.1884879854737762,24.23920814275334,26.261031079731765,1217.0116971251468,24820.94913817942,26891.295825645328,0.8984375,920
2,NATIVE_FP32,MIXED_REFIT,single_position,512,512,1024,0,1024,8.171055479822044,1.6766658797896525,13.904468380354956,8367.160811337773,1716.9058609046042,14238.175621483475,0.5556640625,569
2,NATIVE_FP32,MIXED_REFIT,single_position,1024,1024,1024,0,1024,16.92810306491374,-13.788171559688635,10.696109697630163,17334.37753847167,-14119.087677121162,10952.816330373287,0.2470703125,253
2,NATIVE_FP32,MIXED_REFIT,single_position,2048,2048,1024,0,1024,19.861335119296978,-17.78153783412199,10.863991666628863,20338.007162160106,-18208.29474214092,11124.727466627955,0.1865234375,191
2,UNIFORM_8,ORIGINAL,position_range,1,32,32768,0,32768,0.0,88.61804158502855,88.61804158502855,0.0,2903835.9866582155,2903835.9866582155,1.0,32768
2,UNIFORM_8,ORIGINAL,position_range,33,128,98304,0,98304,0.004174062852374067,78.11753410138265,78.12504523104728,410.32707463978034,7679266.072302319,7680004.446392871,0.9996134440104166,98266
2,UNIFORM_8,ORIGINAL,position_range,129,256,131072,0,131072,0.5672023919796993,55.918606163201254,56.898374994617576,74344.35192156315,7329363.547023115,7457783.807294515,0.966796875,126720
2,UNIFORM_8,ORIGINAL,position_range,257,512,262144,0,262144,7.107772027789771,21.986854733795905,33.516104148868614,1863259.7904529218,5763722.047336194,8786045.606001014,0.73046875,191488
2,UNIFORM_8,ORIGINAL,position_range,513,1024,524288,0,524288,22.807512835830053,-13.469706835997565,21.509314615067645,11957705.289671667,-7062005.657631491,11277075.540904585,0.3500213623046875,183512
2,UNIFORM_8,ORIGINAL,position_range,1025,2048,1048576,0,1048576,31.655170518730216,-27.742460876747415,19.319622050907427,33192852.081848055,-29090078.656296298,20258092.011652306,0.1915149688720703,200818
2,UNIFORM_8,ORIGINAL,single_position,32,32,1024,0,1024,0.0,86.08337875484722,86.08337875484722,0.0,88149.37984496355,88149.37984496355,1.0,1024
2,UNIFORM_8,ORIGINAL,single_position,128,128,1024,0,1024,0.08468530891734591,69.00306462963636,69.13866851945932,86.71775633136221,70659.13818074763,70797.99656392634,0.99609375,1020
2,UNIFORM_8,ORIGINAL,single_position,256,256,1024,0,1024,1.8804762766630319,42.689756772335386,45.841010929550976,1925.6077073029446,43714.310934871435,46941.1951918602,0.9140625,936
2,UNIFORM_8,ORIGINAL,single_position,512,512,1024,0,1024,13.024711254224538,3.7994405441349954,24.237618626684707,13337.304324325927,3890.6271171942353,24819.32147372514,0.5478515625,561
2,UNIFORM_8,ORIGINAL,single_position,1024,1024,1024,0,1024,27.339537827137143,-22.1167955872952,18.753155016253004,27995.686734988434,-22647.598681390285,19203.230736643076,0.2451171875,251
2,UNIFORM_8,ORIGINAL,single_position,2048,2048,1024,0,1024,31.813149260086675,-28.129554398386972,18.7135964185145,32576.664842328755,-28804.66370394826,19162.722732558846,0.185546875,190
2,UNIFORM_8,SHORT_REFIT,position_range,1,32,32768,0,32768,0.0,88.61804158502855,88.61804158502855,0.0,2903835.9866582155,2903835.9866582155,1.0,32768
2,UNIFORM_8,SHORT_REFIT,position_range,33,128,98304,0,98304,0.004174062852374067,78.11753410138265,78.12504523104728,410.32707463978034,7679266.072302319,7680004.446392871,0.9996134440104166,98266
2,UNIFORM_8,SHORT_REFIT,position_range,129,256,131072,0,131072,0.5672023919796993,55.918606163201254,56.898374994617576,74344.35192156315,7329363.547023115,7457783.807294515,0.966796875,126720
2,UNIFORM_8,SHORT_REFIT,position_range,257,512,262144,0,262144,7.107772027789771,21.986854733795905,33.516104148868614,1863259.7904529218,5763722.047336194,8786045.606001014,0.73046875,191488
2,UNIFORM_8,SHORT_REFIT,position_range,513,1024,524288,0,524288,22.807512835830053,-13.469706835997565,21.509314615067645,11957705.289671667,-7062005.657631491,11277075.540904585,0.3500213623046875,183512
2,UNIFORM_8,SHORT_REFIT,position_range,1025,2048,1048576,0,1048576,31.655170518730216,-27.742460876747415,19.319622050907427,33192852.081848055,-29090078.656296298,20258092.011652306,0.1915149688720703,200818
2,UNIFORM_8,SHORT_REFIT,single_position,32,32,1024,0,1024,0.0,86.08337875484722,86.08337875484722,0.0,88149.37984496355,88149.37984496355,1.0,1024
2,UNIFORM_8,SHORT_REFIT,single_position,128,128,1024,0,1024,0.08468530891734591,69.00306462963636,69.13866851945932,86.71775633136221,70659.13818074763,70797.99656392634,0.99609375,1020
2,UNIFORM_8,SHORT_REFIT,single_position,256,256,1024,0,1024,1.8804762766630319,42.689756772335386,45.841010929550976,1925.6077073029446,43714.310934871435,46941.1951918602,0.9140625,936
2,UNIFORM_8,SHORT_REFIT,single_position,512,512,1024,0,1024,13.024711254224538,3.7994405441349954,24.237618626684707,13337.304324325927,3890.6271171942353,24819.32147372514,0.5478515625,561
2,UNIFORM_8,SHORT_REFIT,single_position,1024,1024,1024,0,1024,27.339537827137143,-22.1167955872952,18.753155016253004,27995.686734988434,-22647.598681390285,19203.230736643076,0.2451171875,251
2,UNIFORM_8,SHORT_REFIT,single_position,2048,2048,1024,0,1024,31.813149260086675,-28.129554398386972,18.7135964185145,32576.664842328755,-28804.66370394826,19162.722732558846,0.185546875,190
2,UNIFORM_8,MIXED_REFIT,position_range,1,32,32768,0,32768,3.814299249386573e-09,47.603263736251506,47.603263736251506,0.00012498695780389923,1559863.7461094894,1559863.7461094894,1.0,32768
2,UNIFORM_8,MIXED_REFIT,position_range,33,128,98304,0,98304,0.004935815238165376,42.823336152597825,42.831700357279566,485.2103811726091,4209705.237144977,4210527.47192201,0.999359130859375,98241
2,UNIFORM_8,MIXED_REFIT,position_range,129,256,131072,0,131072,0.37013342468184596,31.354496563728958,31.97530070240572,48514.12823989891,4109696.573601082,4191066.6136657223,0.9649887084960938,126483
2,UNIFORM_8,MIXED_REFIT,position_range,257,512,262144,0,262144,4.427394168272748,12.11914036553732,19.02635642557688,1160614.8168476913,3176959.931983415,4987645.178826425,0.7315025329589844,191759
2,UNIFORM_8,MIXED_REFIT,position_range,513,1024,524288,0,524288,14.116274603338965,-8.813280654480259,12.086860049201384,7400993.379235379,-4620697.287776146,6336995.681475695,0.34950828552246094,183243
2,UNIFORM_8,MIXED_REFIT,position_range,1025,2048,1048576,0,1048576,19.562101463378312,-17.333365425984827,10.779671935008903,20512350.104063377,-18175350.984917466,11303305.278923895,0.19130325317382812,200596
2,UNIFORM_8,MIXED_REFIT,single_position,32,32,1024,0,1024,1.4342409931494002e-08,45.982219382727635,45.982219382727635,1.4686627769849858e-05,47085.7926479131,47085.7926479131,1.0,1024
2,UNIFORM_8,MIXED_REFIT,single_position,128,128,1024,0,1024,0.08266994007036427,37.706642901230225,37.81989474122747,84.65401863205301,38611.60233085975,38727.57221501693,0.9921875,1016
2,UNIFORM_8,MIXED_REFIT,single_position,256,256,1024,0,1024,1.1734114467368988,24.15351077642481,26.150134375970083,1201.5733214585844,24733.195035059005,26777.737600993365,0.8896484375,911
2,UNIFORM_8,MIXED_REFIT,single_position,512,512,1024,0,1024,8.110000556436916,1.7824227736055036,13.940482595826325,8304.640569791402,1825.2009201720357,14275.054178126156,0.5576171875,571
2,UNIFORM_8,MIXED_REFIT,single_position,1024,1024,1024,0,1024,16.854478587746602,-13.84283607742691,10.65645422743546,17258.98607385252,-14175.064143285155,10912.209128893912,0.2470703125,253
2,UNIFORM_8,MIXED_REFIT,single_position,2048,2048,1024,0,1024,20.176299139584746,-18.055487271420134,11.011030939997,20660.53031893478,-18488.818965934217,11275.295682556927,0.1787109375,183
