checkpoint_seed,comparison,kind,rmst0_delta_tokens,interval_low_tokens,interval_high_tokens,interval_confidence,bootstrap_repetitions,bootstrap_seed,n_paired_sequences
0,NATIVE_FP32/MIXED_REFIT - NATIVE_FP32/ORIGINAL,secondary_pointwise,-10.2041015625,-14.109423828125,-6.501757812500003,0.95,5000,63101,1024
0,UNIFORM_8/MIXED_REFIT - UNIFORM_8/SHORT_REFIT,secondary_pointwise,-9.8896484375,-13.665112304687499,-6.1664794921875075,0.95,5000,63102,1024
0,UNIFORM_8/ORIGINAL - NATIVE_FP32/ORIGINAL,secondary_pointwise,-1.58984375,-3.3575439453124996,0.12219238281249822,0.95,5000,63103,1024
0,UNIFORM_8/SHORT_REFIT - NATIVE_FP32/SHORT_REFIT,secondary_pointwise,-1.58984375,-3.3302490234374993,0.11042480468749893,0.95,5000,63104,1024
0,UNIFORM_8/MIXED_REFIT - NATIVE_FP32/MIXED_REFIT,secondary_pointwise,-1.275390625,-3.677929687499999,1.1474853515624996,0.95,5000,63105,1024
1,NATIVE_FP32/MIXED_REFIT - NATIVE_FP32/ORIGINAL,secondary_pointwise,-9.5361328125,-14.09111328125,-5.034057617187502,0.95,5000,63111,1024
1,UNIFORM_8/MIXED_REFIT - UNIFORM_8/SHORT_REFIT,secondary_pointwise,-10.4013671875,-14.7939697265625,-5.902148437500003,0.95,5000,63112,1024
1,UNIFORM_8/ORIGINAL - NATIVE_FP32/ORIGINAL,secondary_pointwise,-2.0185546875,-5.3603759765625,1.0997314453124982,0.95,5000,63113,1024
1,UNIFORM_8/SHORT_REFIT - NATIVE_FP32/SHORT_REFIT,secondary_pointwise,-2.0185546875,-5.239599609374999,1.0216064453124982,0.95,5000,63114,1024
1,UNIFORM_8/MIXED_REFIT - NATIVE_FP32/MIXED_REFIT,secondary_pointwise,-2.8837890625,-5.1866210937499995,-0.7235839843750007,0.95,5000,63115,1024
2,NATIVE_FP32/MIXED_REFIT - NATIVE_FP32/ORIGINAL,secondary_pointwise,-13.205078125,-16.704150390625,-9.829956054687502,0.95,5000,63121,1024
2,UNIFORM_8/MIXED_REFIT - UNIFORM_8/SHORT_REFIT,secondary_pointwise,-13.494140625,-16.9375244140625,-10.050708007812501,0.95,5000,63122,1024
2,UNIFORM_8/ORIGINAL - NATIVE_FP32/ORIGINAL,secondary_pointwise,0.107421875,-0.9717041015624999,1.2392578125,0.95,5000,63123,1024
2,UNIFORM_8/SHORT_REFIT - NATIVE_FP32/SHORT_REFIT,secondary_pointwise,0.107421875,-0.986328125,1.1671630859374975,0.95,5000,63124,1024
2,UNIFORM_8/MIXED_REFIT - NATIVE_FP32/MIXED_REFIT,secondary_pointwise,-0.181640625,-1.615234375,1.2617431640624996,0.95,5000,63125,1024
