checkpoint_seed,storage,first_group_token,last_group_token,denominator_tokens,original_ce_nats,mixed_ce_nats,ce_delta_nats,original_accuracy,mixed_accuracy,original_first_errors,mixed_first_errors,both_correct,original_only_correct,mixed_only_correct,both_wrong_same_answer,wrong_to_wrong_different_answer,all_answer_disagreement,both_wrong_total
0,NATIVE_FP32,1,32,32768,1.734723475976807e-18,0.0001868511261719437,0.00018685112617194196,1.0,1.0,0,0,32768,0,0,0,0,0,0
0,NATIVE_FP32,33,128,98304,0.012047138434609203,0.002659193952161524,-0.00938794448244768,0.9991963704427084,0.99945068359375,23,22,98204,21,46,33,0,67,33
0,NATIVE_FP32,129,256,131072,0.9002787152500655,0.10885563870298032,-0.7914230765470852,0.9597015380859375,0.9667205810546875,430,451,124879,911,1831,3338,113,2855,3451
0,NATIVE_FP32,257,512,262144,8.313350435522525,1.079002801000714,-7.234347634521811,0.75860595703125,0.7706985473632812,520,521,190333,8531,11701,48590,2989,23221,51579
0,NATIVE_FP32,513,1024,524288,27.90498080543931,5.825575136274386,-22.07940566916492,0.4354572296142578,0.4383201599121094,51,30,202454,25851,27352,236474,32157,85360,268631
0,NATIVE_FP32,1025,2048,1048576,47.93080384082437,16.06852795576377,-31.862275885060598,0.21486854553222656,0.21423625946044922,0,0,182048,43258,42595,647654,133021,218874,780675
0,UNIFORM_8,1,32,32768,2.0057740190981832e-18,0.0001848448653176394,0.0001848448653176374,1.0,1.0,0,0,32768,0,0,0,0,0,0
0,UNIFORM_8,33,128,98304,0.012450393215564959,0.002724044134257102,-0.009726349081307857,0.999176025390625,0.999481201171875,26,24,98203,20,50,31,0,70,31
0,UNIFORM_8,129,256,131072,0.9254632133585963,0.11257506615160937,-0.8128881472069869,0.958587646484375,0.9659042358398438,422,457,124707,937,1896,3425,107,2940,3532
0,UNIFORM_8,257,512,262144,8.422930569467107,1.097542086519916,-7.325388482947192,0.7563667297363281,0.7673568725585938,528,513,189470,8807,11688,49121,3058,23553,52179
0,UNIFORM_8,513,1024,524288,28.219906371863008,5.988011339352747,-22.23189503251026,0.4327373504638672,0.4345855712890625,48,30,200246,26633,27602,236669,33138,87373,269807
0,UNIFORM_8,1025,2048,1048576,48.097282176886736,16.18631775192293,-31.910964424963804,0.21201324462890625,0.21129989624023438,0,0,178680,43632,42884,645905,137475,223991,783380
1,NATIVE_FP32,1,32,32768,5.50917005157775e-16,0.0005804156635868254,0.0005804156635862745,1.0,1.0,0,0,32768,0,0,0,0,0,0
1,NATIVE_FP32,33,128,98304,0.11570367369970914,0.015492356991815809,-0.10021131670789334,0.9955342610677084,0.9960734049479166,97,89,97762,103,156,276,7,266,283
1,NATIVE_FP32,129,256,131072,2.28057518201873,0.2395516248993806,-2.0410235571193494,0.9260635375976562,0.9295654296875,469,498,119490,1891,2350,7038,303,4544,7341
1,NATIVE_FP32,257,512,262144,10.605244984616517,1.0750538817204256,-9.530191102896092,0.7152557373046875,0.719970703125,411,402,176430,11070,12306,58676,3662,27038,62338
1,NATIVE_FP32,513,1024,524288,21.286921757895207,2.102099751530983,-19.184822006364225,0.4799060821533203,0.4865608215332031,46,34,221066,30543,34032,218949,19698,84273,238647
1,NATIVE_FP32,1025,2048,1048576,26.38574238998203,2.5934716641193916,-23.79227072586264,0.3621330261230469,0.3641805648803711,1,1,306929,72795,74942,527835,66075,213812,593910
1,UNIFORM_8,1,32,32768,5.299173643294464e-16,0.0005838927045384404,0.0005838927045379105,1.0,1.0,0,0,32768,0,0,0,0,0,0
1,UNIFORM_8,33,128,98304,0.12140461411564596,0.0158346594273307,-0.10556995468831526,0.995452880859375,0.9960530598958334,93,90,97751,106,165,276,6,277,282
1,UNIFORM_8,129,256,131072,2.2983237793805524,0.24169311964358348,-2.056630659736969,0.9253997802734375,0.9288177490234375,478,501,119354,1940,2388,7071,319,4647,7390
1,UNIFORM_8,257,512,262144,10.619345351951583,1.078195262580898,-9.541150089370685,0.7142257690429688,0.7185592651367188,414,404,176065,11165,12301,58868,3745,27211,62613
1,UNIFORM_8,513,1024,524288,21.280091384475583,2.1043648234436696,-19.17572656103191,0.4779834747314453,0.4844551086425781,38,28,219770,30831,34224,219105,20358,85413,239463
1,UNIFORM_8,1025,2048,1048576,26.36261931835829,2.5935229973889355,-23.769096320969357,0.3609733581542969,0.3617410659790039,1,1,304020,74488,75293,526777,67998,217779,594775
2,NATIVE_FP32,1,32,32768,0.0,3.039202958569316e-09,3.039202958569316e-09,1.0,1.0,0,0,32768,0,0,0,0,0,0
2,NATIVE_FP32,33,128,98304,0.004087263239746729,0.0048320358229417115,0.0007447725831949822,0.9996439615885416,0.999359130859375,20,43,98219,50,22,11,2,74,13
2,NATIVE_FP32,129,256,131072,0.5671686980166679,0.3704874811575847,-0.19668121685908324,0.967254638671875,0.9655609130859375,625,672,124835,1945,1723,1982,587,4255,2569
2,NATIVE_FP32,257,512,262144,7.111029708961722,4.432606460275595,-2.6784232486861264,0.7310447692871094,0.7311286926269531,376,309,175866,15773,15795,41489,13221,44789,54710
2,NATIVE_FP32,513,1024,524288,22.80034679219938,14.124662600306003,-8.675684191893378,0.34986114501953125,0.3495941162109375,3,0,145696,37732,37592,223077,80191,155515,303268
2,NATIVE_FP32,1025,2048,1048576,31.60395113738222,19.54978526162192,-12.054165875760301,0.19184017181396484,0.1916065216064453,0,0,138875,62284,62039,563047,222331,346654,785378
2,UNIFORM_8,1,32,32768,0.0,3.814299249386573e-09,3.814299249386573e-09,1.0,1.0,0,0,32768,0,0,0,0,0,0
2,UNIFORM_8,33,128,98304,0.004174062852374067,0.004935815238165376,0.0007617523857913087,0.9996134440104166,0.999359130859375,23,43,98218,48,23,13,2,73,15
2,UNIFORM_8,129,256,131072,0.5672023919796993,0.37013342468184596,-0.1970689672978534,0.966796875,0.9649887084960938,627,661,124770,1950,1713,2024,615,4278,2639
2,UNIFORM_8,257,512,262144,7.107772027789771,4.427394168272748,-2.680377859517023,0.73046875,0.7315025329589844,372,320,175838,15650,15921,41581,13154,44725,54735
2,UNIFORM_8,513,1024,524288,22.807512835830053,14.116274603338965,-8.691238232491088,0.3500213623046875,0.34950828552246094,2,0,145598,37914,37645,222323,80808,156367,303131
2,UNIFORM_8,1025,2048,1048576,31.655170518730216,19.562101463378312,-12.093069055351904,0.1915149688720703,0.19130325317382812,0,0,138475,62343,62121,563203,222434,346898,785637
