checkpoint_seed,head,candidate_index,selected,lambda,status,iterations,objective_evaluations,fitting_dtype,export_dtype,initial_objective,final_objective,initial_ce,final_ce,initial_max_abs_gradient,final_max_abs_gradient,gradient_tolerance,gradient_tolerance_met,dev_equal_band_ce,source,source_sha256
0,SHORT_REFIT,0,False,0.0001,GRADIENT_TOLERANCE_MET,0,1,float64,float32,2.7105054312137608e-20,2.7105054312137608e-20,2.7105054312137608e-20,2.7105054312137608e-20,6.290135004314121e-19,6.290135004314121e-19,1e-07,True,0.20226327753921983,results/fit-seed0-SHORT_REFIT.json,54c023f96d3e99246e4cc6da39a6f8f995418992f71010cf50417bc3a563e312
0,SHORT_REFIT,1,False,0.01,GRADIENT_TOLERANCE_MET,0,1,float64,float32,2.7105054312137608e-20,2.7105054312137608e-20,2.7105054312137608e-20,2.7105054312137608e-20,6.290135004314121e-19,6.290135004314121e-19,1e-07,True,0.20226327753921983,results/fit-seed0-SHORT_REFIT.json,54c023f96d3e99246e4cc6da39a6f8f995418992f71010cf50417bc3a563e312
0,SHORT_REFIT,2,True,1.0,GRADIENT_TOLERANCE_MET,0,1,float64,float32,2.7105054312137608e-20,2.7105054312137608e-20,2.7105054312137608e-20,2.7105054312137608e-20,6.290135004314121e-19,6.290135004314121e-19,1e-07,True,0.20226327753921983,results/fit-seed0-SHORT_REFIT.json,54c023f96d3e99246e4cc6da39a6f8f995418992f71010cf50417bc3a563e312
0,MIXED_REFIT,0,True,0.0001,MAX_ITER_NOT_CONVERGED,200,216,float64,float32,0.20924876845897078,0.02037819630006673,0.20924876845897078,0.015473757542660465,0.026248401048103456,3.6319696001459132e-06,1e-07,False,0.02763275117538417,results/fit-seed0-MIXED_REFIT.json,3fa66fca794372364a2a8833faae1da73d401ccce1325bb334e5ef7d99486688
0,MIXED_REFIT,1,False,0.01,OPTIMIZER_SMALL_CHANGE_OR_DIRECTION_STOP,29,30,float64,float32,0.20924876845897078,0.13569056069474414,0.20924876845897078,0.0812566301395659,0.026248401048103456,3.915908787530424e-06,1e-07,False,0.08701073964989738,results/fit-seed0-MIXED_REFIT.json,3fa66fca794372364a2a8833faae1da73d401ccce1325bb334e5ef7d99486688
0,MIXED_REFIT,2,False,1.0,OPTIMIZER_SMALL_CHANGE_OR_DIRECTION_STOP,5,5,float64,float32,0.20924876845897078,0.20682733777761167,0.20924876845897078,0.2046411978324707,0.026248401048103456,1.8303967704224808e-06,1e-07,False,0.1992401285860259,results/fit-seed0-MIXED_REFIT.json,3fa66fca794372364a2a8833faae1da73d401ccce1325bb334e5ef7d99486688
1,SHORT_REFIT,0,False,0.0001,GRADIENT_TOLERANCE_MET,0,1,float64,float32,9.18088847131228e-16,9.18088847131228e-16,9.18088847131228e-16,9.18088847131228e-16,1.6057683429297834e-14,1.6057683429297834e-14,1e-07,True,0.7276895847740069,results/fit-seed1-SHORT_REFIT.json,26b4ac7760313f7e4d54528ce94892bd469257187c38469cc9c10ecf37f44ff3
1,SHORT_REFIT,1,False,0.01,GRADIENT_TOLERANCE_MET,0,1,float64,float32,9.18088847131228e-16,9.18088847131228e-16,9.18088847131228e-16,9.18088847131228e-16,1.6057683429297834e-14,1.6057683429297834e-14,1e-07,True,0.7276895847740069,results/fit-seed1-SHORT_REFIT.json,26b4ac7760313f7e4d54528ce94892bd469257187c38469cc9c10ecf37f44ff3
1,SHORT_REFIT,2,True,1.0,GRADIENT_TOLERANCE_MET,0,1,float64,float32,9.18088847131228e-16,9.18088847131228e-16,9.18088847131228e-16,9.18088847131228e-16,1.6057683429297834e-14,1.6057683429297834e-14,1e-07,True,0.7276895847740069,results/fit-seed1-SHORT_REFIT.json,26b4ac7760313f7e4d54528ce94892bd469257187c38469cc9c10ecf37f44ff3
1,MIXED_REFIT,0,True,0.0001,MAX_ITER_NOT_CONVERGED,200,210,float64,float32,0.49831329652615897,0.04185031273169504,0.49831329652615897,0.036848946761679456,0.07451034462478012,0.0002485078229158741,1e-07,False,0.07893824551778152,results/fit-seed1-MIXED_REFIT.json,0f2604d08db0dbdf7d228aeaeb9c5e8c9ab432d9498709f9ab729d31c8ee7f17
1,MIXED_REFIT,1,False,0.01,OPTIMIZER_SMALL_CHANGE_OR_DIRECTION_STOP,55,69,float64,float32,0.49831329652615897,0.15120534675600017,0.49831329652615897,0.06759988459718146,0.07451034462478012,2.4701686993531743e-06,1e-07,False,0.10941122339470803,results/fit-seed1-MIXED_REFIT.json,0f2604d08db0dbdf7d228aeaeb9c5e8c9ab432d9498709f9ab729d31c8ee7f17
1,MIXED_REFIT,2,False,1.0,OPTIMIZER_SMALL_CHANGE_OR_DIRECTION_STOP,5,6,float64,float32,0.49831329652615897,0.4799265313914098,0.49831329652615897,0.46394022004566327,0.07451034462478012,8.686244805725107e-07,1e-07,False,0.6905882503867056,results/fit-seed1-MIXED_REFIT.json,0f2604d08db0dbdf7d228aeaeb9c5e8c9ab432d9498709f9ab729d31c8ee7f17
2,SHORT_REFIT,0,False,0.0001,GRADIENT_TOLERANCE_MET,0,1,float64,float32,6.601435977717546e-17,6.601435977717546e-17,6.601435977717546e-17,6.601435977717546e-17,1.362665405717128e-15,1.362665405717128e-15,1e-07,True,0.17691816837264238,results/fit-seed2-SHORT_REFIT.json,158e18d62b773d9806ddd74e0d66f311bc7987270353c452c28b9402f92520d8
2,SHORT_REFIT,1,False,0.01,GRADIENT_TOLERANCE_MET,0,1,float64,float32,6.601435977717546e-17,6.601435977717546e-17,6.601435977717546e-17,6.601435977717546e-17,1.362665405717128e-15,1.362665405717128e-15,1e-07,True,0.17691816837264238,results/fit-seed2-SHORT_REFIT.json,158e18d62b773d9806ddd74e0d66f311bc7987270353c452c28b9402f92520d8
2,SHORT_REFIT,2,True,1.0,GRADIENT_TOLERANCE_MET,0,1,float64,float32,6.601435977717546e-17,6.601435977717546e-17,6.601435977717546e-17,6.601435977717546e-17,1.362665405717128e-15,1.362665405717128e-15,1e-07,True,0.17691816837264238,results/fit-seed2-SHORT_REFIT.json,158e18d62b773d9806ddd74e0d66f311bc7987270353c452c28b9402f92520d8
2,MIXED_REFIT,0,True,0.0001,OPTIMIZER_SMALL_CHANGE_OR_DIRECTION_STOP,104,105,float64,float32,0.14222509056142227,0.005015658191796358,0.14222509056142227,0.0007863197062470032,0.022528157092232295,6.701331260642956e-07,1e-07,False,0.10784734439385489,results/fit-seed2-MIXED_REFIT.json,e46d46f599e0b953179e98e50630f162e14755733acc0cf806f0cef0d5e99509
2,MIXED_REFIT,1,False,0.01,OPTIMIZER_SMALL_CHANGE_OR_DIRECTION_STOP,25,27,float64,float32,0.14222509056142227,0.09278453753388546,0.14222509056142227,0.06907962391687308,0.022528157092232295,2.9725710019492396e-06,1e-07,False,0.149866620638381,results/fit-seed2-MIXED_REFIT.json,e46d46f599e0b953179e98e50630f162e14755733acc0cf806f0cef0d5e99509
2,MIXED_REFIT,2,False,1.0,OPTIMIZER_SMALL_CHANGE_OR_DIRECTION_STOP,4,4,float64,float32,0.14222509056142227,0.1403197096939507,0.14222509056142227,0.13851040320154054,0.022528157092232295,9.10857697087198e-07,1e-07,False,0.17479811944837753,results/fit-seed2-MIXED_REFIT.json,e46d46f599e0b953179e98e50630f162e14755733acc0cf806f0cef0d5e99509
