model_seed,arm,cohort,N,T,source_sequence_id,original_row,original_failure_write,actual_terminal_write,terminal_code,terminal_name,v1_v2_full_predictions_equal,v1_v2_final_body_hashes_equal,v1_full_split_predictions_equal,v1_first_split_difference_write,v1_first_split_difference_reference,v1_first_split_difference_resumed,v2_full_split_predictions_equal,v2_full_fresh_predictions_equal,v2_full_split_payload_hashes_equal,v2_full_fresh_payload_hashes_equal,post_failure_appendix_pass,post_failure_body_hash_frozen,post_failure_cursor_advances,fresh_resume_immediately_after_failure,A_finite_wrong_scored_tokens,B_invalid_active_readouts_including_BOS,BOS_invalid_predictions,C_terminal_sequences,active_update_attempts,terminal_noop_steps,receipt,receipt_sha256,boundary_receipt,boundary_receipt_sha256
0,FULL_RESIDUAL_4_4,EXTRA_FIRST4_DEV2001_T64,4,64,,,,,,,True,True,True,,,,True,True,True,True,,,,,0,0,0,0,260,0,results/historical/seed0/EXTRA_FIRST4_DEV2001_T64--FULL_RESIDUAL_4_4/receipt.json,60932b2951572014ca7a5041f58292204b7ff7d01d241ff575912b5299dbce64,,
0,LOWRANK_4_8_R1,EXTRA_FIRST4_DEV2001_T64,4,64,,,,,,,True,True,True,,,,True,True,True,True,,,,,0,0,0,0,260,0,results/historical/seed0/EXTRA_FIRST4_DEV2001_T64--LOWRANK_4_8_R1/receipt.json,1335b2b0d6d7c28a22ca55252c8a26fc2e6b190340c965a045cea54a24d217dc,,
0,LOWRANK_4_8_R2,HISTORICAL_FIRST16_TEST3001,16,2048,,,,,,,True,True,True,,,,True,True,True,True,,,,,13581,0,0,0,32784,0,results/historical/seed0/HISTORICAL_FIRST16_TEST3001--LOWRANK_4_8_R2/receipt.json,0a64a15b96912c55713858f1ceb5bd567584af4352a48edb78b2ee60daf29982,,
0,NATIVE_FP32,HISTORICAL_FIRST16_TEST3001,16,2048,,,,,,,True,True,True,,,,True,True,True,True,,,,,17721,0,0,0,32784,0,results/historical/seed0/HISTORICAL_FIRST16_TEST3001--NATIVE_FP32/receipt.json,9083e9ea24108db69afb1fc133dcc2422f860d97d23bcdd830cf391a7e1c0710,,
0,STOCHASTIC_8,EXTRA_FIRST4_DEV2001_T64,4,64,,,,,,,True,True,True,,,,True,True,True,True,,,,,0,0,0,0,260,0,results/historical/seed0/EXTRA_FIRST4_DEV2001_T64--STOCHASTIC_8/receipt.json,1d4ad0243ca4fa78762e82bb97577bdd73606912328306757554763bd080a3e0,,
0,UNIFORM_2,ORIGINAL_INVALID_STREAM_B1_TEST3001,1,2048,S3:TEST:3001:000077,77,838,838,2,TRANSITION_NONFINITE,True,False,False,1025,-1,3,True,True,True,True,True,True,True,True,502,0,0,1,839,1210,results/historical/seed0/ORIGINAL_INVALID_STREAM_B1_TEST3001--UNIFORM_2/receipt.json,c0345c3d037108542a6e8046e33f2d0d86ba60a46c7c2e1436dd494e9537810b,results/historical-failure-boundaries/seed0--UNIFORM_2/receipt.json,44d7bd2edf944cd9a55dba6b4134082dec58d163bf1131d51e796df0fffa5518
0,UNIFORM_3,ORIGINAL_INVALID_STREAM_B1_TEST3001,1,2048,S3:TEST:3001:000008,8,1741,1741,2,TRANSITION_NONFINITE,True,False,True,,,,True,True,True,True,True,True,True,True,1066,0,0,1,1742,307,results/historical/seed0/ORIGINAL_INVALID_STREAM_B1_TEST3001--UNIFORM_3/receipt.json,f511b097906e2191bc7d7ef2a2f78d7fce06b5ab2f196d1b770d67c91939e968,results/historical-failure-boundaries/seed0--UNIFORM_3/receipt.json,41e786392c761872dadf0800959cac37acadfb57f3da44a4b96df66d21c001e9
0,UNIFORM_5,HISTORICAL_FIRST16_TEST3001,16,2048,,,,,,,True,True,True,,,,True,True,True,True,,,,,17678,0,0,0,32784,0,results/historical/seed0/HISTORICAL_FIRST16_TEST3001--UNIFORM_5/receipt.json,dfd20ce4886575fdc156cb9978f21ed96e929223538c977fd8c3478df4cbda0a,,
0,UNIFORM_8,HISTORICAL_FIRST16_TEST3001,16,2048,,,,,,,True,True,True,,,,True,True,True,True,,,,,17920,0,0,0,32784,0,results/historical/seed0/HISTORICAL_FIRST16_TEST3001--UNIFORM_8/receipt.json,b12fddeca2f9826392702ba0c3a6f601be54ce6d08a255cbd0b2a448ca9fd879,,
1,LOWRANK_4_8_R2,HISTORICAL_FIRST16_TEST3001,16,2048,,,,,,,True,True,True,,,,True,True,True,True,,,,,17733,0,0,0,32784,0,results/historical/seed1/HISTORICAL_FIRST16_TEST3001--LOWRANK_4_8_R2/receipt.json,77a30af90fdc40a4ad50ab750ec02abc23678917679441692125ef66bdbfe960,,
1,NATIVE_FP32,HISTORICAL_FIRST16_TEST3001,16,2048,,,,,,,True,True,True,,,,True,True,True,True,,,,,17834,0,0,0,32784,0,results/historical/seed1/HISTORICAL_FIRST16_TEST3001--NATIVE_FP32/receipt.json,b5f8db2d88b06e1258e9ed24cecd917841eaefd5a0b40155c2b77da100bec0d8,,
1,UNIFORM_2,ORIGINAL_INVALID_STREAM_B1_TEST3001,1,2048,S3:TEST:3001:000031,31,623,623,2,TRANSITION_NONFINITE,True,False,False,1025,-1,4,True,True,True,True,True,True,True,True,351,0,0,1,624,1425,results/historical/seed1/ORIGINAL_INVALID_STREAM_B1_TEST3001--UNIFORM_2/receipt.json,a65a4b31e149a29db0783419d369f6312e89838a966b0a6a31dd4b03f70d95a3,results/historical-failure-boundaries/seed1--UNIFORM_2/receipt.json,84d2c73e0acc1e7c60671164aa86772e0b029242d79e02f9bc94df5a65be28f1
1,UNIFORM_5,HISTORICAL_FIRST16_TEST3001,16,2048,,,,,,,True,True,True,,,,True,True,True,True,,,,,18177,0,0,0,32784,0,results/historical/seed1/HISTORICAL_FIRST16_TEST3001--UNIFORM_5/receipt.json,0c6605a478c2891f82fb5ff5464884b2b0ac41d96db7f4a79c64ec6a3dfa1996,,
1,UNIFORM_8,HISTORICAL_FIRST16_TEST3001,16,2048,,,,,,,True,True,True,,,,True,True,True,True,,,,,17912,0,0,0,32784,0,results/historical/seed1/HISTORICAL_FIRST16_TEST3001--UNIFORM_8/receipt.json,99330397d801bcfcbe8a9726d52194aad463c003d7c4901fb74259c0cba0c752,,
2,LOWRANK_4_8_R2,HISTORICAL_FIRST16_TEST3001,16,2048,,,,,,,True,True,True,,,,True,True,True,True,,,,,19148,0,0,0,32784,0,results/historical/seed2/HISTORICAL_FIRST16_TEST3001--LOWRANK_4_8_R2/receipt.json,3a3f4cdfbca7fbc034750b4b1f37327628ec6597a64f194135e2ffb05e6cac2f,,
2,NATIVE_FP32,HISTORICAL_FIRST16_TEST3001,16,2048,,,,,,,True,True,True,,,,True,True,True,True,,,,,19419,0,0,0,32784,0,results/historical/seed2/HISTORICAL_FIRST16_TEST3001--NATIVE_FP32/receipt.json,8b58d5c23415617766d968e160feedfba74a43517516263a143d14025344056c,,
2,UNIFORM_2,ORIGINAL_INVALID_STREAM_B1_TEST3001,1,2048,S3:TEST:3001:000005,5,867,867,2,TRANSITION_NONFINITE,True,False,False,1025,-1,2,True,True,True,True,True,True,True,True,684,0,0,1,868,1181,results/historical/seed2/ORIGINAL_INVALID_STREAM_B1_TEST3001--UNIFORM_2/receipt.json,b916e312adc9b6c754b74f548b387252c24e05cf44288fe48e0004c41a3291ce,results/historical-failure-boundaries/seed2--UNIFORM_2/receipt.json,8f6d60a1ceaf299b054dd5166707ae3f7f5232dbce179efeb4a2e4688760646a
2,UNIFORM_5,HISTORICAL_FIRST16_TEST3001,16,2048,,,,,,,True,True,True,,,,True,True,True,True,,,,,20321,0,0,0,32784,0,results/historical/seed2/HISTORICAL_FIRST16_TEST3001--UNIFORM_5/receipt.json,d3031cdab8449bf391a91de6195b02d5fa3ba0d6040edf9a02bc2031b4dea223,,
2,UNIFORM_8,HISTORICAL_FIRST16_TEST3001,16,2048,,,,,,,True,True,True,,,,True,True,True,True,,,,,19356,0,0,0,32784,0,results/historical/seed2/HISTORICAL_FIRST16_TEST3001--UNIFORM_8/receipt.json,124eabd2ba51ce14c9bd528aea80ebf81fb0df1dbe3f8fd38762150bc327d54e,,
