phase,model_seed,candidate,N_streams,candidate_total_byte_cap,candidate_amortized_bytes,candidate_stream_bytes,candidate_shared_bytes,family_size,feasible_baseline_count,feasible_baselines,native_fp32_feasible,baseline_selection_scope,tie_rule,comparison_scope,additional_complete_call_timing,candidate_source_sha256,candidate_empirical_T05,best_TEST_empirical_T05_baseline,best_TEST_empirical_T05,best_TEST_empirical_T05_total_bytes,best_TEST_empirical_T05_source_sha256,candidate_empirical_T05_status,best_TEST_empirical_T05_status,candidate_supported_T05,best_TEST_supported_T05_baseline,best_TEST_supported_T05,best_TEST_supported_T05_total_bytes,best_TEST_supported_T05_source_sha256,candidate_supported_T05_status,best_TEST_supported_T05_status,candidate_empirical_T01,best_TEST_empirical_T01_baseline,best_TEST_empirical_T01,best_TEST_empirical_T01_total_bytes,best_TEST_empirical_T01_source_sha256,candidate_empirical_T01_status,best_TEST_empirical_T01_status,candidate_supported_T01,best_TEST_supported_T01_baseline,best_TEST_supported_T01,best_TEST_supported_T01_total_bytes,best_TEST_supported_T01_source_sha256,candidate_supported_T01_status,best_TEST_supported_T01_status,candidate_rmst,best_TEST_rmst_baseline,best_TEST_rmst,best_TEST_rmst_total_bytes,best_TEST_rmst_source_sha256,candidate_final_survival,best_TEST_final_survival_baseline,best_TEST_final_survival,best_TEST_final_survival_total_bytes,best_TEST_final_survival_source_sha256
POST_HOC_BUDGET_AUDIT_SAME_TEST,0,FULL_RESIDUAL_4_4,1,33110,33110.0,3176,29934,630,14,MIXED_4_8;MIXED_4_8_TOP2;MIXED_4_8_TOP5;MIXED_6_8;MIXED_6_8_TOP1;MIXED_6_8_TOP4;STOCHASTIC_4;UNIFORM_2;UNIFORM_3;UNIFORM_4;UNIFORM_5;UNIFORM_6;UNIFORM_7;UNIFORM_8,False,"best feasible on the reused TEST sample; not DEV-selected, independent confirmation, or a superiority test","maximize the named metric, then RMST; minimize total bytes, then arm name lexicographically",lower-bound or point-estimate ordering does not establish statistical superiority,NOT_MEASURED,537b202c3648be90fd40b31ffd0e34c37a1a2d334b1e849c83974007c2ccada3,128,MIXED_6_8_TOP4,128,32583,5634fdc7e3a49c16c560b8bfaef3210a18bf6e51331f2b98444cb8e095e8e208,largest qualifying empirical sample grid horizon,largest qualifying empirical sample grid horizon,64,MIXED_6_8_TOP4,64,32583,5634fdc7e3a49c16c560b8bfaef3210a18bf6e51331f2b98444cb8e095e8e208,simultaneous confidence-supported lower bound >= 64,simultaneous confidence-supported lower bound >= 64,64,MIXED_6_8_TOP4,64,32583,5634fdc7e3a49c16c560b8bfaef3210a18bf6e51331f2b98444cb8e095e8e208,largest qualifying empirical sample grid horizon,largest qualifying empirical sample grid horizon,,,,,,no qualifying grid horizon (<32); not a measured zero horizon,no qualifying grid horizon (<32); not a measured zero horizon,282.251953125,MIXED_6_8_TOP4,283.775390625,32583,5634fdc7e3a49c16c560b8bfaef3210a18bf6e51331f2b98444cb8e095e8e208,0.0,MIXED_6_8_TOP4,0.0,32583,5634fdc7e3a49c16c560b8bfaef3210a18bf6e51331f2b98444cb8e095e8e208
POST_HOC_BUDGET_AUDIT_SAME_TEST,0,FULL_RESIDUAL_4_4,16,80750,5046.875,3176,29934,630,14,MIXED_4_8;MIXED_4_8_TOP2;MIXED_4_8_TOP5;MIXED_6_8;MIXED_6_8_TOP1;MIXED_6_8_TOP4;STOCHASTIC_4;UNIFORM_2;UNIFORM_3;UNIFORM_4;UNIFORM_5;UNIFORM_6;UNIFORM_7;UNIFORM_8,False,"best feasible on the reused TEST sample; not DEV-selected, independent confirmation, or a superiority test","maximize the named metric, then RMST; minimize total bytes, then arm name lexicographically",lower-bound or point-estimate ordering does not establish statistical superiority,NOT_MEASURED,537b202c3648be90fd40b31ffd0e34c37a1a2d334b1e849c83974007c2ccada3,128,MIXED_6_8_TOP4,128,70863,5634fdc7e3a49c16c560b8bfaef3210a18bf6e51331f2b98444cb8e095e8e208,largest qualifying empirical sample grid horizon,largest qualifying empirical sample grid horizon,64,MIXED_6_8_TOP4,64,70863,5634fdc7e3a49c16c560b8bfaef3210a18bf6e51331f2b98444cb8e095e8e208,simultaneous confidence-supported lower bound >= 64,simultaneous confidence-supported lower bound >= 64,64,MIXED_6_8_TOP4,64,70863,5634fdc7e3a49c16c560b8bfaef3210a18bf6e51331f2b98444cb8e095e8e208,largest qualifying empirical sample grid horizon,largest qualifying empirical sample grid horizon,,,,,,no qualifying grid horizon (<32); not a measured zero horizon,no qualifying grid horizon (<32); not a measured zero horizon,282.251953125,MIXED_6_8_TOP4,283.775390625,70863,5634fdc7e3a49c16c560b8bfaef3210a18bf6e51331f2b98444cb8e095e8e208,0.0,MIXED_6_8_TOP4,0.0,70863,5634fdc7e3a49c16c560b8bfaef3210a18bf6e51331f2b98444cb8e095e8e208
POST_HOC_BUDGET_AUDIT_SAME_TEST,0,FULL_RESIDUAL_4_4,128,436462,3409.859375,3176,29934,630,14,MIXED_4_8;MIXED_4_8_TOP2;MIXED_4_8_TOP5;MIXED_6_8;MIXED_6_8_TOP1;MIXED_6_8_TOP4;STOCHASTIC_4;UNIFORM_2;UNIFORM_3;UNIFORM_4;UNIFORM_5;UNIFORM_6;UNIFORM_7;UNIFORM_8,False,"best feasible on the reused TEST sample; not DEV-selected, independent confirmation, or a superiority test","maximize the named metric, then RMST; minimize total bytes, then arm name lexicographically",lower-bound or point-estimate ordering does not establish statistical superiority,NOT_MEASURED,537b202c3648be90fd40b31ffd0e34c37a1a2d334b1e849c83974007c2ccada3,128,MIXED_6_8_TOP4,128,356687,5634fdc7e3a49c16c560b8bfaef3210a18bf6e51331f2b98444cb8e095e8e208,largest qualifying empirical sample grid horizon,largest qualifying empirical sample grid horizon,64,MIXED_6_8_TOP4,64,356687,5634fdc7e3a49c16c560b8bfaef3210a18bf6e51331f2b98444cb8e095e8e208,simultaneous confidence-supported lower bound >= 64,simultaneous confidence-supported lower bound >= 64,64,MIXED_6_8_TOP4,64,356687,5634fdc7e3a49c16c560b8bfaef3210a18bf6e51331f2b98444cb8e095e8e208,largest qualifying empirical sample grid horizon,largest qualifying empirical sample grid horizon,,,,,,no qualifying grid horizon (<32); not a measured zero horizon,no qualifying grid horizon (<32); not a measured zero horizon,282.251953125,MIXED_6_8_TOP4,283.775390625,356687,5634fdc7e3a49c16c560b8bfaef3210a18bf6e51331f2b98444cb8e095e8e208,0.0,MIXED_6_8_TOP4,0.0,356687,5634fdc7e3a49c16c560b8bfaef3210a18bf6e51331f2b98444cb8e095e8e208
POST_HOC_BUDGET_AUDIT_SAME_TEST,0,FULL_RESIDUAL_4_8,1,34646,34646.0,4712,29934,630,18,MIXED_4_8;MIXED_4_8_TOP2;MIXED_4_8_TOP5;MIXED_6_8;MIXED_6_8_TOP1;MIXED_6_8_TOP4;STOCHASTIC_4;UNIFORM_10;UNIFORM_11;UNIFORM_12;UNIFORM_2;UNIFORM_3;UNIFORM_4;UNIFORM_5;UNIFORM_6;UNIFORM_7;UNIFORM_8;UNIFORM_9,False,"best feasible on the reused TEST sample; not DEV-selected, independent confirmation, or a superiority test","maximize the named metric, then RMST; minimize total bytes, then arm name lexicographically",lower-bound or point-estimate ordering does not establish statistical superiority,NOT_MEASURED,7dc2ba425acb8da10fddf533ac89609dbb43e348e2e81afe0976dce2a0c29777,128,UNIFORM_9,128,33138,511e9c8be2f03dce301769beadd89a8b9d83458ef8e2ac988f04803fef528c02,largest qualifying empirical sample grid horizon,largest qualifying empirical sample grid horizon,64,UNIFORM_9,64,33138,511e9c8be2f03dce301769beadd89a8b9d83458ef8e2ac988f04803fef528c02,simultaneous confidence-supported lower bound >= 64,simultaneous confidence-supported lower bound >= 64,64,UNIFORM_9,64,33138,511e9c8be2f03dce301769beadd89a8b9d83458ef8e2ac988f04803fef528c02,largest qualifying empirical sample grid horizon,largest qualifying empirical sample grid horizon,,,,,,no qualifying grid horizon (<32); not a measured zero horizon,no qualifying grid horizon (<32); not a measured zero horizon,282.884765625,UNIFORM_9,284.83203125,33138,511e9c8be2f03dce301769beadd89a8b9d83458ef8e2ac988f04803fef528c02,0.0,UNIFORM_9,0.0,33138,511e9c8be2f03dce301769beadd89a8b9d83458ef8e2ac988f04803fef528c02
POST_HOC_BUDGET_AUDIT_SAME_TEST,0,FULL_RESIDUAL_4_8,16,105326,6582.875,4712,29934,630,18,MIXED_4_8;MIXED_4_8_TOP2;MIXED_4_8_TOP5;MIXED_6_8;MIXED_6_8_TOP1;MIXED_6_8_TOP4;STOCHASTIC_4;UNIFORM_10;UNIFORM_11;UNIFORM_12;UNIFORM_2;UNIFORM_3;UNIFORM_4;UNIFORM_5;UNIFORM_6;UNIFORM_7;UNIFORM_8;UNIFORM_9,False,"best feasible on the reused TEST sample; not DEV-selected, independent confirmation, or a superiority test","maximize the named metric, then RMST; minimize total bytes, then arm name lexicographically",lower-bound or point-estimate ordering does not establish statistical superiority,NOT_MEASURED,7dc2ba425acb8da10fddf533ac89609dbb43e348e2e81afe0976dce2a0c29777,128,UNIFORM_9,128,85818,511e9c8be2f03dce301769beadd89a8b9d83458ef8e2ac988f04803fef528c02,largest qualifying empirical sample grid horizon,largest qualifying empirical sample grid horizon,64,UNIFORM_9,64,85818,511e9c8be2f03dce301769beadd89a8b9d83458ef8e2ac988f04803fef528c02,simultaneous confidence-supported lower bound >= 64,simultaneous confidence-supported lower bound >= 64,64,UNIFORM_9,64,85818,511e9c8be2f03dce301769beadd89a8b9d83458ef8e2ac988f04803fef528c02,largest qualifying empirical sample grid horizon,largest qualifying empirical sample grid horizon,,,,,,no qualifying grid horizon (<32); not a measured zero horizon,no qualifying grid horizon (<32); not a measured zero horizon,282.884765625,UNIFORM_9,284.83203125,85818,511e9c8be2f03dce301769beadd89a8b9d83458ef8e2ac988f04803fef528c02,0.0,UNIFORM_9,0.0,85818,511e9c8be2f03dce301769beadd89a8b9d83458ef8e2ac988f04803fef528c02
POST_HOC_BUDGET_AUDIT_SAME_TEST,0,FULL_RESIDUAL_4_8,128,633070,4945.859375,4712,29934,630,18,MIXED_4_8;MIXED_4_8_TOP2;MIXED_4_8_TOP5;MIXED_6_8;MIXED_6_8_TOP1;MIXED_6_8_TOP4;STOCHASTIC_4;UNIFORM_10;UNIFORM_11;UNIFORM_12;UNIFORM_2;UNIFORM_3;UNIFORM_4;UNIFORM_5;UNIFORM_6;UNIFORM_7;UNIFORM_8;UNIFORM_9,False,"best feasible on the reused TEST sample; not DEV-selected, independent confirmation, or a superiority test","maximize the named metric, then RMST; minimize total bytes, then arm name lexicographically",lower-bound or point-estimate ordering does not establish statistical superiority,NOT_MEASURED,7dc2ba425acb8da10fddf533ac89609dbb43e348e2e81afe0976dce2a0c29777,128,UNIFORM_9,128,479162,511e9c8be2f03dce301769beadd89a8b9d83458ef8e2ac988f04803fef528c02,largest qualifying empirical sample grid horizon,largest qualifying empirical sample grid horizon,64,UNIFORM_9,64,479162,511e9c8be2f03dce301769beadd89a8b9d83458ef8e2ac988f04803fef528c02,simultaneous confidence-supported lower bound >= 64,simultaneous confidence-supported lower bound >= 64,64,UNIFORM_9,64,479162,511e9c8be2f03dce301769beadd89a8b9d83458ef8e2ac988f04803fef528c02,largest qualifying empirical sample grid horizon,largest qualifying empirical sample grid horizon,,,,,,no qualifying grid horizon (<32); not a measured zero horizon,no qualifying grid horizon (<32); not a measured zero horizon,282.884765625,UNIFORM_9,284.83203125,479162,511e9c8be2f03dce301769beadd89a8b9d83458ef8e2ac988f04803fef528c02,0.0,UNIFORM_9,0.0,479162,511e9c8be2f03dce301769beadd89a8b9d83458ef8e2ac988f04803fef528c02
POST_HOC_BUDGET_AUDIT_SAME_TEST,0,FULL_RESIDUAL_4_FP32,1,43598,43598.0,13880,29718,630,23,MIXED_4_8;MIXED_4_8_TOP2;MIXED_4_8_TOP5;MIXED_6_8;MIXED_6_8_TOP1;MIXED_6_8_TOP4;NATIVE_FP32;STOCHASTIC_4;UNIFORM_10;UNIFORM_11;UNIFORM_12;UNIFORM_13;UNIFORM_14;UNIFORM_15;UNIFORM_16;UNIFORM_2;UNIFORM_3;UNIFORM_4;UNIFORM_5;UNIFORM_6;UNIFORM_7;UNIFORM_8;UNIFORM_9,True,"best feasible on the reused TEST sample; not DEV-selected, independent confirmation, or a superiority test","maximize the named metric, then RMST; minimize total bytes, then arm name lexicographically",lower-bound or point-estimate ordering does not establish statistical superiority,NOT_MEASURED,defcee98fa50a477fb5125234c0e04b9966f450c9b3f18a9245ae991abd882cd,128,UNIFORM_9,128,33138,511e9c8be2f03dce301769beadd89a8b9d83458ef8e2ac988f04803fef528c02,largest qualifying empirical sample grid horizon,largest qualifying empirical sample grid horizon,64,UNIFORM_9,64,33138,511e9c8be2f03dce301769beadd89a8b9d83458ef8e2ac988f04803fef528c02,simultaneous confidence-supported lower bound >= 64,simultaneous confidence-supported lower bound >= 64,64,UNIFORM_9,64,33138,511e9c8be2f03dce301769beadd89a8b9d83458ef8e2ac988f04803fef528c02,largest qualifying empirical sample grid horizon,largest qualifying empirical sample grid horizon,,,,,,no qualifying grid horizon (<32); not a measured zero horizon,no qualifying grid horizon (<32); not a measured zero horizon,283.099609375,UNIFORM_9,284.83203125,33138,511e9c8be2f03dce301769beadd89a8b9d83458ef8e2ac988f04803fef528c02,0.0,UNIFORM_9,0.0,33138,511e9c8be2f03dce301769beadd89a8b9d83458ef8e2ac988f04803fef528c02
POST_HOC_BUDGET_AUDIT_SAME_TEST,0,FULL_RESIDUAL_4_FP32,16,251798,15737.375,13880,29718,630,23,MIXED_4_8;MIXED_4_8_TOP2;MIXED_4_8_TOP5;MIXED_6_8;MIXED_6_8_TOP1;MIXED_6_8_TOP4;NATIVE_FP32;STOCHASTIC_4;UNIFORM_10;UNIFORM_11;UNIFORM_12;UNIFORM_13;UNIFORM_14;UNIFORM_15;UNIFORM_16;UNIFORM_2;UNIFORM_3;UNIFORM_4;UNIFORM_5;UNIFORM_6;UNIFORM_7;UNIFORM_8;UNIFORM_9,True,"best feasible on the reused TEST sample; not DEV-selected, independent confirmation, or a superiority test","maximize the named metric, then RMST; minimize total bytes, then arm name lexicographically",lower-bound or point-estimate ordering does not establish statistical superiority,NOT_MEASURED,defcee98fa50a477fb5125234c0e04b9966f450c9b3f18a9245ae991abd882cd,128,UNIFORM_9,128,85818,511e9c8be2f03dce301769beadd89a8b9d83458ef8e2ac988f04803fef528c02,largest qualifying empirical sample grid horizon,largest qualifying empirical sample grid horizon,64,UNIFORM_9,64,85818,511e9c8be2f03dce301769beadd89a8b9d83458ef8e2ac988f04803fef528c02,simultaneous confidence-supported lower bound >= 64,simultaneous confidence-supported lower bound >= 64,64,UNIFORM_9,64,85818,511e9c8be2f03dce301769beadd89a8b9d83458ef8e2ac988f04803fef528c02,largest qualifying empirical sample grid horizon,largest qualifying empirical sample grid horizon,,,,,,no qualifying grid horizon (<32); not a measured zero horizon,no qualifying grid horizon (<32); not a measured zero horizon,283.099609375,UNIFORM_9,284.83203125,85818,511e9c8be2f03dce301769beadd89a8b9d83458ef8e2ac988f04803fef528c02,0.0,UNIFORM_9,0.0,85818,511e9c8be2f03dce301769beadd89a8b9d83458ef8e2ac988f04803fef528c02
POST_HOC_BUDGET_AUDIT_SAME_TEST,0,FULL_RESIDUAL_4_FP32,128,1806358,14112.171875,13880,29718,630,23,MIXED_4_8;MIXED_4_8_TOP2;MIXED_4_8_TOP5;MIXED_6_8;MIXED_6_8_TOP1;MIXED_6_8_TOP4;NATIVE_FP32;STOCHASTIC_4;UNIFORM_10;UNIFORM_11;UNIFORM_12;UNIFORM_13;UNIFORM_14;UNIFORM_15;UNIFORM_16;UNIFORM_2;UNIFORM_3;UNIFORM_4;UNIFORM_5;UNIFORM_6;UNIFORM_7;UNIFORM_8;UNIFORM_9,True,"best feasible on the reused TEST sample; not DEV-selected, independent confirmation, or a superiority test","maximize the named metric, then RMST; minimize total bytes, then arm name lexicographically",lower-bound or point-estimate ordering does not establish statistical superiority,NOT_MEASURED,defcee98fa50a477fb5125234c0e04b9966f450c9b3f18a9245ae991abd882cd,128,UNIFORM_9,128,479162,511e9c8be2f03dce301769beadd89a8b9d83458ef8e2ac988f04803fef528c02,largest qualifying empirical sample grid horizon,largest qualifying empirical sample grid horizon,64,UNIFORM_9,64,479162,511e9c8be2f03dce301769beadd89a8b9d83458ef8e2ac988f04803fef528c02,simultaneous confidence-supported lower bound >= 64,simultaneous confidence-supported lower bound >= 64,64,UNIFORM_9,64,479162,511e9c8be2f03dce301769beadd89a8b9d83458ef8e2ac988f04803fef528c02,largest qualifying empirical sample grid horizon,largest qualifying empirical sample grid horizon,,,,,,no qualifying grid horizon (<32); not a measured zero horizon,no qualifying grid horizon (<32); not a measured zero horizon,283.099609375,UNIFORM_9,284.83203125,479162,511e9c8be2f03dce301769beadd89a8b9d83458ef8e2ac988f04803fef528c02,0.0,UNIFORM_9,0.0,479162,511e9c8be2f03dce301769beadd89a8b9d83458ef8e2ac988f04803fef528c02
POST_HOC_BUDGET_AUDIT_SAME_TEST,0,LOWRANK_4_8_R1,1,32539,32539.0,1832,30707,630,11,MIXED_4_8;MIXED_4_8_TOP2;MIXED_4_8_TOP5;MIXED_6_8_TOP1;STOCHASTIC_4;UNIFORM_2;UNIFORM_3;UNIFORM_4;UNIFORM_5;UNIFORM_6;UNIFORM_7,False,"best feasible on the reused TEST sample; not DEV-selected, independent confirmation, or a superiority test","maximize the named metric, then RMST; minimize total bytes, then arm name lexicographically",lower-bound or point-estimate ordering does not establish statistical superiority,NOT_MEASURED,dd673747124ad02ce1ee701bafd79ec3eaab23ea1a17670dca4a75d5cd48a023,64,UNIFORM_7,128,32370,51d3ab72117ce923eb5d3ddf30d904222c8d4da963492883dc9f6b30eae29058,largest qualifying empirical sample grid horizon,largest qualifying empirical sample grid horizon,64,UNIFORM_7,64,32370,51d3ab72117ce923eb5d3ddf30d904222c8d4da963492883dc9f6b30eae29058,simultaneous confidence-supported lower bound >= 64,simultaneous confidence-supported lower bound >= 64,64,UNIFORM_7,64,32370,51d3ab72117ce923eb5d3ddf30d904222c8d4da963492883dc9f6b30eae29058,largest qualifying empirical sample grid horizon,largest qualifying empirical sample grid horizon,,,,,,no qualifying grid horizon (<32); not a measured zero horizon,no qualifying grid horizon (<32); not a measured zero horizon,202.091796875,UNIFORM_7,282.333984375,32370,51d3ab72117ce923eb5d3ddf30d904222c8d4da963492883dc9f6b30eae29058,0.0,UNIFORM_7,0.0,32370,51d3ab72117ce923eb5d3ddf30d904222c8d4da963492883dc9f6b30eae29058
POST_HOC_BUDGET_AUDIT_SAME_TEST,0,LOWRANK_4_8_R1,16,60019,3751.1875,1832,30707,630,5,MIXED_4_8_TOP2;STOCHASTIC_4;UNIFORM_2;UNIFORM_3;UNIFORM_4,False,"best feasible on the reused TEST sample; not DEV-selected, independent confirmation, or a superiority test","maximize the named metric, then RMST; minimize total bytes, then arm name lexicographically",lower-bound or point-estimate ordering does not establish statistical superiority,NOT_MEASURED,dd673747124ad02ce1ee701bafd79ec3eaab23ea1a17670dca4a75d5cd48a023,64,MIXED_4_8_TOP2,64,58575,9ee66a503c00ee889cc40bca663f34ce37dfa9f1c385b8ad2837d36bc40a491a,largest qualifying empirical sample grid horizon,largest qualifying empirical sample grid horizon,64,MIXED_4_8_TOP2,64,58575,9ee66a503c00ee889cc40bca663f34ce37dfa9f1c385b8ad2837d36bc40a491a,simultaneous confidence-supported lower bound >= 64,simultaneous confidence-supported lower bound >= 64,64,MIXED_4_8_TOP2,64,58575,9ee66a503c00ee889cc40bca663f34ce37dfa9f1c385b8ad2837d36bc40a491a,largest qualifying empirical sample grid horizon,largest qualifying empirical sample grid horizon,,,,,,no qualifying grid horizon (<32); not a measured zero horizon,no qualifying grid horizon (<32); not a measured zero horizon,202.091796875,MIXED_4_8_TOP2,209.70703125,58575,9ee66a503c00ee889cc40bca663f34ce37dfa9f1c385b8ad2837d36bc40a491a,0.0,MIXED_4_8_TOP2,0.0,58575,9ee66a503c00ee889cc40bca663f34ce37dfa9f1c385b8ad2837d36bc40a491a
POST_HOC_BUDGET_AUDIT_SAME_TEST,0,LOWRANK_4_8_R1,128,265203,2071.8984375,1832,30707,630,5,MIXED_4_8_TOP2;STOCHASTIC_4;UNIFORM_2;UNIFORM_3;UNIFORM_4,False,"best feasible on the reused TEST sample; not DEV-selected, independent confirmation, or a superiority test","maximize the named metric, then RMST; minimize total bytes, then arm name lexicographically",lower-bound or point-estimate ordering does not establish statistical superiority,NOT_MEASURED,dd673747124ad02ce1ee701bafd79ec3eaab23ea1a17670dca4a75d5cd48a023,64,MIXED_4_8_TOP2,64,258383,9ee66a503c00ee889cc40bca663f34ce37dfa9f1c385b8ad2837d36bc40a491a,largest qualifying empirical sample grid horizon,largest qualifying empirical sample grid horizon,64,MIXED_4_8_TOP2,64,258383,9ee66a503c00ee889cc40bca663f34ce37dfa9f1c385b8ad2837d36bc40a491a,simultaneous confidence-supported lower bound >= 64,simultaneous confidence-supported lower bound >= 64,64,MIXED_4_8_TOP2,64,258383,9ee66a503c00ee889cc40bca663f34ce37dfa9f1c385b8ad2837d36bc40a491a,largest qualifying empirical sample grid horizon,largest qualifying empirical sample grid horizon,,,,,,no qualifying grid horizon (<32); not a measured zero horizon,no qualifying grid horizon (<32); not a measured zero horizon,202.091796875,MIXED_4_8_TOP2,209.70703125,258383,9ee66a503c00ee889cc40bca663f34ce37dfa9f1c385b8ad2837d36bc40a491a,0.0,MIXED_4_8_TOP2,0.0,258383,9ee66a503c00ee889cc40bca663f34ce37dfa9f1c385b8ad2837d36bc40a491a
POST_HOC_BUDGET_AUDIT_SAME_TEST,0,LOWRANK_4_8_R2,1,33499,33499.0,2024,31475,630,15,MIXED_4_8;MIXED_4_8_TOP2;MIXED_4_8_TOP5;MIXED_6_8;MIXED_6_8_TOP1;MIXED_6_8_TOP4;STOCHASTIC_4;UNIFORM_2;UNIFORM_3;UNIFORM_4;UNIFORM_5;UNIFORM_6;UNIFORM_7;UNIFORM_8;UNIFORM_9,False,"best feasible on the reused TEST sample; not DEV-selected, independent confirmation, or a superiority test","maximize the named metric, then RMST; minimize total bytes, then arm name lexicographically",lower-bound or point-estimate ordering does not establish statistical superiority,NOT_MEASURED,ccaf56039db2beff7fb3a7fd18d02495a2ca4410815b0e25bbfd74b84c417911,128,UNIFORM_9,128,33138,511e9c8be2f03dce301769beadd89a8b9d83458ef8e2ac988f04803fef528c02,largest qualifying empirical sample grid horizon,largest qualifying empirical sample grid horizon,64,UNIFORM_9,64,33138,511e9c8be2f03dce301769beadd89a8b9d83458ef8e2ac988f04803fef528c02,simultaneous confidence-supported lower bound >= 64,simultaneous confidence-supported lower bound >= 64,64,UNIFORM_9,64,33138,511e9c8be2f03dce301769beadd89a8b9d83458ef8e2ac988f04803fef528c02,largest qualifying empirical sample grid horizon,largest qualifying empirical sample grid horizon,,,,,,no qualifying grid horizon (<32); not a measured zero horizon,no qualifying grid horizon (<32); not a measured zero horizon,282.890625,UNIFORM_9,284.83203125,33138,511e9c8be2f03dce301769beadd89a8b9d83458ef8e2ac988f04803fef528c02,0.0,UNIFORM_9,0.0,33138,511e9c8be2f03dce301769beadd89a8b9d83458ef8e2ac988f04803fef528c02
POST_HOC_BUDGET_AUDIT_SAME_TEST,0,LOWRANK_4_8_R2,16,63859,3991.1875,2024,31475,630,8,MIXED_4_8;MIXED_4_8_TOP2;MIXED_4_8_TOP5;STOCHASTIC_4;UNIFORM_2;UNIFORM_3;UNIFORM_4;UNIFORM_5,False,"best feasible on the reused TEST sample; not DEV-selected, independent confirmation, or a superiority test","maximize the named metric, then RMST; minimize total bytes, then arm name lexicographically",lower-bound or point-estimate ordering does not establish statistical superiority,NOT_MEASURED,ccaf56039db2beff7fb3a7fd18d02495a2ca4410815b0e25bbfd74b84c417911,128,MIXED_4_8,128,61647,e637ec3a3976426612aad748fe02dfd1dc19781c0552116414218c6b34ce8267,largest qualifying empirical sample grid horizon,largest qualifying empirical sample grid horizon,64,UNIFORM_5,64,61242,28a63b3bcfb341acad0bcfb5eb6ebb7d4753d2373eca6a2f3d9e120391b25b26,simultaneous confidence-supported lower bound >= 64,simultaneous confidence-supported lower bound >= 64,64,UNIFORM_5,64,61242,28a63b3bcfb341acad0bcfb5eb6ebb7d4753d2373eca6a2f3d9e120391b25b26,largest qualifying empirical sample grid horizon,largest qualifying empirical sample grid horizon,,,,,,no qualifying grid horizon (<32); not a measured zero horizon,no qualifying grid horizon (<32); not a measured zero horizon,282.890625,UNIFORM_5,235.82421875,61242,28a63b3bcfb341acad0bcfb5eb6ebb7d4753d2373eca6a2f3d9e120391b25b26,0.0,UNIFORM_5,0.0,61242,28a63b3bcfb341acad0bcfb5eb6ebb7d4753d2373eca6a2f3d9e120391b25b26
POST_HOC_BUDGET_AUDIT_SAME_TEST,0,LOWRANK_4_8_R2,128,290547,2269.8984375,2024,31475,630,7,MIXED_4_8;MIXED_4_8_TOP2;STOCHASTIC_4;UNIFORM_2;UNIFORM_3;UNIFORM_4;UNIFORM_5,False,"best feasible on the reused TEST sample; not DEV-selected, independent confirmation, or a superiority test","maximize the named metric, then RMST; minimize total bytes, then arm name lexicographically",lower-bound or point-estimate ordering does not establish statistical superiority,NOT_MEASURED,ccaf56039db2beff7fb3a7fd18d02495a2ca4410815b0e25bbfd74b84c417911,128,MIXED_4_8,128,282959,e637ec3a3976426612aad748fe02dfd1dc19781c0552116414218c6b34ce8267,largest qualifying empirical sample grid horizon,largest qualifying empirical sample grid horizon,64,UNIFORM_5,64,282554,28a63b3bcfb341acad0bcfb5eb6ebb7d4753d2373eca6a2f3d9e120391b25b26,simultaneous confidence-supported lower bound >= 64,simultaneous confidence-supported lower bound >= 64,64,UNIFORM_5,64,282554,28a63b3bcfb341acad0bcfb5eb6ebb7d4753d2373eca6a2f3d9e120391b25b26,largest qualifying empirical sample grid horizon,largest qualifying empirical sample grid horizon,,,,,,no qualifying grid horizon (<32); not a measured zero horizon,no qualifying grid horizon (<32); not a measured zero horizon,282.890625,UNIFORM_5,235.82421875,282554,28a63b3bcfb341acad0bcfb5eb6ebb7d4753d2373eca6a2f3d9e120391b25b26,0.0,UNIFORM_5,0.0,282554,28a63b3bcfb341acad0bcfb5eb6ebb7d4753d2373eca6a2f3d9e120391b25b26
POST_HOC_BUDGET_AUDIT_SAME_TEST,0,LOWRANK_4_8_R4,1,35419,35419.0,2408,33011,630,20,MIXED_4_8;MIXED_4_8_TOP2;MIXED_4_8_TOP5;MIXED_6_8;MIXED_6_8_TOP1;MIXED_6_8_TOP4;STOCHASTIC_4;UNIFORM_10;UNIFORM_11;UNIFORM_12;UNIFORM_13;UNIFORM_14;UNIFORM_2;UNIFORM_3;UNIFORM_4;UNIFORM_5;UNIFORM_6;UNIFORM_7;UNIFORM_8;UNIFORM_9,False,"best feasible on the reused TEST sample; not DEV-selected, independent confirmation, or a superiority test","maximize the named metric, then RMST; minimize total bytes, then arm name lexicographically",lower-bound or point-estimate ordering does not establish statistical superiority,NOT_MEASURED,9f49b4accf2f270b4692c10fb21550560d04cedf6bb098b9ab7ac546d4b42bee,128,UNIFORM_9,128,33138,511e9c8be2f03dce301769beadd89a8b9d83458ef8e2ac988f04803fef528c02,largest qualifying empirical sample grid horizon,largest qualifying empirical sample grid horizon,64,UNIFORM_9,64,33138,511e9c8be2f03dce301769beadd89a8b9d83458ef8e2ac988f04803fef528c02,simultaneous confidence-supported lower bound >= 64,simultaneous confidence-supported lower bound >= 64,64,UNIFORM_9,64,33138,511e9c8be2f03dce301769beadd89a8b9d83458ef8e2ac988f04803fef528c02,largest qualifying empirical sample grid horizon,largest qualifying empirical sample grid horizon,,,,,,no qualifying grid horizon (<32); not a measured zero horizon,no qualifying grid horizon (<32); not a measured zero horizon,241.79296875,UNIFORM_9,284.83203125,33138,511e9c8be2f03dce301769beadd89a8b9d83458ef8e2ac988f04803fef528c02,0.0,UNIFORM_9,0.0,33138,511e9c8be2f03dce301769beadd89a8b9d83458ef8e2ac988f04803fef528c02
POST_HOC_BUDGET_AUDIT_SAME_TEST,0,LOWRANK_4_8_R4,16,71539,4471.1875,2408,33011,630,11,MIXED_4_8;MIXED_4_8_TOP2;MIXED_4_8_TOP5;MIXED_6_8_TOP1;MIXED_6_8_TOP4;STOCHASTIC_4;UNIFORM_2;UNIFORM_3;UNIFORM_4;UNIFORM_5;UNIFORM_6,False,"best feasible on the reused TEST sample; not DEV-selected, independent confirmation, or a superiority test","maximize the named metric, then RMST; minimize total bytes, then arm name lexicographically",lower-bound or point-estimate ordering does not establish statistical superiority,NOT_MEASURED,9f49b4accf2f270b4692c10fb21550560d04cedf6bb098b9ab7ac546d4b42bee,128,MIXED_6_8_TOP4,128,70863,5634fdc7e3a49c16c560b8bfaef3210a18bf6e51331f2b98444cb8e095e8e208,largest qualifying empirical sample grid horizon,largest qualifying empirical sample grid horizon,64,MIXED_6_8_TOP4,64,70863,5634fdc7e3a49c16c560b8bfaef3210a18bf6e51331f2b98444cb8e095e8e208,simultaneous confidence-supported lower bound >= 64,simultaneous confidence-supported lower bound >= 64,64,MIXED_6_8_TOP4,64,70863,5634fdc7e3a49c16c560b8bfaef3210a18bf6e51331f2b98444cb8e095e8e208,largest qualifying empirical sample grid horizon,largest qualifying empirical sample grid horizon,,,,,,no qualifying grid horizon (<32); not a measured zero horizon,no qualifying grid horizon (<32); not a measured zero horizon,241.79296875,MIXED_6_8_TOP4,283.775390625,70863,5634fdc7e3a49c16c560b8bfaef3210a18bf6e51331f2b98444cb8e095e8e208,0.0,MIXED_6_8_TOP4,0.0,70863,5634fdc7e3a49c16c560b8bfaef3210a18bf6e51331f2b98444cb8e095e8e208
POST_HOC_BUDGET_AUDIT_SAME_TEST,0,LOWRANK_4_8_R4,128,341235,2665.8984375,2408,33011,630,10,MIXED_4_8;MIXED_4_8_TOP2;MIXED_4_8_TOP5;MIXED_6_8_TOP1;STOCHASTIC_4;UNIFORM_2;UNIFORM_3;UNIFORM_4;UNIFORM_5;UNIFORM_6,False,"best feasible on the reused TEST sample; not DEV-selected, independent confirmation, or a superiority test","maximize the named metric, then RMST; minimize total bytes, then arm name lexicographically",lower-bound or point-estimate ordering does not establish statistical superiority,NOT_MEASURED,9f49b4accf2f270b4692c10fb21550560d04cedf6bb098b9ab7ac546d4b42bee,128,UNIFORM_6,128,331706,042899ac254c056dcebb416c0240983d5ce1cbc3dfae38145bf8c976c8bec584,largest qualifying empirical sample grid horizon,largest qualifying empirical sample grid horizon,64,UNIFORM_6,64,331706,042899ac254c056dcebb416c0240983d5ce1cbc3dfae38145bf8c976c8bec584,simultaneous confidence-supported lower bound >= 64,simultaneous confidence-supported lower bound >= 64,64,UNIFORM_6,64,331706,042899ac254c056dcebb416c0240983d5ce1cbc3dfae38145bf8c976c8bec584,largest qualifying empirical sample grid horizon,largest qualifying empirical sample grid horizon,,,,,,no qualifying grid horizon (<32); not a measured zero horizon,no qualifying grid horizon (<32); not a measured zero horizon,241.79296875,UNIFORM_6,273.939453125,331706,042899ac254c056dcebb416c0240983d5ce1cbc3dfae38145bf8c976c8bec584,0.0,UNIFORM_6,0.0,331706,042899ac254c056dcebb416c0240983d5ce1cbc3dfae38145bf8c976c8bec584
POST_HOC_BUDGET_AUDIT_SAME_TEST,1,FULL_RESIDUAL_4_4,1,33110,33110.0,3176,29934,630,14,MIXED_4_8;MIXED_4_8_TOP2;MIXED_4_8_TOP5;MIXED_6_8;MIXED_6_8_TOP1;MIXED_6_8_TOP4;STOCHASTIC_4;UNIFORM_2;UNIFORM_3;UNIFORM_4;UNIFORM_5;UNIFORM_6;UNIFORM_7;UNIFORM_8,False,"best feasible on the reused TEST sample; not DEV-selected, independent confirmation, or a superiority test","maximize the named metric, then RMST; minimize total bytes, then arm name lexicographically",lower-bound or point-estimate ordering does not establish statistical superiority,NOT_MEASURED,a6e5ed66efa593a5c276cf3f17a2021fb5b19c064201df87c3511365f0c5c2ae,64,MIXED_6_8,64,32775,34ce2c5ff44b3535f259142f5a863e45185b3b9a026a9627485e795f724d8910,largest qualifying empirical sample grid horizon,largest qualifying empirical sample grid horizon,64,MIXED_6_8,64,32775,34ce2c5ff44b3535f259142f5a863e45185b3b9a026a9627485e795f724d8910,simultaneous confidence-supported lower bound >= 64,simultaneous confidence-supported lower bound >= 64,64,MIXED_6_8,64,32775,34ce2c5ff44b3535f259142f5a863e45185b3b9a026a9627485e795f724d8910,largest qualifying empirical sample grid horizon,largest qualifying empirical sample grid horizon,,,,,,no qualifying grid horizon (<32); not a measured zero horizon,no qualifying grid horizon (<32); not a measured zero horizon,270.021484375,MIXED_6_8,271.06640625,32775,34ce2c5ff44b3535f259142f5a863e45185b3b9a026a9627485e795f724d8910,0.0,MIXED_6_8,0.0,32775,34ce2c5ff44b3535f259142f5a863e45185b3b9a026a9627485e795f724d8910
POST_HOC_BUDGET_AUDIT_SAME_TEST,1,FULL_RESIDUAL_4_4,16,80750,5046.875,3176,29934,630,14,MIXED_4_8;MIXED_4_8_TOP2;MIXED_4_8_TOP5;MIXED_6_8;MIXED_6_8_TOP1;MIXED_6_8_TOP4;STOCHASTIC_4;UNIFORM_2;UNIFORM_3;UNIFORM_4;UNIFORM_5;UNIFORM_6;UNIFORM_7;UNIFORM_8,False,"best feasible on the reused TEST sample; not DEV-selected, independent confirmation, or a superiority test","maximize the named metric, then RMST; minimize total bytes, then arm name lexicographically",lower-bound or point-estimate ordering does not establish statistical superiority,NOT_MEASURED,a6e5ed66efa593a5c276cf3f17a2021fb5b19c064201df87c3511365f0c5c2ae,64,MIXED_6_8,64,73935,34ce2c5ff44b3535f259142f5a863e45185b3b9a026a9627485e795f724d8910,largest qualifying empirical sample grid horizon,largest qualifying empirical sample grid horizon,64,MIXED_6_8,64,73935,34ce2c5ff44b3535f259142f5a863e45185b3b9a026a9627485e795f724d8910,simultaneous confidence-supported lower bound >= 64,simultaneous confidence-supported lower bound >= 64,64,MIXED_6_8,64,73935,34ce2c5ff44b3535f259142f5a863e45185b3b9a026a9627485e795f724d8910,largest qualifying empirical sample grid horizon,largest qualifying empirical sample grid horizon,,,,,,no qualifying grid horizon (<32); not a measured zero horizon,no qualifying grid horizon (<32); not a measured zero horizon,270.021484375,MIXED_6_8,271.06640625,73935,34ce2c5ff44b3535f259142f5a863e45185b3b9a026a9627485e795f724d8910,0.0,MIXED_6_8,0.0,73935,34ce2c5ff44b3535f259142f5a863e45185b3b9a026a9627485e795f724d8910
POST_HOC_BUDGET_AUDIT_SAME_TEST,1,FULL_RESIDUAL_4_4,128,436462,3409.859375,3176,29934,630,14,MIXED_4_8;MIXED_4_8_TOP2;MIXED_4_8_TOP5;MIXED_6_8;MIXED_6_8_TOP1;MIXED_6_8_TOP4;STOCHASTIC_4;UNIFORM_2;UNIFORM_3;UNIFORM_4;UNIFORM_5;UNIFORM_6;UNIFORM_7;UNIFORM_8,False,"best feasible on the reused TEST sample; not DEV-selected, independent confirmation, or a superiority test","maximize the named metric, then RMST; minimize total bytes, then arm name lexicographically",lower-bound or point-estimate ordering does not establish statistical superiority,NOT_MEASURED,a6e5ed66efa593a5c276cf3f17a2021fb5b19c064201df87c3511365f0c5c2ae,64,MIXED_6_8,64,381263,34ce2c5ff44b3535f259142f5a863e45185b3b9a026a9627485e795f724d8910,largest qualifying empirical sample grid horizon,largest qualifying empirical sample grid horizon,64,MIXED_6_8,64,381263,34ce2c5ff44b3535f259142f5a863e45185b3b9a026a9627485e795f724d8910,simultaneous confidence-supported lower bound >= 64,simultaneous confidence-supported lower bound >= 64,64,MIXED_6_8,64,381263,34ce2c5ff44b3535f259142f5a863e45185b3b9a026a9627485e795f724d8910,largest qualifying empirical sample grid horizon,largest qualifying empirical sample grid horizon,,,,,,no qualifying grid horizon (<32); not a measured zero horizon,no qualifying grid horizon (<32); not a measured zero horizon,270.021484375,MIXED_6_8,271.06640625,381263,34ce2c5ff44b3535f259142f5a863e45185b3b9a026a9627485e795f724d8910,0.0,MIXED_6_8,0.0,381263,34ce2c5ff44b3535f259142f5a863e45185b3b9a026a9627485e795f724d8910
POST_HOC_BUDGET_AUDIT_SAME_TEST,1,FULL_RESIDUAL_4_8,1,34646,34646.0,4712,29934,630,18,MIXED_4_8;MIXED_4_8_TOP2;MIXED_4_8_TOP5;MIXED_6_8;MIXED_6_8_TOP1;MIXED_6_8_TOP4;STOCHASTIC_4;UNIFORM_10;UNIFORM_11;UNIFORM_12;UNIFORM_2;UNIFORM_3;UNIFORM_4;UNIFORM_5;UNIFORM_6;UNIFORM_7;UNIFORM_8;UNIFORM_9,False,"best feasible on the reused TEST sample; not DEV-selected, independent confirmation, or a superiority test","maximize the named metric, then RMST; minimize total bytes, then arm name lexicographically",lower-bound or point-estimate ordering does not establish statistical superiority,NOT_MEASURED,5461fdcde3de881d021039ca2b4c9bdb6a03b29988a99bb9296fab942801c056,64,UNIFORM_9,64,33138,a2ec5cfe40b1efa8dca6b1e858e72b78f3d033fa7f6468a5d0e7bc05bc4a5a67,largest qualifying empirical sample grid horizon,largest qualifying empirical sample grid horizon,64,UNIFORM_9,64,33138,a2ec5cfe40b1efa8dca6b1e858e72b78f3d033fa7f6468a5d0e7bc05bc4a5a67,simultaneous confidence-supported lower bound >= 64,simultaneous confidence-supported lower bound >= 64,64,UNIFORM_9,64,33138,a2ec5cfe40b1efa8dca6b1e858e72b78f3d033fa7f6468a5d0e7bc05bc4a5a67,largest qualifying empirical sample grid horizon,largest qualifying empirical sample grid horizon,,,,,,no qualifying grid horizon (<32); not a measured zero horizon,no qualifying grid horizon (<32); not a measured zero horizon,271.46875,UNIFORM_9,272.65625,33138,a2ec5cfe40b1efa8dca6b1e858e72b78f3d033fa7f6468a5d0e7bc05bc4a5a67,0.0,UNIFORM_9,0.0,33138,a2ec5cfe40b1efa8dca6b1e858e72b78f3d033fa7f6468a5d0e7bc05bc4a5a67
POST_HOC_BUDGET_AUDIT_SAME_TEST,1,FULL_RESIDUAL_4_8,16,105326,6582.875,4712,29934,630,18,MIXED_4_8;MIXED_4_8_TOP2;MIXED_4_8_TOP5;MIXED_6_8;MIXED_6_8_TOP1;MIXED_6_8_TOP4;STOCHASTIC_4;UNIFORM_10;UNIFORM_11;UNIFORM_12;UNIFORM_2;UNIFORM_3;UNIFORM_4;UNIFORM_5;UNIFORM_6;UNIFORM_7;UNIFORM_8;UNIFORM_9,False,"best feasible on the reused TEST sample; not DEV-selected, independent confirmation, or a superiority test","maximize the named metric, then RMST; minimize total bytes, then arm name lexicographically",lower-bound or point-estimate ordering does not establish statistical superiority,NOT_MEASURED,5461fdcde3de881d021039ca2b4c9bdb6a03b29988a99bb9296fab942801c056,64,UNIFORM_9,64,85818,a2ec5cfe40b1efa8dca6b1e858e72b78f3d033fa7f6468a5d0e7bc05bc4a5a67,largest qualifying empirical sample grid horizon,largest qualifying empirical sample grid horizon,64,UNIFORM_9,64,85818,a2ec5cfe40b1efa8dca6b1e858e72b78f3d033fa7f6468a5d0e7bc05bc4a5a67,simultaneous confidence-supported lower bound >= 64,simultaneous confidence-supported lower bound >= 64,64,UNIFORM_9,64,85818,a2ec5cfe40b1efa8dca6b1e858e72b78f3d033fa7f6468a5d0e7bc05bc4a5a67,largest qualifying empirical sample grid horizon,largest qualifying empirical sample grid horizon,,,,,,no qualifying grid horizon (<32); not a measured zero horizon,no qualifying grid horizon (<32); not a measured zero horizon,271.46875,UNIFORM_9,272.65625,85818,a2ec5cfe40b1efa8dca6b1e858e72b78f3d033fa7f6468a5d0e7bc05bc4a5a67,0.0,UNIFORM_9,0.0,85818,a2ec5cfe40b1efa8dca6b1e858e72b78f3d033fa7f6468a5d0e7bc05bc4a5a67
POST_HOC_BUDGET_AUDIT_SAME_TEST,1,FULL_RESIDUAL_4_8,128,633070,4945.859375,4712,29934,630,18,MIXED_4_8;MIXED_4_8_TOP2;MIXED_4_8_TOP5;MIXED_6_8;MIXED_6_8_TOP1;MIXED_6_8_TOP4;STOCHASTIC_4;UNIFORM_10;UNIFORM_11;UNIFORM_12;UNIFORM_2;UNIFORM_3;UNIFORM_4;UNIFORM_5;UNIFORM_6;UNIFORM_7;UNIFORM_8;UNIFORM_9,False,"best feasible on the reused TEST sample; not DEV-selected, independent confirmation, or a superiority test","maximize the named metric, then RMST; minimize total bytes, then arm name lexicographically",lower-bound or point-estimate ordering does not establish statistical superiority,NOT_MEASURED,5461fdcde3de881d021039ca2b4c9bdb6a03b29988a99bb9296fab942801c056,64,UNIFORM_9,64,479162,a2ec5cfe40b1efa8dca6b1e858e72b78f3d033fa7f6468a5d0e7bc05bc4a5a67,largest qualifying empirical sample grid horizon,largest qualifying empirical sample grid horizon,64,UNIFORM_9,64,479162,a2ec5cfe40b1efa8dca6b1e858e72b78f3d033fa7f6468a5d0e7bc05bc4a5a67,simultaneous confidence-supported lower bound >= 64,simultaneous confidence-supported lower bound >= 64,64,UNIFORM_9,64,479162,a2ec5cfe40b1efa8dca6b1e858e72b78f3d033fa7f6468a5d0e7bc05bc4a5a67,largest qualifying empirical sample grid horizon,largest qualifying empirical sample grid horizon,,,,,,no qualifying grid horizon (<32); not a measured zero horizon,no qualifying grid horizon (<32); not a measured zero horizon,271.46875,UNIFORM_9,272.65625,479162,a2ec5cfe40b1efa8dca6b1e858e72b78f3d033fa7f6468a5d0e7bc05bc4a5a67,0.0,UNIFORM_9,0.0,479162,a2ec5cfe40b1efa8dca6b1e858e72b78f3d033fa7f6468a5d0e7bc05bc4a5a67
POST_HOC_BUDGET_AUDIT_SAME_TEST,1,FULL_RESIDUAL_4_FP32,1,43598,43598.0,13880,29718,630,23,MIXED_4_8;MIXED_4_8_TOP2;MIXED_4_8_TOP5;MIXED_6_8;MIXED_6_8_TOP1;MIXED_6_8_TOP4;NATIVE_FP32;STOCHASTIC_4;UNIFORM_10;UNIFORM_11;UNIFORM_12;UNIFORM_13;UNIFORM_14;UNIFORM_15;UNIFORM_16;UNIFORM_2;UNIFORM_3;UNIFORM_4;UNIFORM_5;UNIFORM_6;UNIFORM_7;UNIFORM_8;UNIFORM_9,True,"best feasible on the reused TEST sample; not DEV-selected, independent confirmation, or a superiority test","maximize the named metric, then RMST; minimize total bytes, then arm name lexicographically",lower-bound or point-estimate ordering does not establish statistical superiority,NOT_MEASURED,7f7e69ee11503bb594031127c8a713dd251f2a8acadba8f87a73a03a0a94ecd4,64,UNIFORM_9,64,33138,a2ec5cfe40b1efa8dca6b1e858e72b78f3d033fa7f6468a5d0e7bc05bc4a5a67,largest qualifying empirical sample grid horizon,largest qualifying empirical sample grid horizon,64,UNIFORM_9,64,33138,a2ec5cfe40b1efa8dca6b1e858e72b78f3d033fa7f6468a5d0e7bc05bc4a5a67,simultaneous confidence-supported lower bound >= 64,simultaneous confidence-supported lower bound >= 64,64,UNIFORM_9,64,33138,a2ec5cfe40b1efa8dca6b1e858e72b78f3d033fa7f6468a5d0e7bc05bc4a5a67,largest qualifying empirical sample grid horizon,largest qualifying empirical sample grid horizon,,,,,,no qualifying grid horizon (<32); not a measured zero horizon,no qualifying grid horizon (<32); not a measured zero horizon,271.23828125,UNIFORM_9,272.65625,33138,a2ec5cfe40b1efa8dca6b1e858e72b78f3d033fa7f6468a5d0e7bc05bc4a5a67,0.0,UNIFORM_9,0.0,33138,a2ec5cfe40b1efa8dca6b1e858e72b78f3d033fa7f6468a5d0e7bc05bc4a5a67
POST_HOC_BUDGET_AUDIT_SAME_TEST,1,FULL_RESIDUAL_4_FP32,16,251798,15737.375,13880,29718,630,23,MIXED_4_8;MIXED_4_8_TOP2;MIXED_4_8_TOP5;MIXED_6_8;MIXED_6_8_TOP1;MIXED_6_8_TOP4;NATIVE_FP32;STOCHASTIC_4;UNIFORM_10;UNIFORM_11;UNIFORM_12;UNIFORM_13;UNIFORM_14;UNIFORM_15;UNIFORM_16;UNIFORM_2;UNIFORM_3;UNIFORM_4;UNIFORM_5;UNIFORM_6;UNIFORM_7;UNIFORM_8;UNIFORM_9,True,"best feasible on the reused TEST sample; not DEV-selected, independent confirmation, or a superiority test","maximize the named metric, then RMST; minimize total bytes, then arm name lexicographically",lower-bound or point-estimate ordering does not establish statistical superiority,NOT_MEASURED,7f7e69ee11503bb594031127c8a713dd251f2a8acadba8f87a73a03a0a94ecd4,64,UNIFORM_9,64,85818,a2ec5cfe40b1efa8dca6b1e858e72b78f3d033fa7f6468a5d0e7bc05bc4a5a67,largest qualifying empirical sample grid horizon,largest qualifying empirical sample grid horizon,64,UNIFORM_9,64,85818,a2ec5cfe40b1efa8dca6b1e858e72b78f3d033fa7f6468a5d0e7bc05bc4a5a67,simultaneous confidence-supported lower bound >= 64,simultaneous confidence-supported lower bound >= 64,64,UNIFORM_9,64,85818,a2ec5cfe40b1efa8dca6b1e858e72b78f3d033fa7f6468a5d0e7bc05bc4a5a67,largest qualifying empirical sample grid horizon,largest qualifying empirical sample grid horizon,,,,,,no qualifying grid horizon (<32); not a measured zero horizon,no qualifying grid horizon (<32); not a measured zero horizon,271.23828125,UNIFORM_9,272.65625,85818,a2ec5cfe40b1efa8dca6b1e858e72b78f3d033fa7f6468a5d0e7bc05bc4a5a67,0.0,UNIFORM_9,0.0,85818,a2ec5cfe40b1efa8dca6b1e858e72b78f3d033fa7f6468a5d0e7bc05bc4a5a67
POST_HOC_BUDGET_AUDIT_SAME_TEST,1,FULL_RESIDUAL_4_FP32,128,1806358,14112.171875,13880,29718,630,23,MIXED_4_8;MIXED_4_8_TOP2;MIXED_4_8_TOP5;MIXED_6_8;MIXED_6_8_TOP1;MIXED_6_8_TOP4;NATIVE_FP32;STOCHASTIC_4;UNIFORM_10;UNIFORM_11;UNIFORM_12;UNIFORM_13;UNIFORM_14;UNIFORM_15;UNIFORM_16;UNIFORM_2;UNIFORM_3;UNIFORM_4;UNIFORM_5;UNIFORM_6;UNIFORM_7;UNIFORM_8;UNIFORM_9,True,"best feasible on the reused TEST sample; not DEV-selected, independent confirmation, or a superiority test","maximize the named metric, then RMST; minimize total bytes, then arm name lexicographically",lower-bound or point-estimate ordering does not establish statistical superiority,NOT_MEASURED,7f7e69ee11503bb594031127c8a713dd251f2a8acadba8f87a73a03a0a94ecd4,64,UNIFORM_9,64,479162,a2ec5cfe40b1efa8dca6b1e858e72b78f3d033fa7f6468a5d0e7bc05bc4a5a67,largest qualifying empirical sample grid horizon,largest qualifying empirical sample grid horizon,64,UNIFORM_9,64,479162,a2ec5cfe40b1efa8dca6b1e858e72b78f3d033fa7f6468a5d0e7bc05bc4a5a67,simultaneous confidence-supported lower bound >= 64,simultaneous confidence-supported lower bound >= 64,64,UNIFORM_9,64,479162,a2ec5cfe40b1efa8dca6b1e858e72b78f3d033fa7f6468a5d0e7bc05bc4a5a67,largest qualifying empirical sample grid horizon,largest qualifying empirical sample grid horizon,,,,,,no qualifying grid horizon (<32); not a measured zero horizon,no qualifying grid horizon (<32); not a measured zero horizon,271.23828125,UNIFORM_9,272.65625,479162,a2ec5cfe40b1efa8dca6b1e858e72b78f3d033fa7f6468a5d0e7bc05bc4a5a67,0.0,UNIFORM_9,0.0,479162,a2ec5cfe40b1efa8dca6b1e858e72b78f3d033fa7f6468a5d0e7bc05bc4a5a67
POST_HOC_BUDGET_AUDIT_SAME_TEST,1,LOWRANK_4_8_R1,1,32539,32539.0,1832,30707,630,11,MIXED_4_8;MIXED_4_8_TOP2;MIXED_4_8_TOP5;MIXED_6_8_TOP1;STOCHASTIC_4;UNIFORM_2;UNIFORM_3;UNIFORM_4;UNIFORM_5;UNIFORM_6;UNIFORM_7,False,"best feasible on the reused TEST sample; not DEV-selected, independent confirmation, or a superiority test","maximize the named metric, then RMST; minimize total bytes, then arm name lexicographically",lower-bound or point-estimate ordering does not establish statistical superiority,NOT_MEASURED,cfac91215152db73250a532de61b5cb86ffa2d82e6df33879715bf2ac1cf7ea1,64,UNIFORM_7,64,32370,7f24773a066c5b53cb91c90c688eb7def83c8bcb1c44d65563ffa42b192ff7be,largest qualifying empirical sample grid horizon,largest qualifying empirical sample grid horizon,32,UNIFORM_7,64,32370,7f24773a066c5b53cb91c90c688eb7def83c8bcb1c44d65563ffa42b192ff7be,simultaneous confidence-supported lower bound >= 32,simultaneous confidence-supported lower bound >= 64,32,UNIFORM_7,64,32370,7f24773a066c5b53cb91c90c688eb7def83c8bcb1c44d65563ffa42b192ff7be,largest qualifying empirical sample grid horizon,largest qualifying empirical sample grid horizon,,,,,,no qualifying grid horizon (<32); not a measured zero horizon,no qualifying grid horizon (<32); not a measured zero horizon,176.75,UNIFORM_7,268.951171875,32370,7f24773a066c5b53cb91c90c688eb7def83c8bcb1c44d65563ffa42b192ff7be,0.0,UNIFORM_7,0.0,32370,7f24773a066c5b53cb91c90c688eb7def83c8bcb1c44d65563ffa42b192ff7be
POST_HOC_BUDGET_AUDIT_SAME_TEST,1,LOWRANK_4_8_R1,16,60019,3751.1875,1832,30707,630,5,MIXED_4_8_TOP2;STOCHASTIC_4;UNIFORM_2;UNIFORM_3;UNIFORM_4,False,"best feasible on the reused TEST sample; not DEV-selected, independent confirmation, or a superiority test","maximize the named metric, then RMST; minimize total bytes, then arm name lexicographically",lower-bound or point-estimate ordering does not establish statistical superiority,NOT_MEASURED,cfac91215152db73250a532de61b5cb86ffa2d82e6df33879715bf2ac1cf7ea1,64,MIXED_4_8_TOP2,64,58575,82486a86c96434c37e831223c0ffaf738dee2a76fb3a9724b512ec6d59cd2010,largest qualifying empirical sample grid horizon,largest qualifying empirical sample grid horizon,32,MIXED_4_8_TOP2,64,58575,82486a86c96434c37e831223c0ffaf738dee2a76fb3a9724b512ec6d59cd2010,simultaneous confidence-supported lower bound >= 32,simultaneous confidence-supported lower bound >= 64,32,MIXED_4_8_TOP2,32,58575,82486a86c96434c37e831223c0ffaf738dee2a76fb3a9724b512ec6d59cd2010,largest qualifying empirical sample grid horizon,largest qualifying empirical sample grid horizon,,,,,,no qualifying grid horizon (<32); not a measured zero horizon,no qualifying grid horizon (<32); not a measured zero horizon,176.75,MIXED_4_8_TOP2,183.43359375,58575,82486a86c96434c37e831223c0ffaf738dee2a76fb3a9724b512ec6d59cd2010,0.0,MIXED_4_8_TOP2,0.0,58575,82486a86c96434c37e831223c0ffaf738dee2a76fb3a9724b512ec6d59cd2010
POST_HOC_BUDGET_AUDIT_SAME_TEST,1,LOWRANK_4_8_R1,128,265203,2071.8984375,1832,30707,630,5,MIXED_4_8_TOP2;STOCHASTIC_4;UNIFORM_2;UNIFORM_3;UNIFORM_4,False,"best feasible on the reused TEST sample; not DEV-selected, independent confirmation, or a superiority test","maximize the named metric, then RMST; minimize total bytes, then arm name lexicographically",lower-bound or point-estimate ordering does not establish statistical superiority,NOT_MEASURED,cfac91215152db73250a532de61b5cb86ffa2d82e6df33879715bf2ac1cf7ea1,64,MIXED_4_8_TOP2,64,258383,82486a86c96434c37e831223c0ffaf738dee2a76fb3a9724b512ec6d59cd2010,largest qualifying empirical sample grid horizon,largest qualifying empirical sample grid horizon,32,MIXED_4_8_TOP2,64,258383,82486a86c96434c37e831223c0ffaf738dee2a76fb3a9724b512ec6d59cd2010,simultaneous confidence-supported lower bound >= 32,simultaneous confidence-supported lower bound >= 64,32,MIXED_4_8_TOP2,32,258383,82486a86c96434c37e831223c0ffaf738dee2a76fb3a9724b512ec6d59cd2010,largest qualifying empirical sample grid horizon,largest qualifying empirical sample grid horizon,,,,,,no qualifying grid horizon (<32); not a measured zero horizon,no qualifying grid horizon (<32); not a measured zero horizon,176.75,MIXED_4_8_TOP2,183.43359375,258383,82486a86c96434c37e831223c0ffaf738dee2a76fb3a9724b512ec6d59cd2010,0.0,MIXED_4_8_TOP2,0.0,258383,82486a86c96434c37e831223c0ffaf738dee2a76fb3a9724b512ec6d59cd2010
POST_HOC_BUDGET_AUDIT_SAME_TEST,1,LOWRANK_4_8_R2,1,33499,33499.0,2024,31475,630,15,MIXED_4_8;MIXED_4_8_TOP2;MIXED_4_8_TOP5;MIXED_6_8;MIXED_6_8_TOP1;MIXED_6_8_TOP4;STOCHASTIC_4;UNIFORM_2;UNIFORM_3;UNIFORM_4;UNIFORM_5;UNIFORM_6;UNIFORM_7;UNIFORM_8;UNIFORM_9,False,"best feasible on the reused TEST sample; not DEV-selected, independent confirmation, or a superiority test","maximize the named metric, then RMST; minimize total bytes, then arm name lexicographically",lower-bound or point-estimate ordering does not establish statistical superiority,NOT_MEASURED,ea20454f599f9c2a50a0e2794c9e1862c84462e88d97af26c178a5222a38e781,64,UNIFORM_9,64,33138,a2ec5cfe40b1efa8dca6b1e858e72b78f3d033fa7f6468a5d0e7bc05bc4a5a67,largest qualifying empirical sample grid horizon,largest qualifying empirical sample grid horizon,64,UNIFORM_9,64,33138,a2ec5cfe40b1efa8dca6b1e858e72b78f3d033fa7f6468a5d0e7bc05bc4a5a67,simultaneous confidence-supported lower bound >= 64,simultaneous confidence-supported lower bound >= 64,64,UNIFORM_9,64,33138,a2ec5cfe40b1efa8dca6b1e858e72b78f3d033fa7f6468a5d0e7bc05bc4a5a67,largest qualifying empirical sample grid horizon,largest qualifying empirical sample grid horizon,,,,,,no qualifying grid horizon (<32); not a measured zero horizon,no qualifying grid horizon (<32); not a measured zero horizon,218.3984375,UNIFORM_9,272.65625,33138,a2ec5cfe40b1efa8dca6b1e858e72b78f3d033fa7f6468a5d0e7bc05bc4a5a67,0.0,UNIFORM_9,0.0,33138,a2ec5cfe40b1efa8dca6b1e858e72b78f3d033fa7f6468a5d0e7bc05bc4a5a67
POST_HOC_BUDGET_AUDIT_SAME_TEST,1,LOWRANK_4_8_R2,16,63859,3991.1875,2024,31475,630,8,MIXED_4_8;MIXED_4_8_TOP2;MIXED_4_8_TOP5;STOCHASTIC_4;UNIFORM_2;UNIFORM_3;UNIFORM_4;UNIFORM_5,False,"best feasible on the reused TEST sample; not DEV-selected, independent confirmation, or a superiority test","maximize the named metric, then RMST; minimize total bytes, then arm name lexicographically",lower-bound or point-estimate ordering does not establish statistical superiority,NOT_MEASURED,ea20454f599f9c2a50a0e2794c9e1862c84462e88d97af26c178a5222a38e781,64,MIXED_4_8_TOP5,64,63183,f9d5aa2e6d3ac38ec17941c7c3cbfffa0f77c71d9b81f054b3c018fcf42a615b,largest qualifying empirical sample grid horizon,largest qualifying empirical sample grid horizon,64,MIXED_4_8_TOP5,64,63183,f9d5aa2e6d3ac38ec17941c7c3cbfffa0f77c71d9b81f054b3c018fcf42a615b,simultaneous confidence-supported lower bound >= 64,simultaneous confidence-supported lower bound >= 64,64,MIXED_4_8_TOP5,64,63183,f9d5aa2e6d3ac38ec17941c7c3cbfffa0f77c71d9b81f054b3c018fcf42a615b,largest qualifying empirical sample grid horizon,largest qualifying empirical sample grid horizon,,,,,,no qualifying grid horizon (<32); not a measured zero horizon,no qualifying grid horizon (<32); not a measured zero horizon,218.3984375,MIXED_4_8_TOP5,217.3046875,63183,f9d5aa2e6d3ac38ec17941c7c3cbfffa0f77c71d9b81f054b3c018fcf42a615b,0.0,MIXED_4_8_TOP5,0.0,63183,f9d5aa2e6d3ac38ec17941c7c3cbfffa0f77c71d9b81f054b3c018fcf42a615b
POST_HOC_BUDGET_AUDIT_SAME_TEST,1,LOWRANK_4_8_R2,128,290547,2269.8984375,2024,31475,630,7,MIXED_4_8;MIXED_4_8_TOP2;STOCHASTIC_4;UNIFORM_2;UNIFORM_3;UNIFORM_4;UNIFORM_5,False,"best feasible on the reused TEST sample; not DEV-selected, independent confirmation, or a superiority test","maximize the named metric, then RMST; minimize total bytes, then arm name lexicographically",lower-bound or point-estimate ordering does not establish statistical superiority,NOT_MEASURED,ea20454f599f9c2a50a0e2794c9e1862c84462e88d97af26c178a5222a38e781,64,UNIFORM_5,64,282554,c870e39d5845253d09cadb257b6401d6bb63e7e2a433ddd695320a35e3e8c627,largest qualifying empirical sample grid horizon,largest qualifying empirical sample grid horizon,64,UNIFORM_5,64,282554,c870e39d5845253d09cadb257b6401d6bb63e7e2a433ddd695320a35e3e8c627,simultaneous confidence-supported lower bound >= 64,simultaneous confidence-supported lower bound >= 64,64,UNIFORM_5,64,282554,c870e39d5845253d09cadb257b6401d6bb63e7e2a433ddd695320a35e3e8c627,largest qualifying empirical sample grid horizon,largest qualifying empirical sample grid horizon,,,,,,no qualifying grid horizon (<32); not a measured zero horizon,no qualifying grid horizon (<32); not a measured zero horizon,218.3984375,UNIFORM_5,211.859375,282554,c870e39d5845253d09cadb257b6401d6bb63e7e2a433ddd695320a35e3e8c627,0.0,UNIFORM_5,0.0,282554,c870e39d5845253d09cadb257b6401d6bb63e7e2a433ddd695320a35e3e8c627
POST_HOC_BUDGET_AUDIT_SAME_TEST,1,LOWRANK_4_8_R4,1,35419,35419.0,2408,33011,630,20,MIXED_4_8;MIXED_4_8_TOP2;MIXED_4_8_TOP5;MIXED_6_8;MIXED_6_8_TOP1;MIXED_6_8_TOP4;STOCHASTIC_4;UNIFORM_10;UNIFORM_11;UNIFORM_12;UNIFORM_13;UNIFORM_14;UNIFORM_2;UNIFORM_3;UNIFORM_4;UNIFORM_5;UNIFORM_6;UNIFORM_7;UNIFORM_8;UNIFORM_9,False,"best feasible on the reused TEST sample; not DEV-selected, independent confirmation, or a superiority test","maximize the named metric, then RMST; minimize total bytes, then arm name lexicographically",lower-bound or point-estimate ordering does not establish statistical superiority,NOT_MEASURED,619fef9cadbdc677a4c7c3649af7852e6c4a8e5c374fb408c1ab22fdd9f46f56,64,UNIFORM_9,64,33138,a2ec5cfe40b1efa8dca6b1e858e72b78f3d033fa7f6468a5d0e7bc05bc4a5a67,largest qualifying empirical sample grid horizon,largest qualifying empirical sample grid horizon,64,UNIFORM_9,64,33138,a2ec5cfe40b1efa8dca6b1e858e72b78f3d033fa7f6468a5d0e7bc05bc4a5a67,simultaneous confidence-supported lower bound >= 64,simultaneous confidence-supported lower bound >= 64,64,UNIFORM_9,64,33138,a2ec5cfe40b1efa8dca6b1e858e72b78f3d033fa7f6468a5d0e7bc05bc4a5a67,largest qualifying empirical sample grid horizon,largest qualifying empirical sample grid horizon,,,,,,no qualifying grid horizon (<32); not a measured zero horizon,no qualifying grid horizon (<32); not a measured zero horizon,235.818359375,UNIFORM_9,272.65625,33138,a2ec5cfe40b1efa8dca6b1e858e72b78f3d033fa7f6468a5d0e7bc05bc4a5a67,0.0,UNIFORM_9,0.0,33138,a2ec5cfe40b1efa8dca6b1e858e72b78f3d033fa7f6468a5d0e7bc05bc4a5a67
POST_HOC_BUDGET_AUDIT_SAME_TEST,1,LOWRANK_4_8_R4,16,71539,4471.1875,2408,33011,630,11,MIXED_4_8;MIXED_4_8_TOP2;MIXED_4_8_TOP5;MIXED_6_8_TOP1;MIXED_6_8_TOP4;STOCHASTIC_4;UNIFORM_2;UNIFORM_3;UNIFORM_4;UNIFORM_5;UNIFORM_6,False,"best feasible on the reused TEST sample; not DEV-selected, independent confirmation, or a superiority test","maximize the named metric, then RMST; minimize total bytes, then arm name lexicographically",lower-bound or point-estimate ordering does not establish statistical superiority,NOT_MEASURED,619fef9cadbdc677a4c7c3649af7852e6c4a8e5c374fb408c1ab22fdd9f46f56,64,MIXED_6_8_TOP4,64,70863,7aba6198324c190b1fa1a632687cb3dc0e7aa96446b43178e1e14923ce158741,largest qualifying empirical sample grid horizon,largest qualifying empirical sample grid horizon,64,MIXED_6_8_TOP4,64,70863,7aba6198324c190b1fa1a632687cb3dc0e7aa96446b43178e1e14923ce158741,simultaneous confidence-supported lower bound >= 64,simultaneous confidence-supported lower bound >= 64,64,MIXED_6_8_TOP4,64,70863,7aba6198324c190b1fa1a632687cb3dc0e7aa96446b43178e1e14923ce158741,largest qualifying empirical sample grid horizon,largest qualifying empirical sample grid horizon,,,,,,no qualifying grid horizon (<32); not a measured zero horizon,no qualifying grid horizon (<32); not a measured zero horizon,235.818359375,MIXED_6_8_TOP4,268.65625,70863,7aba6198324c190b1fa1a632687cb3dc0e7aa96446b43178e1e14923ce158741,0.0,MIXED_6_8_TOP4,0.0,70863,7aba6198324c190b1fa1a632687cb3dc0e7aa96446b43178e1e14923ce158741
POST_HOC_BUDGET_AUDIT_SAME_TEST,1,LOWRANK_4_8_R4,128,341235,2665.8984375,2408,33011,630,10,MIXED_4_8;MIXED_4_8_TOP2;MIXED_4_8_TOP5;MIXED_6_8_TOP1;STOCHASTIC_4;UNIFORM_2;UNIFORM_3;UNIFORM_4;UNIFORM_5;UNIFORM_6,False,"best feasible on the reused TEST sample; not DEV-selected, independent confirmation, or a superiority test","maximize the named metric, then RMST; minimize total bytes, then arm name lexicographically",lower-bound or point-estimate ordering does not establish statistical superiority,NOT_MEASURED,619fef9cadbdc677a4c7c3649af7852e6c4a8e5c374fb408c1ab22fdd9f46f56,64,MIXED_6_8_TOP1,64,338255,d210e7c903c11ca581eec1fa1598553c881e688314b4911ef368251a40a1055c,largest qualifying empirical sample grid horizon,largest qualifying empirical sample grid horizon,64,MIXED_6_8_TOP1,64,338255,d210e7c903c11ca581eec1fa1598553c881e688314b4911ef368251a40a1055c,simultaneous confidence-supported lower bound >= 64,simultaneous confidence-supported lower bound >= 64,64,MIXED_6_8_TOP1,64,338255,d210e7c903c11ca581eec1fa1598553c881e688314b4911ef368251a40a1055c,largest qualifying empirical sample grid horizon,largest qualifying empirical sample grid horizon,,,,,,no qualifying grid horizon (<32); not a measured zero horizon,no qualifying grid horizon (<32); not a measured zero horizon,235.818359375,MIXED_6_8_TOP1,259.166015625,338255,d210e7c903c11ca581eec1fa1598553c881e688314b4911ef368251a40a1055c,0.0,MIXED_6_8_TOP1,0.0,338255,d210e7c903c11ca581eec1fa1598553c881e688314b4911ef368251a40a1055c
POST_HOC_BUDGET_AUDIT_SAME_TEST,2,FULL_RESIDUAL_4_4,1,33110,33110.0,3176,29934,630,14,MIXED_4_8;MIXED_4_8_TOP2;MIXED_4_8_TOP5;MIXED_6_8;MIXED_6_8_TOP1;MIXED_6_8_TOP4;STOCHASTIC_4;UNIFORM_2;UNIFORM_3;UNIFORM_4;UNIFORM_5;UNIFORM_6;UNIFORM_7;UNIFORM_8,False,"best feasible on the reused TEST sample; not DEV-selected, independent confirmation, or a superiority test","maximize the named metric, then RMST; minimize total bytes, then arm name lexicographically",lower-bound or point-estimate ordering does not establish statistical superiority,NOT_MEASURED,f99ecee29756dd9d969314bd55a44fcecc51b953d838df94134e04866950cf8c,128,UNIFORM_8,128,32754,a12cb0122c33f0007c3b86c9f2dcf4ea8438c994614d7d8a4fdcda9eda2c4ee8,largest qualifying empirical sample grid horizon,largest qualifying empirical sample grid horizon,64,UNIFORM_8,64,32754,a12cb0122c33f0007c3b86c9f2dcf4ea8438c994614d7d8a4fdcda9eda2c4ee8,simultaneous confidence-supported lower bound >= 64,simultaneous confidence-supported lower bound >= 64,64,UNIFORM_8,64,32754,a12cb0122c33f0007c3b86c9f2dcf4ea8438c994614d7d8a4fdcda9eda2c4ee8,largest qualifying empirical sample grid horizon,largest qualifying empirical sample grid horizon,,,,,,no qualifying grid horizon (<32); not a measured zero horizon,no qualifying grid horizon (<32); not a measured zero horizon,238.890625,UNIFORM_8,239.6171875,32754,a12cb0122c33f0007c3b86c9f2dcf4ea8438c994614d7d8a4fdcda9eda2c4ee8,0.0,UNIFORM_8,0.0,32754,a12cb0122c33f0007c3b86c9f2dcf4ea8438c994614d7d8a4fdcda9eda2c4ee8
POST_HOC_BUDGET_AUDIT_SAME_TEST,2,FULL_RESIDUAL_4_4,16,80750,5046.875,3176,29934,630,14,MIXED_4_8;MIXED_4_8_TOP2;MIXED_4_8_TOP5;MIXED_6_8;MIXED_6_8_TOP1;MIXED_6_8_TOP4;STOCHASTIC_4;UNIFORM_2;UNIFORM_3;UNIFORM_4;UNIFORM_5;UNIFORM_6;UNIFORM_7;UNIFORM_8,False,"best feasible on the reused TEST sample; not DEV-selected, independent confirmation, or a superiority test","maximize the named metric, then RMST; minimize total bytes, then arm name lexicographically",lower-bound or point-estimate ordering does not establish statistical superiority,NOT_MEASURED,f99ecee29756dd9d969314bd55a44fcecc51b953d838df94134e04866950cf8c,128,UNIFORM_8,128,79674,a12cb0122c33f0007c3b86c9f2dcf4ea8438c994614d7d8a4fdcda9eda2c4ee8,largest qualifying empirical sample grid horizon,largest qualifying empirical sample grid horizon,64,UNIFORM_8,64,79674,a12cb0122c33f0007c3b86c9f2dcf4ea8438c994614d7d8a4fdcda9eda2c4ee8,simultaneous confidence-supported lower bound >= 64,simultaneous confidence-supported lower bound >= 64,64,UNIFORM_8,64,79674,a12cb0122c33f0007c3b86c9f2dcf4ea8438c994614d7d8a4fdcda9eda2c4ee8,largest qualifying empirical sample grid horizon,largest qualifying empirical sample grid horizon,,,,,,no qualifying grid horizon (<32); not a measured zero horizon,no qualifying grid horizon (<32); not a measured zero horizon,238.890625,UNIFORM_8,239.6171875,79674,a12cb0122c33f0007c3b86c9f2dcf4ea8438c994614d7d8a4fdcda9eda2c4ee8,0.0,UNIFORM_8,0.0,79674,a12cb0122c33f0007c3b86c9f2dcf4ea8438c994614d7d8a4fdcda9eda2c4ee8
POST_HOC_BUDGET_AUDIT_SAME_TEST,2,FULL_RESIDUAL_4_4,128,436462,3409.859375,3176,29934,630,14,MIXED_4_8;MIXED_4_8_TOP2;MIXED_4_8_TOP5;MIXED_6_8;MIXED_6_8_TOP1;MIXED_6_8_TOP4;STOCHASTIC_4;UNIFORM_2;UNIFORM_3;UNIFORM_4;UNIFORM_5;UNIFORM_6;UNIFORM_7;UNIFORM_8,False,"best feasible on the reused TEST sample; not DEV-selected, independent confirmation, or a superiority test","maximize the named metric, then RMST; minimize total bytes, then arm name lexicographically",lower-bound or point-estimate ordering does not establish statistical superiority,NOT_MEASURED,f99ecee29756dd9d969314bd55a44fcecc51b953d838df94134e04866950cf8c,128,UNIFORM_8,128,430010,a12cb0122c33f0007c3b86c9f2dcf4ea8438c994614d7d8a4fdcda9eda2c4ee8,largest qualifying empirical sample grid horizon,largest qualifying empirical sample grid horizon,64,UNIFORM_8,64,430010,a12cb0122c33f0007c3b86c9f2dcf4ea8438c994614d7d8a4fdcda9eda2c4ee8,simultaneous confidence-supported lower bound >= 64,simultaneous confidence-supported lower bound >= 64,64,UNIFORM_8,64,430010,a12cb0122c33f0007c3b86c9f2dcf4ea8438c994614d7d8a4fdcda9eda2c4ee8,largest qualifying empirical sample grid horizon,largest qualifying empirical sample grid horizon,,,,,,no qualifying grid horizon (<32); not a measured zero horizon,no qualifying grid horizon (<32); not a measured zero horizon,238.890625,UNIFORM_8,239.6171875,430010,a12cb0122c33f0007c3b86c9f2dcf4ea8438c994614d7d8a4fdcda9eda2c4ee8,0.0,UNIFORM_8,0.0,430010,a12cb0122c33f0007c3b86c9f2dcf4ea8438c994614d7d8a4fdcda9eda2c4ee8
POST_HOC_BUDGET_AUDIT_SAME_TEST,2,FULL_RESIDUAL_4_8,1,34646,34646.0,4712,29934,630,18,MIXED_4_8;MIXED_4_8_TOP2;MIXED_4_8_TOP5;MIXED_6_8;MIXED_6_8_TOP1;MIXED_6_8_TOP4;STOCHASTIC_4;UNIFORM_10;UNIFORM_11;UNIFORM_12;UNIFORM_2;UNIFORM_3;UNIFORM_4;UNIFORM_5;UNIFORM_6;UNIFORM_7;UNIFORM_8;UNIFORM_9,False,"best feasible on the reused TEST sample; not DEV-selected, independent confirmation, or a superiority test","maximize the named metric, then RMST; minimize total bytes, then arm name lexicographically",lower-bound or point-estimate ordering does not establish statistical superiority,NOT_MEASURED,6eb18f6930ac5c5d1ce9540349aef83d3073885e6e7cb8e7c6e058f1677ff68a,128,UNIFORM_9,128,33138,ebbff77c1454d7c71602e64647965b76dbcc4d01681b7ffeb94f765627658c97,largest qualifying empirical sample grid horizon,largest qualifying empirical sample grid horizon,64,UNIFORM_9,64,33138,ebbff77c1454d7c71602e64647965b76dbcc4d01681b7ffeb94f765627658c97,simultaneous confidence-supported lower bound >= 64,simultaneous confidence-supported lower bound >= 64,64,UNIFORM_9,64,33138,ebbff77c1454d7c71602e64647965b76dbcc4d01681b7ffeb94f765627658c97,largest qualifying empirical sample grid horizon,largest qualifying empirical sample grid horizon,,,,,,no qualifying grid horizon (<32); not a measured zero horizon,no qualifying grid horizon (<32); not a measured zero horizon,240.158203125,UNIFORM_9,239.994140625,33138,ebbff77c1454d7c71602e64647965b76dbcc4d01681b7ffeb94f765627658c97,0.0,UNIFORM_9,0.0,33138,ebbff77c1454d7c71602e64647965b76dbcc4d01681b7ffeb94f765627658c97
POST_HOC_BUDGET_AUDIT_SAME_TEST,2,FULL_RESIDUAL_4_8,16,105326,6582.875,4712,29934,630,18,MIXED_4_8;MIXED_4_8_TOP2;MIXED_4_8_TOP5;MIXED_6_8;MIXED_6_8_TOP1;MIXED_6_8_TOP4;STOCHASTIC_4;UNIFORM_10;UNIFORM_11;UNIFORM_12;UNIFORM_2;UNIFORM_3;UNIFORM_4;UNIFORM_5;UNIFORM_6;UNIFORM_7;UNIFORM_8;UNIFORM_9,False,"best feasible on the reused TEST sample; not DEV-selected, independent confirmation, or a superiority test","maximize the named metric, then RMST; minimize total bytes, then arm name lexicographically",lower-bound or point-estimate ordering does not establish statistical superiority,NOT_MEASURED,6eb18f6930ac5c5d1ce9540349aef83d3073885e6e7cb8e7c6e058f1677ff68a,128,UNIFORM_9,128,85818,ebbff77c1454d7c71602e64647965b76dbcc4d01681b7ffeb94f765627658c97,largest qualifying empirical sample grid horizon,largest qualifying empirical sample grid horizon,64,UNIFORM_9,64,85818,ebbff77c1454d7c71602e64647965b76dbcc4d01681b7ffeb94f765627658c97,simultaneous confidence-supported lower bound >= 64,simultaneous confidence-supported lower bound >= 64,64,UNIFORM_9,64,85818,ebbff77c1454d7c71602e64647965b76dbcc4d01681b7ffeb94f765627658c97,largest qualifying empirical sample grid horizon,largest qualifying empirical sample grid horizon,,,,,,no qualifying grid horizon (<32); not a measured zero horizon,no qualifying grid horizon (<32); not a measured zero horizon,240.158203125,UNIFORM_9,239.994140625,85818,ebbff77c1454d7c71602e64647965b76dbcc4d01681b7ffeb94f765627658c97,0.0,UNIFORM_9,0.0,85818,ebbff77c1454d7c71602e64647965b76dbcc4d01681b7ffeb94f765627658c97
POST_HOC_BUDGET_AUDIT_SAME_TEST,2,FULL_RESIDUAL_4_8,128,633070,4945.859375,4712,29934,630,18,MIXED_4_8;MIXED_4_8_TOP2;MIXED_4_8_TOP5;MIXED_6_8;MIXED_6_8_TOP1;MIXED_6_8_TOP4;STOCHASTIC_4;UNIFORM_10;UNIFORM_11;UNIFORM_12;UNIFORM_2;UNIFORM_3;UNIFORM_4;UNIFORM_5;UNIFORM_6;UNIFORM_7;UNIFORM_8;UNIFORM_9,False,"best feasible on the reused TEST sample; not DEV-selected, independent confirmation, or a superiority test","maximize the named metric, then RMST; minimize total bytes, then arm name lexicographically",lower-bound or point-estimate ordering does not establish statistical superiority,NOT_MEASURED,6eb18f6930ac5c5d1ce9540349aef83d3073885e6e7cb8e7c6e058f1677ff68a,128,UNIFORM_9,128,479162,ebbff77c1454d7c71602e64647965b76dbcc4d01681b7ffeb94f765627658c97,largest qualifying empirical sample grid horizon,largest qualifying empirical sample grid horizon,64,UNIFORM_9,64,479162,ebbff77c1454d7c71602e64647965b76dbcc4d01681b7ffeb94f765627658c97,simultaneous confidence-supported lower bound >= 64,simultaneous confidence-supported lower bound >= 64,64,UNIFORM_9,64,479162,ebbff77c1454d7c71602e64647965b76dbcc4d01681b7ffeb94f765627658c97,largest qualifying empirical sample grid horizon,largest qualifying empirical sample grid horizon,,,,,,no qualifying grid horizon (<32); not a measured zero horizon,no qualifying grid horizon (<32); not a measured zero horizon,240.158203125,UNIFORM_9,239.994140625,479162,ebbff77c1454d7c71602e64647965b76dbcc4d01681b7ffeb94f765627658c97,0.0,UNIFORM_9,0.0,479162,ebbff77c1454d7c71602e64647965b76dbcc4d01681b7ffeb94f765627658c97
POST_HOC_BUDGET_AUDIT_SAME_TEST,2,FULL_RESIDUAL_4_FP32,1,43598,43598.0,13880,29718,630,23,MIXED_4_8;MIXED_4_8_TOP2;MIXED_4_8_TOP5;MIXED_6_8;MIXED_6_8_TOP1;MIXED_6_8_TOP4;NATIVE_FP32;STOCHASTIC_4;UNIFORM_10;UNIFORM_11;UNIFORM_12;UNIFORM_13;UNIFORM_14;UNIFORM_15;UNIFORM_16;UNIFORM_2;UNIFORM_3;UNIFORM_4;UNIFORM_5;UNIFORM_6;UNIFORM_7;UNIFORM_8;UNIFORM_9,True,"best feasible on the reused TEST sample; not DEV-selected, independent confirmation, or a superiority test","maximize the named metric, then RMST; minimize total bytes, then arm name lexicographically",lower-bound or point-estimate ordering does not establish statistical superiority,NOT_MEASURED,87ba8115981db84566f61469263486d9911d54f6651004bc9e7d09418c2aa592,128,UNIFORM_14,128,35059,3733dbe08ca89b54e70c6d86b6c7656aa29134038961908f58c32d59a909d428,largest qualifying empirical sample grid horizon,largest qualifying empirical sample grid horizon,64,UNIFORM_14,64,35059,3733dbe08ca89b54e70c6d86b6c7656aa29134038961908f58c32d59a909d428,simultaneous confidence-supported lower bound >= 64,simultaneous confidence-supported lower bound >= 64,64,UNIFORM_14,64,35059,3733dbe08ca89b54e70c6d86b6c7656aa29134038961908f58c32d59a909d428,largest qualifying empirical sample grid horizon,largest qualifying empirical sample grid horizon,,,,,,no qualifying grid horizon (<32); not a measured zero horizon,no qualifying grid horizon (<32); not a measured zero horizon,239.865234375,UNIFORM_14,240.02734375,35059,3733dbe08ca89b54e70c6d86b6c7656aa29134038961908f58c32d59a909d428,0.0,UNIFORM_14,0.0,35059,3733dbe08ca89b54e70c6d86b6c7656aa29134038961908f58c32d59a909d428
POST_HOC_BUDGET_AUDIT_SAME_TEST,2,FULL_RESIDUAL_4_FP32,16,251798,15737.375,13880,29718,630,23,MIXED_4_8;MIXED_4_8_TOP2;MIXED_4_8_TOP5;MIXED_6_8;MIXED_6_8_TOP1;MIXED_6_8_TOP4;NATIVE_FP32;STOCHASTIC_4;UNIFORM_10;UNIFORM_11;UNIFORM_12;UNIFORM_13;UNIFORM_14;UNIFORM_15;UNIFORM_16;UNIFORM_2;UNIFORM_3;UNIFORM_4;UNIFORM_5;UNIFORM_6;UNIFORM_7;UNIFORM_8;UNIFORM_9,True,"best feasible on the reused TEST sample; not DEV-selected, independent confirmation, or a superiority test","maximize the named metric, then RMST; minimize total bytes, then arm name lexicographically",lower-bound or point-estimate ordering does not establish statistical superiority,NOT_MEASURED,87ba8115981db84566f61469263486d9911d54f6651004bc9e7d09418c2aa592,128,UNIFORM_14,128,116539,3733dbe08ca89b54e70c6d86b6c7656aa29134038961908f58c32d59a909d428,largest qualifying empirical sample grid horizon,largest qualifying empirical sample grid horizon,64,UNIFORM_14,64,116539,3733dbe08ca89b54e70c6d86b6c7656aa29134038961908f58c32d59a909d428,simultaneous confidence-supported lower bound >= 64,simultaneous confidence-supported lower bound >= 64,64,UNIFORM_14,64,116539,3733dbe08ca89b54e70c6d86b6c7656aa29134038961908f58c32d59a909d428,largest qualifying empirical sample grid horizon,largest qualifying empirical sample grid horizon,,,,,,no qualifying grid horizon (<32); not a measured zero horizon,no qualifying grid horizon (<32); not a measured zero horizon,239.865234375,UNIFORM_14,240.02734375,116539,3733dbe08ca89b54e70c6d86b6c7656aa29134038961908f58c32d59a909d428,0.0,UNIFORM_14,0.0,116539,3733dbe08ca89b54e70c6d86b6c7656aa29134038961908f58c32d59a909d428
POST_HOC_BUDGET_AUDIT_SAME_TEST,2,FULL_RESIDUAL_4_FP32,128,1806358,14112.171875,13880,29718,630,23,MIXED_4_8;MIXED_4_8_TOP2;MIXED_4_8_TOP5;MIXED_6_8;MIXED_6_8_TOP1;MIXED_6_8_TOP4;NATIVE_FP32;STOCHASTIC_4;UNIFORM_10;UNIFORM_11;UNIFORM_12;UNIFORM_13;UNIFORM_14;UNIFORM_15;UNIFORM_16;UNIFORM_2;UNIFORM_3;UNIFORM_4;UNIFORM_5;UNIFORM_6;UNIFORM_7;UNIFORM_8;UNIFORM_9,True,"best feasible on the reused TEST sample; not DEV-selected, independent confirmation, or a superiority test","maximize the named metric, then RMST; minimize total bytes, then arm name lexicographically",lower-bound or point-estimate ordering does not establish statistical superiority,NOT_MEASURED,87ba8115981db84566f61469263486d9911d54f6651004bc9e7d09418c2aa592,128,UNIFORM_14,128,724923,3733dbe08ca89b54e70c6d86b6c7656aa29134038961908f58c32d59a909d428,largest qualifying empirical sample grid horizon,largest qualifying empirical sample grid horizon,64,UNIFORM_14,64,724923,3733dbe08ca89b54e70c6d86b6c7656aa29134038961908f58c32d59a909d428,simultaneous confidence-supported lower bound >= 64,simultaneous confidence-supported lower bound >= 64,64,UNIFORM_14,64,724923,3733dbe08ca89b54e70c6d86b6c7656aa29134038961908f58c32d59a909d428,largest qualifying empirical sample grid horizon,largest qualifying empirical sample grid horizon,,,,,,no qualifying grid horizon (<32); not a measured zero horizon,no qualifying grid horizon (<32); not a measured zero horizon,239.865234375,UNIFORM_14,240.02734375,724923,3733dbe08ca89b54e70c6d86b6c7656aa29134038961908f58c32d59a909d428,0.0,UNIFORM_14,0.0,724923,3733dbe08ca89b54e70c6d86b6c7656aa29134038961908f58c32d59a909d428
POST_HOC_BUDGET_AUDIT_SAME_TEST,2,LOWRANK_4_8_R1,1,32539,32539.0,1832,30707,630,11,MIXED_4_8;MIXED_4_8_TOP2;MIXED_4_8_TOP5;MIXED_6_8_TOP1;STOCHASTIC_4;UNIFORM_2;UNIFORM_3;UNIFORM_4;UNIFORM_5;UNIFORM_6;UNIFORM_7,False,"best feasible on the reused TEST sample; not DEV-selected, independent confirmation, or a superiority test","maximize the named metric, then RMST; minimize total bytes, then arm name lexicographically",lower-bound or point-estimate ordering does not establish statistical superiority,NOT_MEASURED,60b099b6a21b9779a8723b06993cd8324949528d562027b78d031700bb022db7,64,UNIFORM_7,128,32370,73ef30bef1a13cbbef4895486f9ae8d413b2f9696b936a685f5e36c8df26789b,largest qualifying empirical sample grid horizon,largest qualifying empirical sample grid horizon,64,UNIFORM_7,64,32370,73ef30bef1a13cbbef4895486f9ae8d413b2f9696b936a685f5e36c8df26789b,simultaneous confidence-supported lower bound >= 64,simultaneous confidence-supported lower bound >= 64,64,UNIFORM_7,64,32370,73ef30bef1a13cbbef4895486f9ae8d413b2f9696b936a685f5e36c8df26789b,largest qualifying empirical sample grid horizon,largest qualifying empirical sample grid horizon,,,,,,no qualifying grid horizon (<32); not a measured zero horizon,no qualifying grid horizon (<32); not a measured zero horizon,208.70703125,UNIFORM_7,236.35546875,32370,73ef30bef1a13cbbef4895486f9ae8d413b2f9696b936a685f5e36c8df26789b,0.0,UNIFORM_7,0.0,32370,73ef30bef1a13cbbef4895486f9ae8d413b2f9696b936a685f5e36c8df26789b
POST_HOC_BUDGET_AUDIT_SAME_TEST,2,LOWRANK_4_8_R1,16,60019,3751.1875,1832,30707,630,5,MIXED_4_8_TOP2;STOCHASTIC_4;UNIFORM_2;UNIFORM_3;UNIFORM_4,False,"best feasible on the reused TEST sample; not DEV-selected, independent confirmation, or a superiority test","maximize the named metric, then RMST; minimize total bytes, then arm name lexicographically",lower-bound or point-estimate ordering does not establish statistical superiority,NOT_MEASURED,60b099b6a21b9779a8723b06993cd8324949528d562027b78d031700bb022db7,64,MIXED_4_8_TOP2,128,58575,3ea297c593608d1407c6d4258ee745eb58b2c8944bf6b61450e7cf4d1d7a8987,largest qualifying empirical sample grid horizon,largest qualifying empirical sample grid horizon,64,MIXED_4_8_TOP2,64,58575,3ea297c593608d1407c6d4258ee745eb58b2c8944bf6b61450e7cf4d1d7a8987,simultaneous confidence-supported lower bound >= 64,simultaneous confidence-supported lower bound >= 64,64,MIXED_4_8_TOP2,64,58575,3ea297c593608d1407c6d4258ee745eb58b2c8944bf6b61450e7cf4d1d7a8987,largest qualifying empirical sample grid horizon,largest qualifying empirical sample grid horizon,,,,,,no qualifying grid horizon (<32); not a measured zero horizon,no qualifying grid horizon (<32); not a measured zero horizon,208.70703125,MIXED_4_8_TOP2,211.552734375,58575,3ea297c593608d1407c6d4258ee745eb58b2c8944bf6b61450e7cf4d1d7a8987,0.0,MIXED_4_8_TOP2,0.0,58575,3ea297c593608d1407c6d4258ee745eb58b2c8944bf6b61450e7cf4d1d7a8987
POST_HOC_BUDGET_AUDIT_SAME_TEST,2,LOWRANK_4_8_R1,128,265203,2071.8984375,1832,30707,630,5,MIXED_4_8_TOP2;STOCHASTIC_4;UNIFORM_2;UNIFORM_3;UNIFORM_4,False,"best feasible on the reused TEST sample; not DEV-selected, independent confirmation, or a superiority test","maximize the named metric, then RMST; minimize total bytes, then arm name lexicographically",lower-bound or point-estimate ordering does not establish statistical superiority,NOT_MEASURED,60b099b6a21b9779a8723b06993cd8324949528d562027b78d031700bb022db7,64,MIXED_4_8_TOP2,128,258383,3ea297c593608d1407c6d4258ee745eb58b2c8944bf6b61450e7cf4d1d7a8987,largest qualifying empirical sample grid horizon,largest qualifying empirical sample grid horizon,64,MIXED_4_8_TOP2,64,258383,3ea297c593608d1407c6d4258ee745eb58b2c8944bf6b61450e7cf4d1d7a8987,simultaneous confidence-supported lower bound >= 64,simultaneous confidence-supported lower bound >= 64,64,MIXED_4_8_TOP2,64,258383,3ea297c593608d1407c6d4258ee745eb58b2c8944bf6b61450e7cf4d1d7a8987,largest qualifying empirical sample grid horizon,largest qualifying empirical sample grid horizon,,,,,,no qualifying grid horizon (<32); not a measured zero horizon,no qualifying grid horizon (<32); not a measured zero horizon,208.70703125,MIXED_4_8_TOP2,211.552734375,258383,3ea297c593608d1407c6d4258ee745eb58b2c8944bf6b61450e7cf4d1d7a8987,0.0,MIXED_4_8_TOP2,0.0,258383,3ea297c593608d1407c6d4258ee745eb58b2c8944bf6b61450e7cf4d1d7a8987
POST_HOC_BUDGET_AUDIT_SAME_TEST,2,LOWRANK_4_8_R2,1,33499,33499.0,2024,31475,630,15,MIXED_4_8;MIXED_4_8_TOP2;MIXED_4_8_TOP5;MIXED_6_8;MIXED_6_8_TOP1;MIXED_6_8_TOP4;STOCHASTIC_4;UNIFORM_2;UNIFORM_3;UNIFORM_4;UNIFORM_5;UNIFORM_6;UNIFORM_7;UNIFORM_8;UNIFORM_9,False,"best feasible on the reused TEST sample; not DEV-selected, independent confirmation, or a superiority test","maximize the named metric, then RMST; minimize total bytes, then arm name lexicographically",lower-bound or point-estimate ordering does not establish statistical superiority,NOT_MEASURED,313439089ed9abf4fad262f3c2d71d0e237357ed811eaf0eb63b84113df46e51,128,UNIFORM_9,128,33138,ebbff77c1454d7c71602e64647965b76dbcc4d01681b7ffeb94f765627658c97,largest qualifying empirical sample grid horizon,largest qualifying empirical sample grid horizon,64,UNIFORM_9,64,33138,ebbff77c1454d7c71602e64647965b76dbcc4d01681b7ffeb94f765627658c97,simultaneous confidence-supported lower bound >= 64,simultaneous confidence-supported lower bound >= 64,64,UNIFORM_9,64,33138,ebbff77c1454d7c71602e64647965b76dbcc4d01681b7ffeb94f765627658c97,largest qualifying empirical sample grid horizon,largest qualifying empirical sample grid horizon,,,,,,no qualifying grid horizon (<32); not a measured zero horizon,no qualifying grid horizon (<32); not a measured zero horizon,236.765625,UNIFORM_9,239.994140625,33138,ebbff77c1454d7c71602e64647965b76dbcc4d01681b7ffeb94f765627658c97,0.0,UNIFORM_9,0.0,33138,ebbff77c1454d7c71602e64647965b76dbcc4d01681b7ffeb94f765627658c97
POST_HOC_BUDGET_AUDIT_SAME_TEST,2,LOWRANK_4_8_R2,16,63859,3991.1875,2024,31475,630,8,MIXED_4_8;MIXED_4_8_TOP2;MIXED_4_8_TOP5;STOCHASTIC_4;UNIFORM_2;UNIFORM_3;UNIFORM_4;UNIFORM_5,False,"best feasible on the reused TEST sample; not DEV-selected, independent confirmation, or a superiority test","maximize the named metric, then RMST; minimize total bytes, then arm name lexicographically",lower-bound or point-estimate ordering does not establish statistical superiority,NOT_MEASURED,313439089ed9abf4fad262f3c2d71d0e237357ed811eaf0eb63b84113df46e51,128,UNIFORM_5,128,61242,63d35a47ee996398ecdb807e806b46d4956dfbf2e7fe1c4da93392357c8094c2,largest qualifying empirical sample grid horizon,largest qualifying empirical sample grid horizon,64,UNIFORM_5,64,61242,63d35a47ee996398ecdb807e806b46d4956dfbf2e7fe1c4da93392357c8094c2,simultaneous confidence-supported lower bound >= 64,simultaneous confidence-supported lower bound >= 64,64,UNIFORM_5,64,61242,63d35a47ee996398ecdb807e806b46d4956dfbf2e7fe1c4da93392357c8094c2,largest qualifying empirical sample grid horizon,largest qualifying empirical sample grid horizon,,,,,,no qualifying grid horizon (<32); not a measured zero horizon,no qualifying grid horizon (<32); not a measured zero horizon,236.765625,UNIFORM_5,226.484375,61242,63d35a47ee996398ecdb807e806b46d4956dfbf2e7fe1c4da93392357c8094c2,0.0,UNIFORM_5,0.0,61242,63d35a47ee996398ecdb807e806b46d4956dfbf2e7fe1c4da93392357c8094c2
POST_HOC_BUDGET_AUDIT_SAME_TEST,2,LOWRANK_4_8_R2,128,290547,2269.8984375,2024,31475,630,7,MIXED_4_8;MIXED_4_8_TOP2;STOCHASTIC_4;UNIFORM_2;UNIFORM_3;UNIFORM_4;UNIFORM_5,False,"best feasible on the reused TEST sample; not DEV-selected, independent confirmation, or a superiority test","maximize the named metric, then RMST; minimize total bytes, then arm name lexicographically",lower-bound or point-estimate ordering does not establish statistical superiority,NOT_MEASURED,313439089ed9abf4fad262f3c2d71d0e237357ed811eaf0eb63b84113df46e51,128,UNIFORM_5,128,282554,63d35a47ee996398ecdb807e806b46d4956dfbf2e7fe1c4da93392357c8094c2,largest qualifying empirical sample grid horizon,largest qualifying empirical sample grid horizon,64,UNIFORM_5,64,282554,63d35a47ee996398ecdb807e806b46d4956dfbf2e7fe1c4da93392357c8094c2,simultaneous confidence-supported lower bound >= 64,simultaneous confidence-supported lower bound >= 64,64,UNIFORM_5,64,282554,63d35a47ee996398ecdb807e806b46d4956dfbf2e7fe1c4da93392357c8094c2,largest qualifying empirical sample grid horizon,largest qualifying empirical sample grid horizon,,,,,,no qualifying grid horizon (<32); not a measured zero horizon,no qualifying grid horizon (<32); not a measured zero horizon,236.765625,UNIFORM_5,226.484375,282554,63d35a47ee996398ecdb807e806b46d4956dfbf2e7fe1c4da93392357c8094c2,0.0,UNIFORM_5,0.0,282554,63d35a47ee996398ecdb807e806b46d4956dfbf2e7fe1c4da93392357c8094c2
POST_HOC_BUDGET_AUDIT_SAME_TEST,2,LOWRANK_4_8_R4,1,35419,35419.0,2408,33011,630,20,MIXED_4_8;MIXED_4_8_TOP2;MIXED_4_8_TOP5;MIXED_6_8;MIXED_6_8_TOP1;MIXED_6_8_TOP4;STOCHASTIC_4;UNIFORM_10;UNIFORM_11;UNIFORM_12;UNIFORM_13;UNIFORM_14;UNIFORM_2;UNIFORM_3;UNIFORM_4;UNIFORM_5;UNIFORM_6;UNIFORM_7;UNIFORM_8;UNIFORM_9,False,"best feasible on the reused TEST sample; not DEV-selected, independent confirmation, or a superiority test","maximize the named metric, then RMST; minimize total bytes, then arm name lexicographically",lower-bound or point-estimate ordering does not establish statistical superiority,NOT_MEASURED,d155eee64ce95fc6722f2359be010a804fd56a93f3a1e28bc38310615a61ddde,128,UNIFORM_14,128,35059,3733dbe08ca89b54e70c6d86b6c7656aa29134038961908f58c32d59a909d428,largest qualifying empirical sample grid horizon,largest qualifying empirical sample grid horizon,64,UNIFORM_14,64,35059,3733dbe08ca89b54e70c6d86b6c7656aa29134038961908f58c32d59a909d428,simultaneous confidence-supported lower bound >= 64,simultaneous confidence-supported lower bound >= 64,64,UNIFORM_14,64,35059,3733dbe08ca89b54e70c6d86b6c7656aa29134038961908f58c32d59a909d428,largest qualifying empirical sample grid horizon,largest qualifying empirical sample grid horizon,,,,,,no qualifying grid horizon (<32); not a measured zero horizon,no qualifying grid horizon (<32); not a measured zero horizon,240.888671875,UNIFORM_14,240.02734375,35059,3733dbe08ca89b54e70c6d86b6c7656aa29134038961908f58c32d59a909d428,0.0,UNIFORM_14,0.0,35059,3733dbe08ca89b54e70c6d86b6c7656aa29134038961908f58c32d59a909d428
POST_HOC_BUDGET_AUDIT_SAME_TEST,2,LOWRANK_4_8_R4,16,71539,4471.1875,2408,33011,630,11,MIXED_4_8;MIXED_4_8_TOP2;MIXED_4_8_TOP5;MIXED_6_8_TOP1;MIXED_6_8_TOP4;STOCHASTIC_4;UNIFORM_2;UNIFORM_3;UNIFORM_4;UNIFORM_5;UNIFORM_6,False,"best feasible on the reused TEST sample; not DEV-selected, independent confirmation, or a superiority test","maximize the named metric, then RMST; minimize total bytes, then arm name lexicographically",lower-bound or point-estimate ordering does not establish statistical superiority,NOT_MEASURED,d155eee64ce95fc6722f2359be010a804fd56a93f3a1e28bc38310615a61ddde,128,MIXED_6_8_TOP4,128,70863,e6fcbaba9734d9a22ed6986582f0ec6e1775b75b7ef967433248f07b3cd13dac,largest qualifying empirical sample grid horizon,largest qualifying empirical sample grid horizon,64,MIXED_6_8_TOP4,64,70863,e6fcbaba9734d9a22ed6986582f0ec6e1775b75b7ef967433248f07b3cd13dac,simultaneous confidence-supported lower bound >= 64,simultaneous confidence-supported lower bound >= 64,64,MIXED_6_8_TOP4,64,70863,e6fcbaba9734d9a22ed6986582f0ec6e1775b75b7ef967433248f07b3cd13dac,largest qualifying empirical sample grid horizon,largest qualifying empirical sample grid horizon,,,,,,no qualifying grid horizon (<32); not a measured zero horizon,no qualifying grid horizon (<32); not a measured zero horizon,240.888671875,MIXED_6_8_TOP4,238.98828125,70863,e6fcbaba9734d9a22ed6986582f0ec6e1775b75b7ef967433248f07b3cd13dac,0.0,MIXED_6_8_TOP4,0.0,70863,e6fcbaba9734d9a22ed6986582f0ec6e1775b75b7ef967433248f07b3cd13dac
POST_HOC_BUDGET_AUDIT_SAME_TEST,2,LOWRANK_4_8_R4,128,341235,2665.8984375,2408,33011,630,10,MIXED_4_8;MIXED_4_8_TOP2;MIXED_4_8_TOP5;MIXED_6_8_TOP1;STOCHASTIC_4;UNIFORM_2;UNIFORM_3;UNIFORM_4;UNIFORM_5;UNIFORM_6,False,"best feasible on the reused TEST sample; not DEV-selected, independent confirmation, or a superiority test","maximize the named metric, then RMST; minimize total bytes, then arm name lexicographically",lower-bound or point-estimate ordering does not establish statistical superiority,NOT_MEASURED,d155eee64ce95fc6722f2359be010a804fd56a93f3a1e28bc38310615a61ddde,128,UNIFORM_6,128,331706,d04fdd7d49aeaec80e9ab3ba9d842736014a4009b69d584c8d1147f58ea461ec,largest qualifying empirical sample grid horizon,largest qualifying empirical sample grid horizon,64,UNIFORM_6,64,331706,d04fdd7d49aeaec80e9ab3ba9d842736014a4009b69d584c8d1147f58ea461ec,simultaneous confidence-supported lower bound >= 64,simultaneous confidence-supported lower bound >= 64,64,UNIFORM_6,64,331706,d04fdd7d49aeaec80e9ab3ba9d842736014a4009b69d584c8d1147f58ea461ec,largest qualifying empirical sample grid horizon,largest qualifying empirical sample grid horizon,,,,,,no qualifying grid horizon (<32); not a measured zero horizon,no qualifying grid horizon (<32); not a measured zero horizon,240.888671875,UNIFORM_6,235.453125,331706,d04fdd7d49aeaec80e9ab3ba9d842736014a4009b69d584c8d1147f58ea461ec,0.0,UNIFORM_6,0.0,331706,d04fdd7d49aeaec80e9ab3ba9d842736014a4009b69d584c8d1147f58ea461ec
