model_seed,arm,period,metric,N_sequences,eligible_sample_writes,contributing_sequences,valid_sample_writes,mean_of_sequence_means,mean,median,minimum,maximum
0,LOWRANK_4_8_R2,before_first_failure,state_norm,32,9178,32,9178,2797.557350543491,3070.672683805407,2476.5519538509557,285.2011671221639,14418.137573658245
0,LOWRANK_4_8_R2,before_first_failure,residual_norm,32,9178,32,9178,138.39607771461064,150.3877947101047,123.4176640082089,25.73964367001263,684.440946690017
0,LOWRANK_4_8_R2,before_first_failure,native_state_norm,32,9178,32,9178,1307.7687436953413,1357.7392276044186,1403.0551039403963,279.72061155088096,2256.762514240102
0,LOWRANK_4_8_R2,before_first_failure,fp64_shadow_state_norm,32,9178,32,9178,1307.7687392938603,1357.7392227352364,1403.0550677359042,279.72061150704553,2256.7625498811203
0,LOWRANK_4_8_R2,before_first_failure,state_scale_minimum,32,9178,32,9178,3.83547800071578e-05,4.072684648382219e-05,3.408535849303007e-05,2.1456054710711214e-09,0.0001212928254972212
0,LOWRANK_4_8_R2,before_first_failure,state_scale_maximum,32,9178,32,9178,332.42963787295815,360.52576557507723,297.6228790283203,88.48998260498047,1560.9097900390625
0,LOWRANK_4_8_R2,before_first_failure,residual_scale_minimum,32,9178,32,9178,9.403707338650357e-07,9.880575444661094e-07,2.2987539693986037e-07,1.1630646966354075e-11,9.951746505976189e-06
0,LOWRANK_4_8_R2,before_first_failure,residual_scale_maximum,32,9178,32,9178,32.550778341689245,35.412888427527804,28.500237464904785,6.255187034606934,178.6933135986328
0,LOWRANK_4_8_R2,before_first_failure,self_writeback_mse,32,9178,32,9178,37.817361851138756,45.214911153406845,20.294581290956522,0.3246677750726151,944.2961512309938
0,LOWRANK_4_8_R2,before_first_failure,projection_leakage_mse,32,9178,32,9178,37.817128384266816,45.21463355660411,20.29443919087076,0.32465891088791604,944.2920576070543
0,LOWRANK_4_8_R2,before_first_failure,native_state_error_l2,32,9178,32,9178,2357.107473305567,2631.640548088471,1987.8522616491855,63.093500554789344,14223.749423339055
0,LOWRANK_4_8_R2,before_first_failure,native_state_error_mse,32,9178,32,9178,3232.6438789143144,3982.8164905448,1286.3140603662612,1.2958300170108086,65857.76290948507
0,LOWRANK_4_8_R2,before_first_failure,fp64_shadow_error_l2,32,9178,32,9178,2357.1074735274183,2631.6405482331343,1987.8522622256655,63.09350031100365,14223.749439994448
0,LOWRANK_4_8_R2,before_first_failure,fp64_shadow_error_mse,32,9178,32,9178,3232.6438786824,3982.81648921523,1286.314061112684,1.2958300069969462,65857.76306371822
0,LOWRANK_4_8_R2,before_first_failure,gold_margin,32,9178,32,9178,55.220158866789006,55.11219670191771,55.80153179168701,0.0787200927734375,99.58074951171875
0,LOWRANK_4_8_R2,before_first_failure,top_two_margin,32,9178,32,9178,55.220158866789006,55.11219670191771,55.80153179168701,0.0787200927734375,99.58074951171875
0,LOWRANK_4_8_R2,at_or_after_first_failure,state_norm,32,56358,32,56358,18367398.072931543,18398544.768928785,815769.7181809018,1689.4874841183005,1283199223.1309147
0,LOWRANK_4_8_R2,at_or_after_first_failure,residual_norm,32,56358,32,56358,846900.8527984067,848829.200614,37223.9486476949,76.97772496609355,80408315.08368248
0,LOWRANK_4_8_R2,at_or_after_first_failure,native_state_norm,32,56358,32,56358,3217.0006248756504,3213.7008959072427,3268.0704961297724,1188.4391937782543,4984.359117355076
0,LOWRANK_4_8_R2,at_or_after_first_failure,fp64_shadow_state_norm,32,56358,32,56358,3217.0008673192897,3213.701140235893,3268.07067611406,1188.4391909373082,4984.35953923826
0,LOWRANK_4_8_R2,at_or_after_first_failure,state_scale_minimum,32,56358,32,56358,0.0003005687200481525,0.00029996894433133173,0.00029098926461301744,1.9764569515245967e-05,0.0012199918273836374
0,LOWRANK_4_8_R2,at_or_after_first_failure,state_scale_maximum,32,56358,32,56358,3101994.1113106236,3112778.571530414,109898.12890625,189.077392578125,270594880.0
0,LOWRANK_4_8_R2,at_or_after_first_failure,residual_scale_minimum,32,56358,32,56358,1.7893034828361781e-06,1.7881440417334832e-06,4.369851893670784e-07,6.675224262231438e-10,1.0742110134742688e-05
0,LOWRANK_4_8_R2,at_or_after_first_failure,residual_scale_maximum,32,56358,32,56358,292040.0180903419,292935.4239102429,10473.12548828125,15.431130409240723,33709060.0
0,LOWRANK_4_8_R2,at_or_after_first_failure,self_writeback_mse,32,56358,32,56358,12884129890.26913,12960913548.055336,2012081.7452914943,8.886507882590253,7772143490718.009
0,LOWRANK_4_8_R2,at_or_after_first_failure,projection_leakage_mse,32,56358,32,56358,12884059409.737335,12960842506.912416,2012073.524359406,8.886437534071861,7772124593215.77
0,LOWRANK_4_8_R2,at_or_after_first_failure,native_state_error_l2,32,56358,32,56358,18367324.440653864,18398470.37259394,815733.5491693392,1189.7897665872372,1283199224.7322326
0,LOWRANK_4_8_R2,at_or_after_first_failure,native_state_error_mse,32,56358,32,56358,1261390596132.6643,1270250045717.7864,216608479.38420838,460.8071903241252,536002685661914.94
0,LOWRANK_4_8_R2,at_or_after_first_failure,fp64_shadow_error_l2,32,56358,32,56358,18367324.440646205,18398470.372586656,815733.5492087003,1189.7897631754613,1283199224.7321308
0,LOWRANK_4_8_R2,at_or_after_first_failure,fp64_shadow_error_mse,32,56358,32,56358,1261390596132.3982,1270250045717.5215,216608479.40511838,460.8071876813542,536002685661829.8
0,LOWRANK_4_8_R2,at_or_after_first_failure,gold_margin,32,56358,32,56358,-5.376318429372839,-5.303690026178459,-3.379199504852295,-138.4968605041504,98.50814437866211
0,LOWRANK_4_8_R2,at_or_after_first_failure,top_two_margin,32,56358,32,56358,35.16961189191997,35.17984435843013,34.26525068283081,0.000202178955078125,99.4352912902832
1,LOWRANK_4_8_R2,before_first_failure,state_norm,32,7506,32,7506,1934.4363904327265,2149.1235390701763,1797.6176568756487,361.1781260420664,8916.116464512636
1,LOWRANK_4_8_R2,before_first_failure,residual_norm,32,7506,32,7506,97.70077337503979,106.41058904243738,89.99701066287099,29.876082945706422,499.8103564047911
1,LOWRANK_4_8_R2,before_first_failure,native_state_norm,32,7506,32,7506,1058.2437774326816,1095.8424121091743,1112.689056939791,353.20778758875156,1668.3647368740776
1,LOWRANK_4_8_R2,before_first_failure,fp64_shadow_state_norm,32,7506,32,7506,1058.2437232081552,1095.8423500523807,1112.6889783635206,353.2077914909576,1668.3644792852033
1,LOWRANK_4_8_R2,before_first_failure,state_scale_minimum,32,7506,32,7506,49.451008072038874,52.520271769810584,51.54023551940918,2.51689129981969e-07,97.74449920654297
1,LOWRANK_4_8_R2,before_first_failure,state_scale_maximum,32,7506,32,7506,261.5173847323976,289.1271234365454,232.44110107421875,97.68587493896484,1365.8367919921875
1,LOWRANK_4_8_R2,before_first_failure,residual_scale_minimum,32,7506,32,7506,0.6745244293942663,0.695926310874099,0.020443721674382687,4.117787444357646e-09,6.3427863121032715
1,LOWRANK_4_8_R2,before_first_failure,residual_scale_maximum,32,7506,32,7506,24.12324650949813,26.837004110840457,20.837162017822266,6.520341396331787,189.68756103515625
1,LOWRANK_4_8_R2,before_first_failure,self_writeback_mse,32,7506,32,7506,15.750802823871894,19.369268405194568,9.630342505137246,0.5011276469087484,263.788111026846
1,LOWRANK_4_8_R2,before_first_failure,projection_leakage_mse,32,7506,32,7506,15.750698777053685,19.369143226934224,9.630274212281915,0.5011209213797085,263.7867539032451
1,LOWRANK_4_8_R2,before_first_failure,native_state_error_l2,32,7506,32,7506,1521.2854013968893,1746.8078969670034,1364.7922350941244,73.79788960048404,8649.583231704917
1,LOWRANK_4_8_R2,before_first_failure,native_state_error_mse,32,7506,32,7506,1268.7065881078352,1630.4724102008206,606.3339421709283,1.7728282908480566,24353.935573629842
1,LOWRANK_4_8_R2,before_first_failure,fp64_shadow_error_l2,32,7506,32,7506,1521.2854051907113,1746.8079019405134,1364.7922444781213,73.79788976357392,8649.583252728617
1,LOWRANK_4_8_R2,before_first_failure,fp64_shadow_error_mse,32,7506,32,7506,1268.7065952974351,1630.4724199232285,606.333950508093,1.772828298683792,24353.935692019328
1,LOWRANK_4_8_R2,before_first_failure,gold_margin,32,7506,32,7506,44.53237144413228,44.74905732657205,41.8925576210022,0.29513025283813477,88.39487075805664
1,LOWRANK_4_8_R2,before_first_failure,top_two_margin,32,7506,32,7506,44.53237144413228,44.74905732657205,41.8925576210022,0.29513025283813477,88.39487075805664
1,LOWRANK_4_8_R2,at_or_after_first_failure,state_norm,32,58030,32,58030,60004205.32203231,60040706.33402364,1239945.2089456976,1258.3247168637502,1515136279.8510985
1,LOWRANK_4_8_R2,at_or_after_first_failure,residual_norm,32,58030,32,58030,2782855.339613618,2784652.2192518823,56123.9723355482,64.95765836092949,84910353.11452433
1,LOWRANK_4_8_R2,at_or_after_first_failure,native_state_norm,32,58030,32,58030,1762.7540119770413,1762.7019483052727,1779.2576179406515,986.3250114730398,2282.2306564122964
1,LOWRANK_4_8_R2,at_or_after_first_failure,fp64_shadow_state_norm,32,58030,32,58030,1762.7533085706634,1762.7012459042794,1779.2568798663788,986.3249727103058,2282.2291398200223
1,LOWRANK_4_8_R2,at_or_after_first_failure,state_scale_minimum,32,58030,32,58030,96.3221128861366,96.26426117815026,97.68923950195312,27.2701416015625,97.74313354492188
1,LOWRANK_4_8_R2,at_or_after_first_failure,state_scale_maximum,32,58030,32,58030,11493480.077458126,11503133.908387734,232870.859375,149.59173583984375,335454656.0
1,LOWRANK_4_8_R2,at_or_after_first_failure,residual_scale_minimum,32,58030,32,58030,1.8191315173954408,1.819965510853091,0.3211108446121216,4.263168040807841e-09,6.256938934326172
1,LOWRANK_4_8_R2,at_or_after_first_failure,residual_scale_maximum,32,58030,32,58030,1103557.0901227298,1104353.7778444882,22008.0234375,12.544805526733398,37849684.0
1,LOWRANK_4_8_R2,at_or_after_first_failure,self_writeback_mse,32,58030,32,58030,101398437849.50981,101924499117.40231,5559100.173918993,4.3364129024142235,14216960934458.547
1,LOWRANK_4_8_R2,at_or_after_first_failure,projection_leakage_mse,32,58030,32,58030,101397942152.04672,101924001244.80025,5559066.352140488,4.336376304940368,14216919917225.334
1,LOWRANK_4_8_R2,at_or_after_first_failure,native_state_error_l2,32,58030,32,58030,60004158.87120381,60040659.04475936,1239906.5272446391,789.5756626387899,1515136307.7046344
1,LOWRANK_4_8_R2,at_or_after_first_failure,native_state_error_mse,32,58030,32,58030,8763094028421.422,8800419783970.09,500445377.3456346,202.9393642680613,747278004858343.8
1,LOWRANK_4_8_R2,at_or_after_first_failure,fp64_shadow_error_l2,32,58030,32,58030,60004158.87120577,60040659.0447614,1239906.5272910413,789.575651058788,1515136307.7045746
1,LOWRANK_4_8_R2,at_or_after_first_failure,fp64_shadow_error_mse,32,58030,32,58030,8763094028420.498,8800419783969.191,500445377.38309103,202.93935831540003,747278004858285.0
1,LOWRANK_4_8_R2,at_or_after_first_failure,gold_margin,32,58030,32,58030,-15.478202547167292,-15.579496002318084,-24.34933614730835,-126.57906723022461,90.18500137329102
1,LOWRANK_4_8_R2,at_or_after_first_failure,top_two_margin,32,58030,32,58030,34.191366837755325,34.21806107944393,34.25224018096924,0.0064868927001953125,90.18500137329102
2,LOWRANK_4_8_R2,before_first_failure,state_norm,32,7306,32,7306,1292.7181777101644,1322.139802312986,1235.2647541278247,349.52890077223003,3557.7333039644955
2,LOWRANK_4_8_R2,before_first_failure,residual_norm,32,7306,32,7306,71.5845034654707,72.73128409494888,68.23941317107284,28.352112073664266,182.8785755446207
2,LOWRANK_4_8_R2,before_first_failure,native_state_norm,32,7306,32,7306,796.1459019120144,800.451670603567,819.7555391193293,344.26832342187134,1140.0124048242621
2,LOWRANK_4_8_R2,before_first_failure,fp64_shadow_state_norm,32,7306,32,7306,796.145882384154,800.4516513080019,819.7555301738901,344.2683265427767,1140.012392629652
2,LOWRANK_4_8_R2,before_first_failure,state_scale_minimum,32,7306,32,7306,34.98143195050475,35.019264762394535,35.8918571472168,1.213397922583681e-06,69.73392486572266
2,LOWRANK_4_8_R2,before_first_failure,state_scale_maximum,32,7306,32,7306,196.0043827643803,200.60196471716847,188.09576416015625,80.8968734741211,600.6139526367188
2,LOWRANK_4_8_R2,before_first_failure,residual_scale_minimum,32,7306,32,7306,1.3518529558952919,1.361736324556154,1.2373386025428772,4.520762075799212e-08,5.367841720581055
2,LOWRANK_4_8_R2,before_first_failure,residual_scale_maximum,32,7306,32,7306,16.912713015782884,17.299956749473047,15.467097282409668,5.127854347229004,68.39051818847656
2,LOWRANK_4_8_R2,before_first_failure,self_writeback_mse,32,7306,32,7306,5.330483963385789,5.546921070328304,4.120081492164517,0.25113675878552155,38.80085182181512
2,LOWRANK_4_8_R2,before_first_failure,projection_leakage_mse,32,7306,32,7306,5.330436486502973,5.546871941383803,4.120034707616168,0.25112880410386285,38.80065360129269
2,LOWRANK_4_8_R2,before_first_failure,native_state_error_l2,32,7306,32,7306,979.1261669317747,1011.2105468120525,924.8441680872329,64.45603695828156,3341.651676940988
2,LOWRANK_4_8_R2,before_first_failure,native_state_error_mse,32,7306,32,7306,427.2369253921025,455.14916912377134,278.429939864857,1.3524025717341661,3634.972633464362
2,LOWRANK_4_8_R2,before_first_failure,fp64_shadow_error_l2,32,7306,32,7306,979.1261670338716,1011.2105465818903,924.8441733876197,64.45603765141986,3341.651673633488
2,LOWRANK_4_8_R2,before_first_failure,fp64_shadow_error_mse,32,7306,32,7306,427.2369253073552,455.1491687504326,278.42994305771566,1.3524026008207206,3634.9726262687145
2,LOWRANK_4_8_R2,before_first_failure,gold_margin,32,7306,32,7306,73.76647708885228,73.54871151313519,74.85528564453125,0.251181036233902,148.4021759033203
2,LOWRANK_4_8_R2,before_first_failure,top_two_margin,32,7306,32,7306,73.76647708885228,73.54871151313519,74.85528564453125,0.251181036233902,148.4021759033203
2,LOWRANK_4_8_R2,at_or_after_first_failure,state_norm,32,58230,32,58230,30790392165277.6,30981803890614.11,249079.58582451788,1252.7958355153835,4.485518051129944e+16
2,LOWRANK_4_8_R2,at_or_after_first_failure,residual_norm,32,58230,32,58230,2618789679304.1562,2635069687225.9907,11314.402337432253,56.02481351814001,3697519103697084.5
2,LOWRANK_4_8_R2,at_or_after_first_failure,native_state_norm,32,58230,32,58230,1556.4638805557977,1556.8400902027065,1600.943944569173,868.9108408169177,2354.3559204497305
2,LOWRANK_4_8_R2,at_or_after_first_failure,fp64_shadow_state_norm,32,58230,32,58230,1556.4635072481094,1556.8397167594185,1600.9435969226474,868.9108400455059,2354.354424104207
2,LOWRANK_4_8_R2,at_or_after_first_failure,state_scale_minimum,32,58230,32,58230,81.86180011988164,81.83907494675186,66.08610916137695,15.745140075683594,463.17462158203125
2,LOWRANK_4_8_R2,at_or_after_first_failure,state_scale_maximum,32,58230,32,58230,12779845048182.605,12859292637909.475,43707.173828125,134.8682403564453,1.878051544838963e+16
2,LOWRANK_4_8_R2,at_or_after_first_failure,residual_scale_minimum,32,58230,32,58230,4.625034599594119,4.623814004852935,3.965232014656067,0.0001183420536108315,45.2979850769043
2,LOWRANK_4_8_R2,at_or_after_first_failure,residual_scale_maximum,32,58230,32,58230,948550626624.7191,954447389455.3142,3622.299072265625,10.504566192626953,1336019370639360.0
2,LOWRANK_4_8_R2,at_or_after_first_failure,self_writeback_mse,32,58230,32,58230,4.778160803809998e+23,4.8078653240035965e+23,125062.12667776772,2.3262244648733454,2.8510137967333176e+27
2,LOWRANK_4_8_R2,at_or_after_first_failure,projection_leakage_mse,32,58230,32,58230,4.7778389017884175e+23,4.8075414208050986e+23,125053.1000849586,2.326199183533048,2.8509623152495907e+27
2,LOWRANK_4_8_R2,at_or_after_first_failure,native_state_error_l2,32,58230,32,58230,30790392165223.094,30981803890559.246,249024.61804391985,924.6046794418162,4.485518051129942e+16
2,LOWRANK_4_8_R2,at_or_after_first_failure,native_state_error_mse,32,58230,32,58230,2.378371278662439e+26,2.393156963065854e+26,20186608.27013816,278.28574649925247,6.549437560876484e+29
2,LOWRANK_4_8_R2,at_or_after_first_failure,fp64_shadow_error_l2,32,58230,32,58230,30790392165223.094,30981803890559.246,249024.61809594338,924.6046875482621,4.485518051129942e+16
2,LOWRANK_4_8_R2,at_or_after_first_failure,fp64_shadow_error_mse,32,58230,32,58230,2.378371278662439e+26,2.393156963065854e+26,20186608.27857226,278.28575137897764,6.549437560876484e+29
2,LOWRANK_4_8_R2,at_or_after_first_failure,gold_margin,32,58230,32,58230,-19.57474972706257,-19.61167086477254,-22.747679710388184,-188.4695816040039,135.88152313232422
2,LOWRANK_4_8_R2,at_or_after_first_failure,top_two_margin,32,58230,32,58230,25.774151088029193,25.76849341906155,20.652734696865082,0.0007238388061523438,135.88152313232422
