model_seed,arm,group_position,metric,N,active_N,before_first_failure_N,at_or_after_first_failure_N,valid_N,mean,median,minimum,maximum
0,NATIVE_FP32,128,state_norm,32,32,32,0,32,1340.7897535312188,1342.5264864307337,1120.6377605058806,1545.94361977141
0,NATIVE_FP32,128,residual_norm,32,32,32,0,32,0.0,0.0,0.0,0.0
0,NATIVE_FP32,128,native_state_norm,32,32,32,0,32,1340.7897535312188,1342.5264864307337,1120.6377605058806,1545.94361977141
0,NATIVE_FP32,128,fp64_shadow_state_norm,32,32,32,0,32,1340.7897416148594,1342.5265002864448,1120.6377585923672,1545.9436090767683
0,NATIVE_FP32,128,state_scale_minimum,32,32,32,0,0,,,,
0,NATIVE_FP32,128,state_scale_maximum,32,32,32,0,0,,,,
0,NATIVE_FP32,128,residual_scale_minimum,32,32,32,0,0,,,,
0,NATIVE_FP32,128,residual_scale_maximum,32,32,32,0,0,,,,
0,NATIVE_FP32,128,self_writeback_mse,32,32,32,0,32,0.0,0.0,0.0,0.0
0,NATIVE_FP32,128,projection_leakage_mse,32,32,32,0,32,0.0,0.0,0.0,0.0
0,NATIVE_FP32,128,native_state_error_l2,32,32,32,0,32,0.0,0.0,0.0,0.0
0,NATIVE_FP32,128,native_state_error_mse,32,32,32,0,32,0.0,0.0,0.0,0.0
0,NATIVE_FP32,128,fp64_shadow_error_l2,32,32,32,0,32,0.0004960940247826758,0.0004933927131626457,0.00044397295324762493,0.000578835049320065
0,NATIVE_FP32,128,fp64_shadow_error_mse,32,32,32,0,32,8.044533149426667e-11,7.924362202291475e-11,6.416405703626879e-11,1.0906575987023503e-10
0,NATIVE_FP32,128,gold_margin,32,32,32,0,32,55.60018402338028,55.28536510467529,38.05203342437744,73.75978469848633
0,NATIVE_FP32,128,top_two_margin,32,32,32,0,32,55.60018402338028,55.28536510467529,38.05203342437744,73.75978469848633
0,NATIVE_FP32,512,state_norm,32,32,2,30,32,2329.6587712861233,2345.1746159019744,2117.446058274274,2556.584364323196
0,NATIVE_FP32,512,residual_norm,32,32,2,30,32,0.0,0.0,0.0,0.0
0,NATIVE_FP32,512,native_state_norm,32,32,2,30,32,2329.6587712861233,2345.1746159019744,2117.446058274274,2556.584364323196
0,NATIVE_FP32,512,fp64_shadow_state_norm,32,32,2,30,32,2329.6587970594574,2345.1746684826976,2117.4461943085635,2556.584311147727
0,NATIVE_FP32,512,state_scale_minimum,32,32,2,30,0,,,,
0,NATIVE_FP32,512,state_scale_maximum,32,32,2,30,0,,,,
0,NATIVE_FP32,512,residual_scale_minimum,32,32,2,30,0,,,,
0,NATIVE_FP32,512,residual_scale_maximum,32,32,2,30,0,,,,
0,NATIVE_FP32,512,self_writeback_mse,32,32,2,30,32,0.0,0.0,0.0,0.0
0,NATIVE_FP32,512,projection_leakage_mse,32,32,2,30,32,0.0,0.0,0.0,0.0
0,NATIVE_FP32,512,native_state_error_l2,32,32,2,30,32,0.0,0.0,0.0,0.0
0,NATIVE_FP32,512,native_state_error_mse,32,32,2,30,32,0.0,0.0,0.0,0.0
0,NATIVE_FP32,512,fp64_shadow_error_l2,32,32,2,30,32,0.0016389719140649645,0.0016147158906188726,0.0015098002676486877,0.001806999866519162
0,NATIVE_FP32,512,fp64_shadow_error_mse,32,32,2,30,32,8.769423004650796e-10,8.487333486340711e-10,7.420237136041823e-10,1.0629064184896712e-09
0,NATIVE_FP32,512,gold_margin,32,32,2,30,32,11.739529173821209,20.90321135520935,-95.91392517089844,70.87905311584473
0,NATIVE_FP32,512,top_two_margin,32,32,2,30,32,31.038470577448606,28.365686893463135,0.7918184995651245,70.87905311584473
0,NATIVE_FP32,2048,state_norm,32,32,0,32,32,4231.570306020816,4143.7405657052805,3858.873432744674,4931.244167193293
0,NATIVE_FP32,2048,residual_norm,32,32,0,32,32,0.0,0.0,0.0,0.0
0,NATIVE_FP32,2048,native_state_norm,32,32,0,32,32,4231.570306020816,4143.7405657052805,3858.873432744674,4931.244167193293
0,NATIVE_FP32,2048,fp64_shadow_state_norm,32,32,0,32,32,4231.570907120142,4143.741172426098,3858.8739731821165,4931.24454722839
0,NATIVE_FP32,2048,state_scale_minimum,32,32,0,32,0,,,,
0,NATIVE_FP32,2048,state_scale_maximum,32,32,0,32,0,,,,
0,NATIVE_FP32,2048,residual_scale_minimum,32,32,0,32,0,,,,
0,NATIVE_FP32,2048,residual_scale_maximum,32,32,0,32,0,,,,
0,NATIVE_FP32,2048,self_writeback_mse,32,32,0,32,32,0.0,0.0,0.0,0.0
0,NATIVE_FP32,2048,projection_leakage_mse,32,32,0,32,32,0.0,0.0,0.0,0.0
0,NATIVE_FP32,2048,native_state_error_l2,32,32,0,32,32,0.0,0.0,0.0,0.0
0,NATIVE_FP32,2048,native_state_error_mse,32,32,0,32,32,0.0,0.0,0.0,0.0
0,NATIVE_FP32,2048,fp64_shadow_error_l2,32,32,0,32,32,0.006177184091996313,0.0061280880474989235,0.005547303064714522,0.006979462656367803
0,NATIVE_FP32,2048,fp64_shadow_error_mse,32,32,0,32,32,1.2463332274918427e-08,1.2224485998722506e-08,1.0017113050713256e-08,1.5857063467328354e-08
0,NATIVE_FP32,2048,gold_margin,32,32,0,32,32,-42.92030541785061,-46.90275967121124,-129.8186092376709,61.32098388671875
0,NATIVE_FP32,2048,top_two_margin,32,32,0,32,32,31.8289818642661,27.17123770713806,0.6142740249633789,67.31825256347656
0,UNIFORM_8,128,state_norm,32,32,32,0,32,1344.4843837277801,1345.2182701382567,1124.9757952492218,1548.1260338107686
0,UNIFORM_8,128,residual_norm,32,32,32,0,32,0.0,0.0,0.0,0.0
0,UNIFORM_8,128,native_state_norm,32,32,32,0,32,1340.7897535312188,1342.5264864307337,1120.6377605058806,1545.94361977141
0,UNIFORM_8,128,fp64_shadow_state_norm,32,32,32,0,32,1340.7897416148594,1342.5265002864448,1120.6377585923672,1545.9436090767683
0,UNIFORM_8,128,state_scale_minimum,32,32,32,0,32,2.995672684846795e-05,2.619034694362199e-05,1.7961625417228788e-05,5.260956095298752e-05
0,UNIFORM_8,128,state_scale_maximum,32,32,32,0,32,220.1067228317261,211.6849594116211,139.93821716308594,356.8993225097656
0,UNIFORM_8,128,residual_scale_minimum,32,32,32,0,0,,,,
0,UNIFORM_8,128,residual_scale_maximum,32,32,32,0,0,,,,
0,UNIFORM_8,128,self_writeback_mse,32,32,32,0,32,0.04539146300422806,0.04491296935941186,0.0239418263396754,0.07464744569649413
0,UNIFORM_8,128,projection_leakage_mse,32,32,32,0,32,0.0,0.0,0.0,0.0
0,UNIFORM_8,128,native_state_error_l2,32,32,32,0,32,99.2363968012575,99.35705842415527,85.79842361846211,112.92201191210789
0,UNIFORM_8,128,native_state_error_mse,32,32,32,0,32,3.2199824063481466,3.2135025558099106,2.3962791326214443,4.150840095793696
0,UNIFORM_8,128,fp64_shadow_error_l2,32,32,32,0,32,99.23639540944788,99.35704703720721,85.79842514751675,112.92201383721248
0,UNIFORM_8,128,fp64_shadow_error_mse,32,32,32,0,32,3.2199823138373316,3.2135018199298253,2.3962792180319124,4.1508402373214865
0,UNIFORM_8,128,gold_margin,32,32,32,0,32,55.499428391456604,54.32513236999512,35.437254905700684,75.78545761108398
0,UNIFORM_8,128,top_two_margin,32,32,32,0,32,55.499428391456604,54.32513236999512,35.437254905700684,75.78545761108398
0,UNIFORM_8,512,state_norm,32,32,2,30,32,2355.2330731411867,2364.225117368566,2130.5742610876246,2572.666611074253
0,UNIFORM_8,512,residual_norm,32,32,2,30,32,0.0,0.0,0.0,0.0
0,UNIFORM_8,512,native_state_norm,32,32,2,30,32,2329.6587712861233,2345.1746159019744,2117.446058274274,2556.584364323196
0,UNIFORM_8,512,fp64_shadow_state_norm,32,32,2,30,32,2329.6587970594574,2345.1746684826976,2117.4461943085635,2556.584311147727
0,UNIFORM_8,512,state_scale_minimum,32,32,2,30,32,8.571009470870194e-05,8.215645721065812e-05,6.98101575835608e-05,0.00012797692033927888
0,UNIFORM_8,512,state_scale_maximum,32,32,2,30,32,403.24495506286627,395.80120849609375,288.1149597167969,533.4503784179688
0,UNIFORM_8,512,residual_scale_minimum,32,32,2,30,0,,,,
0,UNIFORM_8,512,residual_scale_maximum,32,32,2,30,0,,,,
0,UNIFORM_8,512,self_writeback_mse,32,32,2,30,32,0.1271904448433246,0.12288685953024484,0.07609881772174873,0.21251838082200655
0,UNIFORM_8,512,projection_leakage_mse,32,32,2,30,32,0.0,0.0,0.0,0.0
0,UNIFORM_8,512,native_state_error_l2,32,32,2,30,32,338.86762799298697,334.08634958831215,293.7695714638057,393.45397931102167
0,UNIFORM_8,512,native_state_error_mse,32,32,2,30,32,37.572413559515674,36.33267024076186,28.092630572274746,50.39258913921806
0,UNIFORM_8,512,fp64_shadow_error_l2,32,32,2,30,32,338.86764007780874,334.08637196721634,293.76952244186566,393.4539139524716
0,UNIFORM_8,512,fp64_shadow_error_mse,32,32,2,30,32,37.57241628549246,36.332675115602896,28.092621196524032,50.39257239730435
0,UNIFORM_8,512,gold_margin,32,32,2,30,32,11.650070654315641,20.76374739408493,-95.2129955291748,68.3121395111084
0,UNIFORM_8,512,top_two_margin,32,32,2,30,32,31.87256441815407,30.48465919494629,0.8441085815429688,68.3121395111084
0,UNIFORM_8,2048,state_norm,32,32,0,32,32,4406.823648057738,4302.967998604636,3988.5034018947367,5043.337022266735
0,UNIFORM_8,2048,residual_norm,32,32,0,32,32,0.0,0.0,0.0,0.0
0,UNIFORM_8,2048,native_state_norm,32,32,0,32,32,4231.570306020816,4143.7405657052805,3858.873432744674,4931.244167193293
0,UNIFORM_8,2048,fp64_shadow_state_norm,32,32,0,32,32,4231.570907120142,4143.741172426098,3858.8739731821165,4931.24454722839
0,UNIFORM_8,2048,state_scale_minimum,32,32,0,32,32,0.0003212729388906155,0.0003217632183805108,0.00029446554253809154,0.0003437607956584543
0,UNIFORM_8,2048,state_scale_maximum,32,32,0,32,32,817.3107013702394,749.8533630371094,571.6317138671875,1286.3814697265625
0,UNIFORM_8,2048,residual_scale_minimum,32,32,0,32,0,,,,
0,UNIFORM_8,2048,residual_scale_maximum,32,32,0,32,0,,,,
0,UNIFORM_8,2048,self_writeback_mse,32,32,0,32,32,0.5104861298228222,0.48655317436614276,0.269458080787507,1.0285335787135543
0,UNIFORM_8,2048,projection_leakage_mse,32,32,0,32,32,0.0,0.0,0.0,0.0
0,UNIFORM_8,2048,native_state_error_l2,32,32,0,32,32,1218.5038454955165,1214.8140869634944,1039.4518058246736,1376.9474922764157
0,UNIFORM_8,2048,native_state_error_mse,32,32,0,32,32,485.41233916959624,480.3989546702617,351.71225801828615,617.1824207312206
0,UNIFORM_8,2048,fp64_shadow_error_l2,32,32,0,32,32,1218.503868388669,1214.8139657976717,1039.4518856919303,1376.9474752161648
0,UNIFORM_8,2048,fp64_shadow_error_mse,32,32,0,32,32,485.41235890338714,480.3988585121766,351.7123120665722,617.1824054375556
0,UNIFORM_8,2048,gold_margin,32,32,0,32,32,-45.97574884723872,-49.293442726135254,-130.15443420410156,52.75926208496094
0,UNIFORM_8,2048,top_two_margin,32,32,0,32,32,37.29378883074969,36.91555213928223,4.830448627471924,67.81077766418457
0,UNIFORM_5,128,state_norm,32,32,30,2,32,1562.8049794862493,1569.0913643291506,1352.9188463213238,1792.9731320316819
0,UNIFORM_5,128,residual_norm,32,32,30,2,32,0.0,0.0,0.0,0.0
0,UNIFORM_5,128,native_state_norm,32,32,30,2,32,1340.7897535312188,1342.5264864307337,1120.6377605058806,1545.94361977141
0,UNIFORM_5,128,fp64_shadow_state_norm,32,32,30,2,32,1340.7897416148594,1342.5265002864448,1120.6377585923672,1545.9436090767683
0,UNIFORM_5,128,state_scale_minimum,32,32,30,2,32,2.9844909192888736e-05,2.6152963982895017e-05,1.697539846645668e-05,5.332427463144995e-05
0,UNIFORM_5,128,state_scale_maximum,32,32,30,2,32,229.90777587890628,225.463623046875,159.41664123535156,377.8791809082031
0,UNIFORM_5,128,residual_scale_minimum,32,32,30,2,0,,,,
0,UNIFORM_5,128,residual_scale_maximum,32,32,30,2,0,,,,
0,UNIFORM_5,128,self_writeback_mse,32,32,30,2,32,3.2327266638521306,3.061137404753575,1.9595653514150222,5.334522299188735
0,UNIFORM_5,128,projection_leakage_mse,32,32,30,2,32,0.0,0.0,0.0,0.0
0,UNIFORM_5,128,native_state_error_l2,32,32,30,2,32,802.8286823672989,800.8799555973443,681.3007883058796,941.1376672883913
0,UNIFORM_5,128,native_state_error_mse,32,32,30,2,32,210.79489471487284,208.79190026406428,151.0972539538453,288.3268583297639
0,UNIFORM_5,128,fp64_shadow_error_l2,32,32,30,2,32,802.8286855210101,800.879962938879,681.3008094294519,941.1376779652926
0,UNIFORM_5,128,fp64_shadow_error_mse,32,32,30,2,32,210.79489629362158,208.79190409172548,151.09726332331581,288.32686487171316
0,UNIFORM_5,128,gold_margin,32,32,30,2,32,53.86106621474027,55.30013561248779,26.230175256729126,77.33553314208984
0,UNIFORM_5,128,top_two_margin,32,32,30,2,32,53.86106621474027,55.30013561248779,26.230175256729126,77.33553314208984
0,UNIFORM_5,512,state_norm,32,32,0,32,32,3928.087684121041,3918.6427868857822,3364.8876079831375,4454.068892356035
0,UNIFORM_5,512,residual_norm,32,32,0,32,32,0.0,0.0,0.0,0.0
0,UNIFORM_5,512,native_state_norm,32,32,0,32,32,2329.6587712861233,2345.1746159019744,2117.446058274274,2556.584364323196
0,UNIFORM_5,512,fp64_shadow_state_norm,32,32,0,32,32,2329.6587970594574,2345.1746684826976,2117.4461943085635,2556.584311147727
0,UNIFORM_5,512,state_scale_minimum,32,32,0,32,32,8.948076595061139e-05,8.277454253402539e-05,5.9819063608301803e-05,0.0001445967936888337
0,UNIFORM_5,512,state_scale_maximum,32,32,0,32,32,488.7709579467773,480.6252136230469,340.6155090332031,696.0848388671875
0,UNIFORM_5,512,residual_scale_minimum,32,32,0,32,0,,,,
0,UNIFORM_5,512,residual_scale_maximum,32,32,0,32,0,,,,
0,UNIFORM_5,512,self_writeback_mse,32,32,0,32,32,14.262031732585477,14.707495935286545,8.704675845368865,25.987227951574685
0,UNIFORM_5,512,projection_leakage_mse,32,32,0,32,32,0.0,0.0,0.0,0.0
0,UNIFORM_5,512,native_state_error_l2,32,32,0,32,32,3153.3092456385557,3189.4663013133095,2589.3656898406603,3675.8708633473207
0,UNIFORM_5,512,native_state_error_mse,32,32,0,32,32,3252.922068851344,3311.42492027721,2182.5568605872386,4398.446160158131
0,UNIFORM_5,512,fp64_shadow_error_l2,32,32,0,32,32,3153.309240722354,3189.466284456488,2589.3657118297247,3675.870855326136
0,UNIFORM_5,512,fp64_shadow_error_mse,32,32,0,32,32,3252.9220581568734,3311.4248853390764,2182.556897656073,4398.44614096227
0,UNIFORM_5,512,gold_margin,32,32,0,32,32,3.994005270302297,15.93249225616455,-85.70042610168457,55.65691566467285
0,UNIFORM_5,512,top_two_margin,32,32,0,32,32,30.48403910547495,29.065861225128174,4.273131370544434,83.24608039855957
0,UNIFORM_5,2048,state_norm,32,32,0,32,32,31943.803701204062,31848.57528891747,25586.98999321604,37498.71692000291
0,UNIFORM_5,2048,residual_norm,32,32,0,32,32,0.0,0.0,0.0,0.0
0,UNIFORM_5,2048,native_state_norm,32,32,0,32,32,4231.570306020816,4143.7405657052805,3858.873432744674,4931.244167193293
0,UNIFORM_5,2048,fp64_shadow_state_norm,32,32,0,32,32,4231.570907120142,4143.741172426098,3858.8739731821165,4931.24454722839
0,UNIFORM_5,2048,state_scale_minimum,32,32,0,32,32,0.0003292242145107593,0.0003271678142482415,0.0002908920869231224,0.0003763283893931657
0,UNIFORM_5,2048,state_scale_maximum,32,32,0,32,32,3613.9025421142583,3446.200439453125,2711.2783203125,5131.1923828125
0,UNIFORM_5,2048,residual_scale_minimum,32,32,0,32,0,,,,
0,UNIFORM_5,2048,residual_scale_maximum,32,32,0,32,0,,,,
0,UNIFORM_5,2048,self_writeback_mse,32,32,0,32,32,877.4706491017376,852.8575755395361,492.48670190294314,1496.308000024797
0,UNIFORM_5,2048,projection_leakage_mse,32,32,0,32,32,0.0,0.0,0.0,0.0
0,UNIFORM_5,2048,native_state_error_l2,32,32,0,32,32,31632.13130280502,31571.75799036539,25227.15096110555,37392.02483303971
0,UNIFORM_5,2048,native_state_error_mse,32,32,0,32,32,328309.8720915458,324518.95839704305,207164.43542135702,455131.35452951124
0,UNIFORM_5,2048,fp64_shadow_error_l2,32,32,0,32,32,31632.131284526266,31571.758156130447,25227.1508936448,37392.02480970699
0,UNIFORM_5,2048,fp64_shadow_error_mse,32,32,0,32,32,328309.8717158098,324518.96181353636,207164.43431338656,455131.3539615049
0,UNIFORM_5,2048,gold_margin,32,32,0,32,32,-22.6291269576177,-19.60339181125164,-119.79237651824951,73.39949035644531
0,UNIFORM_5,2048,top_two_margin,32,32,0,32,32,28.048656781204045,22.25523817539215,1.3760366439819336,85.14129257202148
0,LOWRANK_4_8_R2,128,state_norm,32,32,31,1,32,2215.501900181473,2178.7031539850686,1970.3455251064875,2920.42799011007
0,LOWRANK_4_8_R2,128,residual_norm,32,32,31,1,32,111.30951499200454,108.78632159357015,90.78620305723092,177.6094282215633
0,LOWRANK_4_8_R2,128,native_state_norm,32,32,31,1,32,1340.7897535312188,1342.5264864307337,1120.6377605058806,1545.94361977141
0,LOWRANK_4_8_R2,128,fp64_shadow_state_norm,32,32,31,1,32,1340.7897416148594,1342.5265002864448,1120.6377585923672,1545.9436090767683
0,LOWRANK_4_8_R2,128,state_scale_minimum,32,32,31,1,32,3.282707615426261e-05,3.041692434635479e-05,1.777395482349675e-05,5.515020529855974e-05
0,LOWRANK_4_8_R2,128,state_scale_maximum,32,32,31,1,32,275.9833827018738,270.61279296875,190.70498657226562,424.9508361816406
0,LOWRANK_4_8_R2,128,residual_scale_minimum,32,32,31,1,32,7.349078067486747e-07,1.5805930075885044e-07,7.74874298059558e-09,7.551895123469876e-06
0,LOWRANK_4_8_R2,128,residual_scale_maximum,32,32,31,1,32,26.392030477523804,24.082862854003906,17.239843368530273,53.22683334350586
0,LOWRANK_4_8_R2,128,self_writeback_mse,32,32,31,1,32,16.81970047422663,14.562785503377818,9.936333961485413,36.1896088493348
0,LOWRANK_4_8_R2,128,projection_leakage_mse,32,32,31,1,32,16.81958936122548,14.5626905434847,9.936268567747527,36.189446239412455
0,LOWRANK_4_8_R2,128,native_state_error_l2,32,32,31,1,32,1723.2570906231301,1696.2197917637636,1541.893988843125,2324.3670601734952
0,LOWRANK_4_8_R2,128,native_state_error_mse,32,32,31,1,32,973.8857168801908,936.5870943725952,773.9052971453656,1758.6856218813725
0,LOWRANK_4_8_R2,128,fp64_shadow_error_l2,32,32,31,1,32,1723.2570914348,1696.2197984453276,1541.8939872987964,2324.3670806202354
0,LOWRANK_4_8_R2,128,fp64_shadow_error_mse,32,32,31,1,32,973.885717965985,936.5871017500518,773.9052955951109,1758.6856528226022
0,LOWRANK_4_8_R2,128,gold_margin,32,32,31,1,32,53.06976502388716,56.32955551147461,15.465700149536133,72.88367652893066
0,LOWRANK_4_8_R2,128,top_two_margin,32,32,31,1,32,53.06976502388716,56.32955551147461,15.465700149536133,72.88367652893066
0,LOWRANK_4_8_R2,512,state_norm,32,32,0,32,32,19919.593761400058,19568.140683645703,15160.01243027206,27082.724261593485
0,LOWRANK_4_8_R2,512,residual_norm,32,32,0,32,32,862.3671825339952,867.7789046382698,625.898874552432,1163.1857460183317
0,LOWRANK_4_8_R2,512,native_state_norm,32,32,0,32,32,2329.6587712861233,2345.1746159019744,2117.446058274274,2556.584364323196
0,LOWRANK_4_8_R2,512,fp64_shadow_state_norm,32,32,0,32,32,2329.6587970594574,2345.1746684826976,2117.4461943085635,2556.584311147727
0,LOWRANK_4_8_R2,512,state_scale_minimum,32,32,0,32,32,0.00013571401836998123,0.00013061671052128077,0.00010471584391780198,0.00023478730872739106
0,LOWRANK_4_8_R2,512,state_scale_maximum,32,32,0,32,32,2236.163566589355,2074.0107421875,1597.640625,4597.255859375
0,LOWRANK_4_8_R2,512,residual_scale_minimum,32,32,0,32,32,2.130114681225814e-06,3.4690326344843925e-07,8.894578407137033e-09,8.423976396443322e-06
0,LOWRANK_4_8_R2,512,residual_scale_maximum,32,32,0,32,32,206.84448289871216,199.3870086669922,144.8981475830078,414.8771057128906
0,LOWRANK_4_8_R2,512,self_writeback_mse,32,32,0,32,32,1151.479320518082,1095.7383094653574,583.4722784372962,3181.273081714284
0,LOWRANK_4_8_R2,512,projection_leakage_mse,32,32,0,32,32,1151.473111277562,1095.732701612398,583.468504523484,3181.2616454415397
0,LOWRANK_4_8_R2,512,native_state_error_l2,32,32,0,32,32,19710.52019469864,19459.009303827745,14983.922535773743,26885.624257077274
0,LOWRANK_4_8_R2,512,native_state_error_mse,32,32,0,32,32,128665.75452063292,123261.17296332677,73085.2651556212,235298.4347958144
0,LOWRANK_4_8_R2,512,fp64_shadow_error_l2,32,32,0,32,32,19710.520193691187,19459.009327027838,14983.922565127474,26885.624295556423
0,LOWRANK_4_8_R2,512,fp64_shadow_error_mse,32,32,0,32,32,128665.75451107186,123261.17325744739,73085.26544197147,235298.43546934042
0,LOWRANK_4_8_R2,512,gold_margin,32,32,0,32,32,13.095100634032859,16.06983381509781,-62.0047550201416,70.47440528869629
0,LOWRANK_4_8_R2,512,top_two_margin,32,32,0,32,32,31.99537953757681,31.22877550125122,0.6062648296356201,70.47440528869629
0,LOWRANK_4_8_R2,2048,state_norm,32,32,0,32,32,197459690.21627277,150106165.2401717,92087365.12282518,1283199223.1309147
0,LOWRANK_4_8_R2,2048,residual_norm,32,32,0,32,32,8862107.757500252,6603218.139636327,3621192.0895605274,47864019.91865944
0,LOWRANK_4_8_R2,2048,native_state_norm,32,32,0,32,32,4231.570306020816,4143.7405657052805,3858.873432744674,4931.244167193293
0,LOWRANK_4_8_R2,2048,fp64_shadow_state_norm,32,32,0,32,32,4231.570907120142,4143.741172426098,3858.8739731821165,4931.24454722839
0,LOWRANK_4_8_R2,2048,state_scale_minimum,32,32,0,32,32,0.0005197918299018056,0.0005081591662019491,0.00017624706379137933,0.0012199918273836374
0,LOWRANK_4_8_R2,2048,state_scale_maximum,32,32,0,32,32,32378404.0625,23465213.0,11971605.0,203181632.0
0,LOWRANK_4_8_R2,2048,residual_scale_minimum,32,32,0,32,32,1.4944748544243325e-06,5.000035514513002e-07,2.7694916582277074e-08,8.520434676029254e-06
0,LOWRANK_4_8_R2,2048,residual_scale_maximum,32,32,0,32,32,2987441.837890625,2075949.25,976383.6875,18721600.0
0,LOWRANK_4_8_R2,2048,self_writeback_mse,32,32,0,32,32,247775170067.0394,70066472691.88998,15902882521.69816,4880647696840.744
0,LOWRANK_4_8_R2,2048,projection_leakage_mse,32,32,0,32,32,247774195870.69818,70066155099.39954,15902804271.69216,4880633526966.481
0,LOWRANK_4_8_R2,2048,native_state_error_l2,32,32,0,32,32,197459699.9679072,150106126.72038078,92087396.63537101,1283199224.7322326
0,LOWRANK_4_8_R2,2048,native_state_error_mse,32,32,0,32,32,25887361632855.812,7335329569678.88,2760445514023.483,536002685661914.94
0,LOWRANK_4_8_R2,2048,fp64_shadow_error_l2,32,32,0,32,32,197459699.9679018,150106126.7203371,92087396.63522646,1283199224.7321308
0,LOWRANK_4_8_R2,2048,fp64_shadow_error_mse,32,32,0,32,32,25887361632852.504,7335329569674.505,2760445514014.817,536002685661829.8
0,LOWRANK_4_8_R2,2048,gold_margin,32,32,0,32,32,-23.55940553918481,-22.2403302192688,-111.94938468933105,66.21388244628906
0,LOWRANK_4_8_R2,2048,top_two_margin,32,32,0,32,32,26.546777939423922,24.31513738632202,0.4259195327758789,67.71699714660645
0,MIXED_5_6_BUDGET,128,state_norm,32,32,32,0,32,1504.182535122499,1515.9002514648066,1296.85807427056,1721.4448826547539
0,MIXED_5_6_BUDGET,128,residual_norm,32,32,32,0,32,0.0,0.0,0.0,0.0
0,MIXED_5_6_BUDGET,128,native_state_norm,32,32,32,0,32,1340.7897535312188,1342.5264864307337,1120.6377605058806,1545.94361977141
0,MIXED_5_6_BUDGET,128,fp64_shadow_state_norm,32,32,32,0,32,1340.7897416148594,1342.5265002864448,1120.6377585923672,1545.9436090767683
0,MIXED_5_6_BUDGET,128,state_scale_minimum,32,32,32,0,32,2.9844909192888736e-05,2.6152963982895017e-05,1.697539846645668e-05,5.332427463144995e-05
0,MIXED_5_6_BUDGET,128,state_scale_maximum,32,32,32,0,32,224.37864065170285,215.32080078125,150.1922149658203,346.8777770996094
0,MIXED_5_6_BUDGET,128,residual_scale_minimum,32,32,32,0,0,,,,
0,MIXED_5_6_BUDGET,128,residual_scale_maximum,32,32,32,0,0,,,,
0,MIXED_5_6_BUDGET,128,self_writeback_mse,32,32,32,0,32,2.211840448163088,2.193796089576785,1.207968445236425,4.015707936262969
0,MIXED_5_6_BUDGET,128,projection_leakage_mse,32,32,32,0,32,0.0,0.0,0.0,0.0
0,MIXED_5_6_BUDGET,128,native_state_error_l2,32,32,32,0,32,691.1381201647736,690.5933332245958,599.8603983273273,793.2595999049908
0,MIXED_5_6_BUDGET,128,native_state_error_mse,32,32,32,0,32,156.00304801247228,155.2507435478599,117.13297444056634,204.8374976697351
0,MIXED_5_6_BUDGET,128,fp64_shadow_error_l2,32,32,32,0,32,691.1381226128997,690.5933408437779,599.8603959233757,793.2595950855181
0,MIXED_5_6_BUDGET,128,fp64_shadow_error_mse,32,32,32,0,32,156.00304905832672,155.25074694687657,117.13297350174122,204.83749518074222
0,MIXED_5_6_BUDGET,128,gold_margin,32,32,32,0,32,53.20530930161476,53.254608154296875,29.498229026794434,69.12326049804688
0,MIXED_5_6_BUDGET,128,top_two_margin,32,32,32,0,32,53.20530930161476,53.254608154296875,29.498229026794434,69.12326049804688
0,MIXED_5_6_BUDGET,512,state_norm,32,32,1,31,32,3562.674158172565,3591.836283144017,3191.448683506576,4011.7675319717796
0,MIXED_5_6_BUDGET,512,residual_norm,32,32,1,31,32,0.0,0.0,0.0,0.0
0,MIXED_5_6_BUDGET,512,native_state_norm,32,32,1,31,32,2329.6587712861233,2345.1746159019744,2117.446058274274,2556.584364323196
0,MIXED_5_6_BUDGET,512,fp64_shadow_state_norm,32,32,1,31,32,2329.6587970594574,2345.1746684826976,2117.4461943085635,2556.584311147727
0,MIXED_5_6_BUDGET,512,state_scale_minimum,32,32,1,31,32,8.948076595061139e-05,8.277454253402539e-05,5.9819063608301803e-05,0.0001445967936888337
0,MIXED_5_6_BUDGET,512,state_scale_maximum,32,32,1,31,32,454.2960271835327,443.7784881591797,331.419677734375,591.39794921875
0,MIXED_5_6_BUDGET,512,residual_scale_minimum,32,32,1,31,0,,,,
0,MIXED_5_6_BUDGET,512,residual_scale_maximum,32,32,1,31,0,,,,
0,MIXED_5_6_BUDGET,512,self_writeback_mse,32,32,1,31,32,10.299524395708676,9.69594066991263,4.406617469824671,19.88981451467608
0,MIXED_5_6_BUDGET,512,projection_leakage_mse,32,32,1,31,32,0.0,0.0,0.0,0.0
0,MIXED_5_6_BUDGET,512,native_state_error_l2,32,32,1,31,32,2682.7795659740277,2688.2187283888243,2339.371725497329,3075.7734192042594
0,MIXED_5_6_BUDGET,512,native_state_error_mse,32,32,1,31,32,2353.7691282486526,2352.3946127982717,1781.4648665548013,3079.5514733995637
0,MIXED_5_6_BUDGET,512,fp64_shadow_error_l2,32,32,1,31,32,2682.7795566019336,2688.2187519937665,2339.3716480141125,3075.773406502123
0,MIXED_5_6_BUDGET,512,fp64_shadow_error_mse,32,32,1,31,32,2353.7691121083953,2352.394653975191,1781.464748545659,3079.551447964087
0,MIXED_5_6_BUDGET,512,gold_margin,32,32,1,31,32,-16.051269388757646,-19.382438898086548,-104.8658618927002,64.83653450012207
0,MIXED_5_6_BUDGET,512,top_two_margin,32,32,1,31,32,32.37105580698698,32.05667561292648,2.1247682571411133,68.67899131774902
0,MIXED_5_6_BUDGET,2048,state_norm,32,32,0,32,32,25154.901189640186,24285.158622319886,20141.860385160107,53095.669455767726
0,MIXED_5_6_BUDGET,2048,residual_norm,32,32,0,32,32,0.0,0.0,0.0,0.0
0,MIXED_5_6_BUDGET,2048,native_state_norm,32,32,0,32,32,4231.570306020816,4143.7405657052805,3858.873432744674,4931.244167193293
0,MIXED_5_6_BUDGET,2048,fp64_shadow_state_norm,32,32,0,32,32,4231.570907120142,4143.741172426098,3858.8739731821165,4931.24454722839
0,MIXED_5_6_BUDGET,2048,state_scale_minimum,32,32,0,32,32,0.0003292242145107593,0.0003271678142482415,0.0002908920869231224,0.0003763283893931657
0,MIXED_5_6_BUDGET,2048,state_scale_maximum,32,32,0,32,32,3462.8357315063477,3017.4769287109375,2108.54541015625,14668.0810546875
0,MIXED_5_6_BUDGET,2048,residual_scale_minimum,32,32,0,32,0,,,,
0,MIXED_5_6_BUDGET,2048,residual_scale_maximum,32,32,0,32,0,,,,
0,MIXED_5_6_BUDGET,2048,self_writeback_mse,32,32,0,32,32,494.83827096718056,459.55833981875674,205.81201526515193,1359.3769089462132
0,MIXED_5_6_BUDGET,2048,projection_leakage_mse,32,32,0,32,32,0.0,0.0,0.0,0.0
0,MIXED_5_6_BUDGET,2048,native_state_error_l2,32,32,0,32,32,24742.900750986388,23758.24829346556,19597.18629108865,52879.91527398489
0,MIXED_5_6_BUDGET,2048,native_state_error_mse,32,32,0,32,32,209382.8150798383,183742.73555471876,125016.18181238046,910249.1664660875
0,MIXED_5_6_BUDGET,2048,fp64_shadow_error_l2,32,32,0,32,32,24742.900738006632,23758.24816182015,19597.186107198268,52879.9153234578
0,MIXED_5_6_BUDGET,2048,fp64_shadow_error_mse,32,32,0,32,32,209382.81489215465,183742.73351940024,125016.17946619944,910249.1681692925
0,MIXED_5_6_BUDGET,2048,gold_margin,32,32,0,32,32,-22.488175069796853,-23.32765817642212,-119.58413505554199,71.31114959716797
0,MIXED_5_6_BUDGET,2048,top_two_margin,32,32,0,32,32,32.88341386418324,33.81838417053223,0.38277769088745117,75.6155014038086
1,NATIVE_FP32,128,state_norm,32,32,31,1,32,1165.1034850762653,1152.0266875993648,973.2092074113631,1472.696255134112
1,NATIVE_FP32,128,residual_norm,32,32,31,1,32,0.0,0.0,0.0,0.0
1,NATIVE_FP32,128,native_state_norm,32,32,31,1,32,1165.1034850762653,1152.0266875993648,973.2092074113631,1472.696255134112
1,NATIVE_FP32,128,fp64_shadow_state_norm,32,32,31,1,32,1165.1034269316713,1152.0266265057044,973.2092188148534,1472.6962286450294
1,NATIVE_FP32,128,state_scale_minimum,32,32,31,1,0,,,,
1,NATIVE_FP32,128,state_scale_maximum,32,32,31,1,0,,,,
1,NATIVE_FP32,128,residual_scale_minimum,32,32,31,1,0,,,,
1,NATIVE_FP32,128,residual_scale_maximum,32,32,31,1,0,,,,
1,NATIVE_FP32,128,self_writeback_mse,32,32,31,1,32,0.0,0.0,0.0,0.0
1,NATIVE_FP32,128,projection_leakage_mse,32,32,31,1,32,0.0,0.0,0.0,0.0
1,NATIVE_FP32,128,native_state_error_l2,32,32,31,1,32,0.0,0.0,0.0,0.0
1,NATIVE_FP32,128,native_state_error_mse,32,32,31,1,32,0.0,0.0,0.0,0.0
1,NATIVE_FP32,128,fp64_shadow_error_l2,32,32,31,1,32,0.0004880930513498572,0.0004931688344595787,0.00041425401336392533,0.0005589239625826225
1,NATIVE_FP32,128,fp64_shadow_error_mse,32,32,31,1,32,7.783972151108008e-11,7.917194661944218e-11,5.5861454293007556e-11,1.0169140493133487e-10
1,NATIVE_FP32,128,gold_margin,32,32,31,1,32,46.223646402359016,43.77045154571533,-7.067694664001465,77.11530303955078
1,NATIVE_FP32,128,top_two_margin,32,32,31,1,32,46.66537731885911,43.77045154571533,7.067694664001465,77.11530303955078
1,NATIVE_FP32,512,state_norm,32,32,2,30,32,1627.1127387938873,1613.740773614409,1339.502953566095,1973.6318814535218
1,NATIVE_FP32,512,residual_norm,32,32,2,30,32,0.0,0.0,0.0,0.0
1,NATIVE_FP32,512,native_state_norm,32,32,2,30,32,1627.1127387938873,1613.740773614409,1339.502953566095,1973.6318814535218
1,NATIVE_FP32,512,fp64_shadow_state_norm,32,32,2,30,32,1627.1124528376595,1613.7403893636847,1339.5027612206845,1973.631588400697
1,NATIVE_FP32,512,state_scale_minimum,32,32,2,30,0,,,,
1,NATIVE_FP32,512,state_scale_maximum,32,32,2,30,0,,,,
1,NATIVE_FP32,512,residual_scale_minimum,32,32,2,30,0,,,,
1,NATIVE_FP32,512,residual_scale_maximum,32,32,2,30,0,,,,
1,NATIVE_FP32,512,self_writeback_mse,32,32,2,30,32,0.0,0.0,0.0,0.0
1,NATIVE_FP32,512,projection_leakage_mse,32,32,2,30,32,0.0,0.0,0.0,0.0
1,NATIVE_FP32,512,native_state_error_l2,32,32,2,30,32,0.0,0.0,0.0,0.0
1,NATIVE_FP32,512,native_state_error_mse,32,32,2,30,32,0.0,0.0,0.0,0.0
1,NATIVE_FP32,512,fp64_shadow_error_l2,32,32,2,30,32,0.0013410996538969365,0.0013162233196400868,0.00112407759702818,0.0016794043962610867
1,NATIVE_FP32,512,fp64_shadow_error_mse,32,32,2,30,32,5.905088885783867e-10,5.639512817177278e-10,4.1131199353536686e-10,9.180986738870657e-10
1,NATIVE_FP32,512,gold_margin,32,32,2,30,32,9.583341399673373,16.495362281799316,-85.9661636352539,67.98539352416992
1,NATIVE_FP32,512,top_two_margin,32,32,2,30,32,31.98832336580381,32.87125873565674,0.802300214767456,78.29262161254883
1,NATIVE_FP32,2048,state_norm,32,32,0,32,32,1941.1075858648487,1933.71174845705,1741.5400842854497,2137.347331607376
1,NATIVE_FP32,2048,residual_norm,32,32,0,32,32,0.0,0.0,0.0,0.0
1,NATIVE_FP32,2048,native_state_norm,32,32,0,32,32,1941.1075858648487,1933.71174845705,1741.5400842854497,2137.347331607376
1,NATIVE_FP32,2048,fp64_shadow_state_norm,32,32,0,32,32,1941.106230208115,1933.7104555604988,1741.5391471108196,2137.346093201596
1,NATIVE_FP32,2048,state_scale_minimum,32,32,0,32,0,,,,
1,NATIVE_FP32,2048,state_scale_maximum,32,32,0,32,0,,,,
1,NATIVE_FP32,2048,residual_scale_minimum,32,32,0,32,0,,,,
1,NATIVE_FP32,2048,residual_scale_maximum,32,32,0,32,0,,,,
1,NATIVE_FP32,2048,self_writeback_mse,32,32,0,32,32,0.0,0.0,0.0,0.0
1,NATIVE_FP32,2048,projection_leakage_mse,32,32,0,32,32,0.0,0.0,0.0,0.0
1,NATIVE_FP32,2048,native_state_error_l2,32,32,0,32,32,0.0,0.0,0.0,0.0
1,NATIVE_FP32,2048,native_state_error_mse,32,32,0,32,32,0.0,0.0,0.0,0.0
1,NATIVE_FP32,2048,fp64_shadow_error_l2,32,32,0,32,32,0.0037715101813644214,0.0036923345504779916,0.003148209421733875,0.004326455122626595
1,NATIVE_FP32,2048,fp64_shadow_error_mse,32,32,0,32,32,4.65761050361575e-09,4.437955760876486e-09,3.2263094280904762e-09,6.093168596387341e-09
1,NATIVE_FP32,2048,gold_margin,32,32,0,32,32,-12.56571456976235,-15.803884744644165,-80.91092109680176,80.88093185424805
1,NATIVE_FP32,2048,top_two_margin,32,32,0,32,32,30.347226364538074,27.45605182647705,1.1575798988342285,80.88093185424805
1,UNIFORM_8,128,state_norm,32,32,30,2,32,1168.5847543907764,1153.0454791196394,978.8525298195615,1476.4623968513745
1,UNIFORM_8,128,residual_norm,32,32,30,2,32,0.0,0.0,0.0,0.0
1,UNIFORM_8,128,native_state_norm,32,32,30,2,32,1165.1034850762653,1152.0266875993648,973.2092074113631,1472.696255134112
1,UNIFORM_8,128,fp64_shadow_state_norm,32,32,30,2,32,1165.1034269316713,1152.0266265057044,973.2092188148534,1472.6962286450294
1,UNIFORM_8,128,state_scale_minimum,32,32,30,2,32,35.07600158452988,33.76923751831055,18.681331634521484,49.872955322265625
1,UNIFORM_8,128,state_scale_maximum,32,32,30,2,32,183.75303959846497,181.77471160888672,111.57105255126953,301.74609375
1,UNIFORM_8,128,residual_scale_minimum,32,32,30,2,0,,,,
1,UNIFORM_8,128,residual_scale_maximum,32,32,30,2,0,,,,
1,UNIFORM_8,128,self_writeback_mse,32,32,30,2,32,0.02945380938110894,0.028256247183324826,0.011840292068224617,0.054668408985153766
1,UNIFORM_8,128,projection_leakage_mse,32,32,30,2,32,0.0,0.0,0.0,0.0
1,UNIFORM_8,128,native_state_error_l2,32,32,30,2,32,88.93632962903857,88.72535422385616,80.65405596328216,104.94608950899479
1,UNIFORM_8,128,native_state_error_mse,32,32,30,2,32,2.584298381928382,2.5625702850810694,2.1175380023854986,3.585182846103498
1,UNIFORM_8,128,fp64_shadow_error_l2,32,32,30,2,32,88.93632991836087,88.72535171983702,80.65406297650338,104.94606917306592
1,UNIFORM_8,128,fp64_shadow_error_mse,32,32,30,2,32,2.584298393531728,2.562570139700812,2.1175383706438073,3.5851814566659947
1,UNIFORM_8,128,gold_margin,32,32,30,2,32,46.4092969223857,43.453556060791016,-8.260066986083984,75.57185363769531
1,UNIFORM_8,128,top_two_margin,32,32,30,2,32,46.92555110901594,43.453556060791016,8.260066986083984,75.57185363769531
1,UNIFORM_8,512,state_norm,32,32,2,30,32,1644.706306590138,1634.649207673569,1362.7178591115473,1989.2576296393008
1,UNIFORM_8,512,residual_norm,32,32,2,30,32,0.0,0.0,0.0,0.0
1,UNIFORM_8,512,native_state_norm,32,32,2,30,32,1627.1127387938873,1613.740773614409,1339.502953566095,1973.6318814535218
1,UNIFORM_8,512,fp64_shadow_state_norm,32,32,2,30,32,1627.1124528376595,1613.7403893636847,1339.5027612206845,1973.631588400697
1,UNIFORM_8,512,state_scale_minimum,32,32,2,30,32,44.11792951822281,44.40218544006348,27.394405364990234,62.47212219238281
1,UNIFORM_8,512,state_scale_maximum,32,32,2,30,32,309.46773052215576,313.27728271484375,227.63153076171875,464.50885009765625
1,UNIFORM_8,512,residual_scale_minimum,32,32,2,30,0,,,,
1,UNIFORM_8,512,residual_scale_maximum,32,32,2,30,0,,,,
1,UNIFORM_8,512,self_writeback_mse,32,32,2,30,32,0.05766436630851132,0.048118278616473,0.03449889613098921,0.10553448972319983
1,UNIFORM_8,512,projection_leakage_mse,32,32,2,30,32,0.0,0.0,0.0,0.0
1,UNIFORM_8,512,native_state_error_l2,32,32,2,30,32,241.86229045451174,240.84798348931156,213.19583525671317,303.9521849870463
1,UNIFORM_8,512,native_state_error_mse,32,32,2,30,32,19.158151635169382,18.882819826428808,14.79572401393476,30.07387068958321
1,UNIFORM_8,512,fp64_shadow_error_l2,32,32,2,30,32,241.86229696801146,240.84799163754263,213.1958389741157,303.9522601468793
1,UNIFORM_8,512,fp64_shadow_error_mse,32,32,2,30,32,19.15815279522737,18.882821114062928,14.795724529907904,30.073885562628977
1,UNIFORM_8,512,gold_margin,32,32,2,30,32,9.576194948516786,22.31660032272339,-86.75253105163574,67.2485466003418
1,UNIFORM_8,512,top_two_margin,32,32,2,30,32,32.85962585313246,32.267271518707275,2.1119122207164764,69.8257942199707
1,UNIFORM_8,2048,state_norm,32,32,0,32,32,2048.0681667971203,2032.4701691707078,1852.6199101097072,2268.130766145401
1,UNIFORM_8,2048,residual_norm,32,32,0,32,32,0.0,0.0,0.0,0.0
1,UNIFORM_8,2048,native_state_norm,32,32,0,32,32,1941.1075858648487,1933.71174845705,1741.5400842854497,2137.347331607376
1,UNIFORM_8,2048,fp64_shadow_state_norm,32,32,0,32,32,1941.106230208115,1933.7104555604988,1741.5391471108196,2137.346093201596
1,UNIFORM_8,2048,state_scale_minimum,32,32,0,32,32,44.953847765922546,44.71476745605469,35.16965103149414,58.45820999145508
1,UNIFORM_8,2048,state_scale_maximum,32,32,0,32,32,349.3996596336365,352.88690185546875,248.54498291015625,453.9111022949219
1,UNIFORM_8,2048,residual_scale_minimum,32,32,0,32,0,,,,
1,UNIFORM_8,2048,residual_scale_maximum,32,32,0,32,0,,,,
1,UNIFORM_8,2048,self_writeback_mse,32,32,0,32,32,0.11292249085262661,0.10830723169008998,0.042804714406286075,0.2101798373734914
1,UNIFORM_8,2048,projection_leakage_mse,32,32,0,32,32,0.0,0.0,0.0,0.0
1,UNIFORM_8,2048,native_state_error_l2,32,32,0,32,32,650.2852757381211,654.4616107973961,569.3486431903291,766.4095144017693
1,UNIFORM_8,2048,native_state_error_mse,32,32,0,32,32,138.23779432403626,139.42713235770253,105.5201424162333,191.20558065285024
1,UNIFORM_8,2048,fp64_shadow_error_l2,32,32,0,32,32,650.2852457852381,654.4615256446184,569.3485412861764,766.4095007176342
1,UNIFORM_8,2048,fp64_shadow_error_mse,32,32,0,32,32,138.23778154189955,139.42709607567934,105.52010464345605,191.20557382495227
1,UNIFORM_8,2048,gold_margin,32,32,0,32,32,-13.07574799377471,-16.842227935791016,-79.17720031738281,79.7070541381836
1,UNIFORM_8,2048,top_two_margin,32,32,0,32,32,29.099234995432198,24.789390802383423,0.619884729385376,79.7070541381836
1,UNIFORM_5,128,state_norm,32,32,29,3,32,1342.5103344858271,1324.30038230535,1158.569608333381,1679.8792957919368
1,UNIFORM_5,128,residual_norm,32,32,29,3,32,0.0,0.0,0.0,0.0
1,UNIFORM_5,128,native_state_norm,32,32,29,3,32,1165.1034850762653,1152.0266875993648,973.2092074113631,1472.696255134112
1,UNIFORM_5,128,fp64_shadow_state_norm,32,32,29,3,32,1165.1034269316713,1152.0266265057044,973.2092188148534,1472.6962286450294
1,UNIFORM_5,128,state_scale_minimum,32,32,29,3,32,38.85761737823486,39.09115028381348,20.587631225585938,52.51568603515625
1,UNIFORM_5,128,state_scale_maximum,32,32,29,3,32,196.70845985412598,187.40587615966797,110.7012939453125,349.4814758300781
1,UNIFORM_5,128,residual_scale_minimum,32,32,29,3,0,,,,
1,UNIFORM_5,128,residual_scale_maximum,32,32,29,3,0,,,,
1,UNIFORM_5,128,self_writeback_mse,32,32,29,3,32,1.89902310556334,1.7973293718275398,0.7202903399411713,3.6480056596186543
1,UNIFORM_5,128,projection_leakage_mse,32,32,29,3,32,0.0,0.0,0.0,0.0
1,UNIFORM_5,128,native_state_error_l2,32,32,29,3,32,675.8409584334493,666.8515018637568,585.8783073215113,810.4975008836149
1,UNIFORM_5,128,native_state_error_mse,32,32,29,3,32,149.53738339002163,144.76188941743925,111.73612987953102,213.8366533003207
1,UNIFORM_5,128,fp64_shadow_error_l2,32,32,29,3,32,675.8409566407092,666.851500727177,585.8783031254461,810.4975168916719
1,UNIFORM_5,128,fp64_shadow_error_mse,32,32,29,3,32,149.53738262342026,144.7618889027205,111.73612827902087,213.83666174725454
1,UNIFORM_5,128,gold_margin,32,32,29,3,32,43.722405426204205,41.13096809387207,24.1564359664917,74.39437484741211
1,UNIFORM_5,128,top_two_margin,32,32,29,3,32,43.722405426204205,41.13096809387207,24.1564359664917,74.39437484741211
1,UNIFORM_5,512,state_norm,32,32,0,32,32,2755.604545443556,2745.514790296299,2384.27123660113,3227.021344640513
1,UNIFORM_5,512,residual_norm,32,32,0,32,32,0.0,0.0,0.0,0.0
1,UNIFORM_5,512,native_state_norm,32,32,0,32,32,1627.1127387938873,1613.740773614409,1339.502953566095,1973.6318814535218
1,UNIFORM_5,512,fp64_shadow_state_norm,32,32,0,32,32,1627.1124528376595,1613.7403893636847,1339.5027612206845,1973.631588400697
1,UNIFORM_5,512,state_scale_minimum,32,32,0,32,32,56.297656297683716,54.79375648498535,42.85084533691406,78.64998626708984
1,UNIFORM_5,512,state_scale_maximum,32,32,0,32,32,393.2624430656433,382.2897186279297,240.14146423339844,555.3157958984375
1,UNIFORM_5,512,residual_scale_minimum,32,32,0,32,0,,,,
1,UNIFORM_5,512,residual_scale_maximum,32,32,0,32,0,,,,
1,UNIFORM_5,512,self_writeback_mse,32,32,0,32,32,6.394643624412071,6.093720618034027,3.2742060387922227,13.382478257836288
1,UNIFORM_5,512,projection_leakage_mse,32,32,0,32,32,0.0,0.0,0.0,0.0
1,UNIFORM_5,512,native_state_error_l2,32,32,0,32,32,2207.1050941361177,2167.6765550843847,1945.3533576217433,2654.8280088607157
1,UNIFORM_5,512,native_state_error_mse,32,32,0,32,32,1595.5279843370288,1529.5658256739812,1231.900939456442,2294.307212445102
1,UNIFORM_5,512,fp64_shadow_error_l2,32,32,0,32,32,2207.1051044717988,2167.676574590274,1945.3533616528741,2654.8280313053338
1,UNIFORM_5,512,fp64_shadow_error_mse,32,32,0,32,32,1595.5280014545224,1529.5658531924416,1231.900944561894,2294.3072512384615
1,UNIFORM_5,512,gold_margin,32,32,0,32,32,2.6061237901449212,13.672946214675903,-86.7589111328125,63.224063873291016
1,UNIFORM_5,512,top_two_margin,32,32,0,32,32,31.22044636309147,32.73894190788269,1.426767349243164,79.40645217895508
1,UNIFORM_5,2048,state_norm,32,32,0,32,32,26091.22699205746,25419.366958580395,16039.935116067374,39464.847148224755
1,UNIFORM_5,2048,residual_norm,32,32,0,32,32,0.0,0.0,0.0,0.0
1,UNIFORM_5,2048,native_state_norm,32,32,0,32,32,1941.1075858648487,1933.71174845705,1741.5400842854497,2137.347331607376
1,UNIFORM_5,2048,fp64_shadow_state_norm,32,32,0,32,32,1941.106230208115,1933.7104555604988,1741.5391471108196,2137.346093201596
1,UNIFORM_5,2048,state_scale_minimum,32,32,0,32,32,96.36103796958925,97.65373992919922,79.2532730102539,97.65998840332031
1,UNIFORM_5,2048,state_scale_maximum,32,32,0,32,32,4781.838157653809,4676.898681640625,2471.8076171875,8943.294921875
1,UNIFORM_5,2048,residual_scale_minimum,32,32,0,32,0,,,,
1,UNIFORM_5,2048,residual_scale_maximum,32,32,0,32,0,,,,
1,UNIFORM_5,2048,self_writeback_mse,32,32,0,32,32,770.5683068850826,642.7152998548514,199.99187467534983,2806.4286437709056
1,UNIFORM_5,2048,projection_leakage_mse,32,32,0,32,32,0.0,0.0,0.0,0.0
1,UNIFORM_5,2048,native_state_error_l2,32,32,0,32,32,26014.15697525205,25329.527709406175,15982.872444611376,39473.17008455874
1,UNIFORM_5,2048,native_state_error_mse,32,32,0,32,32,228576.61753023625,208850.64552046589,83155.01679059818,507204.1525144866
1,UNIFORM_5,2048,fp64_shadow_error_l2,32,32,0,32,32,26014.15698782826,25329.527736382777,15982.87238550399,39473.1698418658
1,UNIFORM_5,2048,fp64_shadow_error_mse,32,32,0,32,32,228576.6177168839,208850.64596116077,83155.01617555533,507204.1462775988
1,UNIFORM_5,2048,gold_margin,32,32,0,32,32,-13.177462549880147,-21.246841937303543,-102.86593246459961,65.0904312133789
1,UNIFORM_5,2048,top_two_margin,32,32,0,32,32,34.19167717732489,32.84435319900513,0.13350963592529297,71.76649856567383
1,LOWRANK_4_8_R2,128,state_norm,32,32,28,4,32,1894.129143286997,1891.065579520803,1545.812509848564,2283.9263312821254
1,LOWRANK_4_8_R2,128,residual_norm,32,32,28,4,32,92.01077908849837,92.30028457032813,68.16906777410428,120.54201812182663
1,LOWRANK_4_8_R2,128,native_state_norm,32,32,28,4,32,1165.1034850762653,1152.0266875993648,973.2092074113631,1472.696255134112
1,LOWRANK_4_8_R2,128,fp64_shadow_state_norm,32,32,28,4,32,1165.1034269316713,1152.0266265057044,973.2092188148534,1472.6962286450294
1,LOWRANK_4_8_R2,128,state_scale_minimum,32,32,28,4,32,55.11935353279114,54.408267974853516,35.9326057434082,77.74462890625
1,LOWRANK_4_8_R2,128,state_scale_maximum,32,32,28,4,32,246.5309495925903,231.42291259765625,159.58627319335938,384.73004150390625
1,LOWRANK_4_8_R2,128,residual_scale_minimum,32,32,28,4,32,1.1708446344947019,0.13734420016407967,1.2489235245993768e-07,5.209066867828369
1,LOWRANK_4_8_R2,128,residual_scale_maximum,32,32,28,4,32,21.58670002222061,21.223743438720703,10.877653121948242,31.317365646362305
1,LOWRANK_4_8_R2,128,self_writeback_mse,32,32,28,4,32,10.207119143043734,10.133252700542766,4.994015573324956,16.31391342043105
1,LOWRANK_4_8_R2,128,projection_leakage_mse,32,32,28,4,32,10.207043443407917,10.13318248217411,4.993970284230636,16.31377904804745
1,LOWRANK_4_8_R2,128,native_state_error_l2,32,32,28,4,32,1467.639094988784,1459.8885884447018,1160.2984369392298,1711.2196165724854
1,LOWRANK_4_8_R2,128,native_state_error_mse,32,32,28,4,32,706.5782162327641,693.7777205534962,438.24624438919926,953.2137292130482
1,LOWRANK_4_8_R2,128,fp64_shadow_error_l2,32,32,28,4,32,1467.6391009973831,1459.888598562864,1160.2984566391974,1711.219618869242
1,LOWRANK_4_8_R2,128,fp64_shadow_error_mse,32,32,28,4,32,706.5782217598864,693.777730161889,438.2462592706066,953.2137317718078
1,LOWRANK_4_8_R2,128,gold_margin,32,32,28,4,32,45.601717017591,46.370320320129395,-12.366429328918457,70.00580787658691
1,LOWRANK_4_8_R2,128,top_two_margin,32,32,28,4,32,46.3746188506484,46.370320320129395,12.366429328918457,70.00580787658691
1,LOWRANK_4_8_R2,512,state_norm,32,32,0,32,32,18539.49766476219,18481.874860284435,13277.053861864908,27245.24484317184
1,LOWRANK_4_8_R2,512,residual_norm,32,32,0,32,32,823.9497345577848,790.0481462492969,556.7968953288424,1246.1202021292154
1,LOWRANK_4_8_R2,512,native_state_norm,32,32,0,32,32,1627.1127387938873,1613.740773614409,1339.502953566095,1973.6318814535218
1,LOWRANK_4_8_R2,512,fp64_shadow_state_norm,32,32,0,32,32,1627.1124528376595,1613.7403893636847,1339.5027612206845,1973.631588400697
1,LOWRANK_4_8_R2,512,state_scale_minimum,32,32,0,32,32,97.70440363883972,97.70663070678711,97.66279602050781,97.73786163330078
1,LOWRANK_4_8_R2,512,state_scale_maximum,32,32,0,32,32,3059.1096496582036,3024.3018798828125,2098.397216796875,4850.9990234375
1,LOWRANK_4_8_R2,512,residual_scale_minimum,32,32,0,32,32,1.518873663597503,0.2120715156197548,4.092411472811364e-06,5.851360321044922
1,LOWRANK_4_8_R2,512,residual_scale_maximum,32,32,0,32,32,283.60552358627325,269.4393615722656,164.730712890625,492.5109558105469
1,LOWRANK_4_8_R2,512,self_writeback_mse,32,32,0,32,32,1243.3804299433275,1184.0248360762744,600.5266405370306,2667.712367785827
1,LOWRANK_4_8_R2,512,projection_leakage_mse,32,32,0,32,32,1243.3746062537132,1184.0193244089087,600.5235582616181,2667.706890050357
1,LOWRANK_4_8_R2,512,native_state_error_l2,32,32,0,32,32,18421.840480282535,18421.715052005493,13131.616556162098,27184.48157584797
1,LOWRANK_4_8_R2,512,native_state_error_mse,32,32,0,32,32,113714.73495961806,110469.81186710797,56132.602011090654,240558.6062980527
1,LOWRANK_4_8_R2,512,fp64_shadow_error_l2,32,32,0,32,32,18421.840496279856,18421.715060576636,13131.616639450667,27184.481576857517
1,LOWRANK_4_8_R2,512,fp64_shadow_error_mse,32,32,0,32,32,113714.73512030728,110469.81196931696,56132.602723143755,240558.60631591984
1,LOWRANK_4_8_R2,512,gold_margin,32,32,0,32,32,-7.896140024997293,6.62545146048069,-100.63261413574219,64.21259498596191
1,LOWRANK_4_8_R2,512,top_two_margin,32,32,0,32,32,33.98019997496158,32.86799430847168,5.306845664978027,65.84688568115234
1,LOWRANK_4_8_R2,2048,state_norm,32,32,0,32,32,769815381.441534,766608136.6192641,247000078.5336848,1515136279.8510985
1,LOWRANK_4_8_R2,2048,residual_norm,32,32,0,32,32,34500189.73812221,32886147.278540518,11004973.044144103,72000984.18669382
1,LOWRANK_4_8_R2,2048,native_state_norm,32,32,0,32,32,1941.1075858648487,1933.71174845705,1741.5400842854497,2137.347331607376
1,LOWRANK_4_8_R2,2048,fp64_shadow_state_norm,32,32,0,32,32,1941.106230208115,1933.7104555604988,1741.5391471108196,2137.346093201596
1,LOWRANK_4_8_R2,2048,state_scale_minimum,32,32,0,32,32,97.6735053062439,97.67605590820312,97.63253021240234,97.708251953125
1,LOWRANK_4_8_R2,2048,state_scale_maximum,32,32,0,32,32,147265668.875,145916576.0,43175692.0,305158272.0
1,LOWRANK_4_8_R2,2048,residual_scale_minimum,32,32,0,32,32,2.243378199057062,3.0685858130455017,5.475164925883291e-06,4.19701623916626
1,LOWRANK_4_8_R2,2048,residual_scale_maximum,32,32,0,32,32,14184612.148437498,12959011.0,3977684.25,36587520.0
1,LOWRANK_4_8_R2,2048,self_writeback_mse,32,32,0,32,32,2657019956089.5356,1838145083944.1157,126795039334.39197,11174975041122.635
1,LOWRANK_4_8_R2,2048,projection_leakage_mse,32,32,0,32,32,2657006466374.1357,1838127164044.9514,126794272654.23087,11174903075207.97
1,LOWRANK_4_8_R2,2048,native_state_error_l2,32,32,0,32,32,769815381.8455403,766608085.9022573,247000078.7081537,1515136307.7046344
1,LOWRANK_4_8_R2,2048,native_state_error_mse,32,32,0,32,32,225971383181379.3,191383462587579.25,19859713177680.38,747278004858343.8
1,LOWRANK_4_8_R2,2048,fp64_shadow_error_l2,32,32,0,32,32,769815381.8455007,766608085.9022623,247000078.70808855,1515136307.7045746
1,LOWRANK_4_8_R2,2048,fp64_shadow_error_mse,32,32,0,32,32,225971383181362.88,191383462587581.7,19859713177669.906,747278004858285.0
1,LOWRANK_4_8_R2,2048,gold_margin,32,32,0,32,32,-10.342964322306216,3.3812503814697266,-102.39990997314453,78.69298934936523
1,LOWRANK_4_8_R2,2048,top_two_margin,32,32,0,32,32,34.82287174742669,33.76486933231354,0.5993402004241943,78.69298934936523
1,MIXED_5_6_BUDGET,128,state_norm,32,32,31,1,32,1288.1428109897436,1277.1300330686927,1103.4787495326102,1645.0354146650304
1,MIXED_5_6_BUDGET,128,residual_norm,32,32,31,1,32,0.0,0.0,0.0,0.0
1,MIXED_5_6_BUDGET,128,native_state_norm,32,32,31,1,32,1165.1034850762653,1152.0266875993648,973.2092074113631,1472.696255134112
1,MIXED_5_6_BUDGET,128,fp64_shadow_state_norm,32,32,31,1,32,1165.1034269316713,1152.0266265057044,973.2092188148534,1472.6962286450294
1,MIXED_5_6_BUDGET,128,state_scale_minimum,32,32,31,1,32,38.85761737823486,39.09115028381348,20.587631225585938,52.51568603515625
1,MIXED_5_6_BUDGET,128,state_scale_maximum,32,32,31,1,32,188.95333051681519,181.91612243652344,119.5873794555664,299.2825012207031
1,MIXED_5_6_BUDGET,128,residual_scale_minimum,32,32,31,1,0,,,,
1,MIXED_5_6_BUDGET,128,residual_scale_maximum,32,32,31,1,0,,,,
1,MIXED_5_6_BUDGET,128,self_writeback_mse,32,32,31,1,32,1.2800045966190237,1.2155240206456737,0.4966952713642159,2.474081069692464
1,MIXED_5_6_BUDGET,128,projection_leakage_mse,32,32,31,1,32,0.0,0.0,0.0,0.0
1,MIXED_5_6_BUDGET,128,native_state_error_l2,32,32,31,1,32,566.2322070407857,559.3785612584234,496.9654716395075,680.6510348481357
1,MIXED_5_6_BUDGET,128,native_state_error_mse,32,32,31,1,32,104.89103630161559,101.85891084022418,80.3954036464447,150.80918985671812
1,MIXED_5_6_BUDGET,128,fp64_shadow_error_l2,32,32,31,1,32,566.2322066511255,559.3785659983071,496.965477671559,680.6510612372878
1,MIXED_5_6_BUDGET,128,fp64_shadow_error_mse,32,32,31,1,32,104.89103620989978,101.85891259119978,80.39540559808619,150.80920155060093
1,MIXED_5_6_BUDGET,128,gold_margin,32,32,31,1,32,45.720566011965275,45.649115800857544,-13.888732433319092,71.18669891357422
1,MIXED_5_6_BUDGET,128,top_two_margin,32,32,31,1,32,46.58861178904772,45.649115800857544,13.888732433319092,71.18669891357422
1,MIXED_5_6_BUDGET,512,state_norm,32,32,0,32,32,2335.9060851333384,2341.459747746346,2069.871801282073,2801.983355605852
1,MIXED_5_6_BUDGET,512,residual_norm,32,32,0,32,32,0.0,0.0,0.0,0.0
1,MIXED_5_6_BUDGET,512,native_state_norm,32,32,0,32,32,1627.1127387938873,1613.740773614409,1339.502953566095,1973.6318814535218
1,MIXED_5_6_BUDGET,512,fp64_shadow_state_norm,32,32,0,32,32,1627.1124528376595,1613.7403893636847,1339.5027612206845,1973.631588400697
1,MIXED_5_6_BUDGET,512,state_scale_minimum,32,32,0,32,32,56.297656297683716,54.79375648498535,42.85084533691406,78.64998626708984
1,MIXED_5_6_BUDGET,512,state_scale_maximum,32,32,0,32,32,355.0556106567383,344.11888122558594,264.51593017578125,528.055908203125
1,MIXED_5_6_BUDGET,512,residual_scale_minimum,32,32,0,32,0,,,,
1,MIXED_5_6_BUDGET,512,residual_scale_maximum,32,32,0,32,0,,,,
1,MIXED_5_6_BUDGET,512,self_writeback_mse,32,32,0,32,32,3.5021672598524285,3.3005678191427474,2.2491335574620592,5.880898164520054
1,MIXED_5_6_BUDGET,512,projection_leakage_mse,32,32,0,32,32,0.0,0.0,0.0,0.0
1,MIXED_5_6_BUDGET,512,native_state_error_l2,32,32,0,32,32,1694.1574743283866,1691.1187438628972,1476.5880443357826,1983.9073117708501
1,MIXED_5_6_BUDGET,512,native_state_error_mse,32,32,0,32,32,938.6747870641733,930.9616907170753,709.737061417764,1281.2136138339326
1,MIXED_5_6_BUDGET,512,fp64_shadow_error_l2,32,32,0,32,32,1694.1574730283146,1691.1187479469718,1476.5880691423185,1983.9073950458173
1,MIXED_5_6_BUDGET,512,fp64_shadow_error_mse,32,32,0,32,32,938.674785949592,930.9616951536484,709.7370852647917,1281.2137213924093
1,MIXED_5_6_BUDGET,512,gold_margin,32,32,0,32,32,2.1830166708678003,13.174779057502747,-89.37730598449707,65.21518135070801
1,MIXED_5_6_BUDGET,512,top_two_margin,32,32,0,32,32,29.570290749892596,26.955750703811646,0.8496447801589966,66.64926719665527
1,MIXED_5_6_BUDGET,2048,state_norm,32,32,0,32,32,9076.478815115615,8850.345559638208,7477.610689407433,12432.650092863072
1,MIXED_5_6_BUDGET,2048,residual_norm,32,32,0,32,32,0.0,0.0,0.0,0.0
1,MIXED_5_6_BUDGET,2048,native_state_norm,32,32,0,32,32,1941.1075858648487,1933.71174845705,1741.5400842854497,2137.347331607376
1,MIXED_5_6_BUDGET,2048,fp64_shadow_state_norm,32,32,0,32,32,1941.106230208115,1933.7104555604988,1741.5391471108196,2137.346093201596
1,MIXED_5_6_BUDGET,2048,state_scale_minimum,32,32,0,32,32,96.36103796958925,97.65373992919922,79.2532730102539,97.65998840332031
1,MIXED_5_6_BUDGET,2048,state_scale_maximum,32,32,0,32,32,1225.791799545288,1042.9237060546875,800.7218017578125,3137.337158203125
1,MIXED_5_6_BUDGET,2048,residual_scale_minimum,32,32,0,32,0,,,,
1,MIXED_5_6_BUDGET,2048,residual_scale_maximum,32,32,0,32,0,,,,
1,MIXED_5_6_BUDGET,2048,self_writeback_mse,32,32,0,32,32,45.15229549934878,44.08531153788579,17.020018052198942,109.99584523420353
1,MIXED_5_6_BUDGET,2048,projection_leakage_mse,32,32,0,32,32,0.0,0.0,0.0,0.0
1,MIXED_5_6_BUDGET,2048,native_state_error_l2,32,32,0,32,32,8873.714993754795,8611.994645706944,7353.5219302821715,12293.979966874615
1,MIXED_5_6_BUDGET,2048,native_state_error_mse,32,32,0,32,32,26042.89499964018,24143.03311979249,17602.306243209907,49199.85137562316
1,MIXED_5_6_BUDGET,2048,fp64_shadow_error_l2,32,32,0,32,32,8873.714943696292,8611.994536278307,7353.521792203654,12293.979888363312
1,MIXED_5_6_BUDGET,2048,fp64_shadow_error_mse,32,32,0,32,32,26042.89471685896,24143.032502141697,17602.305582166027,49199.85074722709
1,MIXED_5_6_BUDGET,2048,gold_margin,32,32,0,32,32,-26.270762277767066,-26.01830267906189,-101.57379913330078,50.89788818359375
1,MIXED_5_6_BUDGET,2048,top_two_margin,32,32,0,32,32,32.269566761213355,26.970645666122437,2.2300801277160645,71.40468978881836
2,NATIVE_FP32,128,state_norm,32,32,31,1,32,855.7802355077582,860.5538146743049,750.6518707473991,975.3168715404609
2,NATIVE_FP32,128,residual_norm,32,32,31,1,32,0.0,0.0,0.0,0.0
2,NATIVE_FP32,128,native_state_norm,32,32,31,1,32,855.7802355077582,860.5538146743049,750.6518707473991,975.3168715404609
2,NATIVE_FP32,128,fp64_shadow_state_norm,32,32,31,1,32,855.7802148556087,860.553784736673,750.6518588258331,975.3168853045476
2,NATIVE_FP32,128,state_scale_minimum,32,32,31,1,0,,,,
2,NATIVE_FP32,128,state_scale_maximum,32,32,31,1,0,,,,
2,NATIVE_FP32,128,residual_scale_minimum,32,32,31,1,0,,,,
2,NATIVE_FP32,128,residual_scale_maximum,32,32,31,1,0,,,,
2,NATIVE_FP32,128,self_writeback_mse,32,32,31,1,32,0.0,0.0,0.0,0.0
2,NATIVE_FP32,128,projection_leakage_mse,32,32,31,1,32,0.0,0.0,0.0,0.0
2,NATIVE_FP32,128,native_state_error_l2,32,32,31,1,32,0.0,0.0,0.0,0.0
2,NATIVE_FP32,128,native_state_error_mse,32,32,31,1,32,0.0,0.0,0.0,0.0
2,NATIVE_FP32,128,fp64_shadow_error_l2,32,32,31,1,32,0.00041843400712273857,0.00041607957217402124,0.0003666486257699077,0.0005243035779074469
2,NATIVE_FP32,128,fp64_shadow_error_mse,32,32,31,1,32,5.72927679822415e-11,5.6357682054400663e-11,4.3760161060859964e-11,8.948380267140309e-11
2,NATIVE_FP32,128,gold_margin,32,32,31,1,32,71.88216976821421,70.98145294189453,29.705708503723145,113.19094467163086
2,NATIVE_FP32,128,top_two_margin,32,32,31,1,32,71.88216976821421,70.98145294189453,29.705708503723145,113.19094467163086
2,NATIVE_FP32,512,state_norm,32,32,0,32,32,1243.2248368446171,1232.2718761670512,1097.1339126503997,1489.630059559754
2,NATIVE_FP32,512,residual_norm,32,32,0,32,32,0.0,0.0,0.0,0.0
2,NATIVE_FP32,512,native_state_norm,32,32,0,32,32,1243.2248368446171,1232.2718761670512,1097.1339126503997,1489.630059559754
2,NATIVE_FP32,512,fp64_shadow_state_norm,32,32,0,32,32,1243.2246945350298,1232.27174097541,1097.1337353220197,1489.6298336783566
2,NATIVE_FP32,512,state_scale_minimum,32,32,0,32,0,,,,
2,NATIVE_FP32,512,state_scale_maximum,32,32,0,32,0,,,,
2,NATIVE_FP32,512,residual_scale_minimum,32,32,0,32,0,,,,
2,NATIVE_FP32,512,residual_scale_maximum,32,32,0,32,0,,,,
2,NATIVE_FP32,512,self_writeback_mse,32,32,0,32,32,0.0,0.0,0.0,0.0
2,NATIVE_FP32,512,projection_leakage_mse,32,32,0,32,32,0.0,0.0,0.0,0.0
2,NATIVE_FP32,512,native_state_error_l2,32,32,0,32,32,0.0,0.0,0.0,0.0
2,NATIVE_FP32,512,native_state_error_mse,32,32,0,32,32,0.0,0.0,0.0,0.0
2,NATIVE_FP32,512,fp64_shadow_error_l2,32,32,0,32,32,0.0011167824071811941,0.001095167129915382,0.0009707003056967918,0.0013475109046353225
2,NATIVE_FP32,512,fp64_shadow_error_mse,32,32,0,32,32,4.084609760467704e-10,3.9043675563052433e-10,3.067249620702621e-10,5.910760540726254e-10
2,NATIVE_FP32,512,gold_margin,32,32,0,32,32,1.7348432084545498,-2.373638689517975,-49.194021224975586,63.341434478759766
2,NATIVE_FP32,512,top_two_margin,32,32,0,32,32,19.881769285537302,13.50671124458313,0.10605871677398682,63.341434478759766
2,NATIVE_FP32,2048,state_norm,32,32,0,32,32,1950.3668615449662,1934.9910473091245,1772.360840361448,2344.1531587379886
2,NATIVE_FP32,2048,residual_norm,32,32,0,32,32,0.0,0.0,0.0,0.0
2,NATIVE_FP32,2048,native_state_norm,32,32,0,32,32,1950.3668615449662,1934.9910473091245,1772.360840361448,2344.1531587379886
2,NATIVE_FP32,2048,fp64_shadow_state_norm,32,32,0,32,32,1950.3660873396723,1934.9901094131628,1772.3605631192052,2344.1516445042853
2,NATIVE_FP32,2048,state_scale_minimum,32,32,0,32,0,,,,
2,NATIVE_FP32,2048,state_scale_maximum,32,32,0,32,0,,,,
2,NATIVE_FP32,2048,residual_scale_minimum,32,32,0,32,0,,,,
2,NATIVE_FP32,2048,residual_scale_maximum,32,32,0,32,0,,,,
2,NATIVE_FP32,2048,self_writeback_mse,32,32,0,32,32,0.0,0.0,0.0,0.0
2,NATIVE_FP32,2048,projection_leakage_mse,32,32,0,32,32,0.0,0.0,0.0,0.0
2,NATIVE_FP32,2048,native_state_error_l2,32,32,0,32,32,0.0,0.0,0.0,0.0
2,NATIVE_FP32,2048,native_state_error_mse,32,32,0,32,32,0.0,0.0,0.0,0.0
2,NATIVE_FP32,2048,fp64_shadow_error_l2,32,32,0,32,32,0.0034232715843320557,0.0033161009799734043,0.0030441246388153444,0.0044224400497607525
2,NATIVE_FP32,2048,fp64_shadow_error_mse,32,32,0,32,32,3.841967787841449e-09,3.5795984839064586e-09,3.016502218959196e-09,6.366528643791629e-09
2,NATIVE_FP32,2048,gold_margin,32,32,0,32,32,-38.97615950275212,-36.45923089981079,-93.51079177856445,9.721864223480225
2,NATIVE_FP32,2048,top_two_margin,32,32,0,32,32,22.463383911177516,20.128943920135498,0.35403549671173096,71.19569396972656
2,UNIFORM_8,128,state_norm,32,32,31,1,32,858.8012871973519,864.3961615063477,751.8726398308796,977.8795112138772
2,UNIFORM_8,128,residual_norm,32,32,31,1,32,0.0,0.0,0.0,0.0
2,UNIFORM_8,128,native_state_norm,32,32,31,1,32,855.7802355077582,860.5538146743049,750.6518707473991,975.3168715404609
2,UNIFORM_8,128,fp64_shadow_state_norm,32,32,31,1,32,855.7802148556087,860.553784736673,750.6518588258331,975.3168853045476
2,UNIFORM_8,128,state_scale_minimum,32,32,31,1,32,35.471830904483795,36.1744499206543,20.127824783325195,50.97697067260742
2,UNIFORM_8,128,state_scale_maximum,32,32,31,1,32,148.18910884857178,151.1474838256836,95.46332550048828,212.43711853027344
2,UNIFORM_8,128,residual_scale_minimum,32,32,31,1,0,,,,
2,UNIFORM_8,128,residual_scale_maximum,32,32,31,1,0,,,,
2,UNIFORM_8,128,self_writeback_mse,32,32,31,1,32,0.018676558520226937,0.01795260191991742,0.0067045483977289525,0.0372993374576259
2,UNIFORM_8,128,projection_leakage_mse,32,32,31,1,32,0.0,0.0,0.0,0.0
2,UNIFORM_8,128,native_state_error_l2,32,32,31,1,32,70.17983965527387,69.8468531289945,59.80777096247007,81.28890543306561
2,UNIFORM_8,128,native_state_error_mse,32,32,31,1,32,1.6138614951106343,1.5880863396443292,1.1643780818682545,2.1510046049823845
2,UNIFORM_8,128,fp64_shadow_error_l2,32,32,31,1,32,70.17983862531922,69.84685561917402,59.80775469369312,81.28891265690375
2,UNIFORM_8,128,fp64_shadow_error_mse,32,32,31,1,32,1.6138614530941482,1.588086451841004,1.164377448405264,2.1510049872857175
2,UNIFORM_8,128,gold_margin,32,32,31,1,32,72.05410619080067,70.92936706542969,30.278023719787598,115.17827224731445
2,UNIFORM_8,128,top_two_margin,32,32,31,1,32,72.05410619080067,70.92936706542969,30.278023719787598,115.17827224731445
2,UNIFORM_8,512,state_norm,32,32,0,32,32,1257.4964102459085,1252.0192497098487,1127.573616534632,1500.5972038657387
2,UNIFORM_8,512,residual_norm,32,32,0,32,32,0.0,0.0,0.0,0.0
2,UNIFORM_8,512,native_state_norm,32,32,0,32,32,1243.2248368446171,1232.2718761670512,1097.1339126503997,1489.630059559754
2,UNIFORM_8,512,fp64_shadow_state_norm,32,32,0,32,32,1243.2246945350298,1232.27174097541,1097.1337353220197,1489.6298336783566
2,UNIFORM_8,512,state_scale_minimum,32,32,0,32,32,36.59083044528961,36.23113250732422,21.70635986328125,54.27471923828125
2,UNIFORM_8,512,state_scale_maximum,32,32,0,32,32,204.66069507598877,196.62752532958984,145.51358032226562,284.4373779296875
2,UNIFORM_8,512,residual_scale_minimum,32,32,0,32,0,,,,
2,UNIFORM_8,512,residual_scale_maximum,32,32,0,32,0,,,,
2,UNIFORM_8,512,self_writeback_mse,32,32,0,32,32,0.033118828333378605,0.028948338609584602,0.013596718867111933,0.06830734040163637
2,UNIFORM_8,512,projection_leakage_mse,32,32,0,32,32,0.0,0.0,0.0,0.0
2,UNIFORM_8,512,native_state_error_l2,32,32,0,32,32,194.22024645521822,194.30877094499797,171.59392801780373,219.13732375293225
2,UNIFORM_8,512,native_state_error_mse,32,32,0,32,32,12.319661139780298,12.290353569419668,9.584790407740627,15.631890189322085
2,UNIFORM_8,512,fp64_shadow_error_l2,32,32,0,32,32,194.22025277818054,194.30876931240562,171.59392015992665,219.13734906278737
2,UNIFORM_8,512,fp64_shadow_error_mse,32,32,0,32,32,12.319661916639967,12.290353365065975,9.584789529899505,15.631893800216767
2,UNIFORM_8,512,gold_margin,32,32,0,32,32,2.7728096302598715,-0.40146851539611816,-50.199228286743164,69.27470970153809
2,UNIFORM_8,512,top_two_margin,32,32,0,32,32,20.184235646389425,12.8272804915905,0.2684345245361328,69.27470970153809
2,UNIFORM_8,2048,state_norm,32,32,0,32,32,2035.4815317118964,2018.5236942234587,1858.8413499205421,2401.677952298206
2,UNIFORM_8,2048,residual_norm,32,32,0,32,32,0.0,0.0,0.0,0.0
2,UNIFORM_8,2048,native_state_norm,32,32,0,32,32,1950.3668615449662,1934.9910473091245,1772.360840361448,2344.1531587379886
2,UNIFORM_8,2048,fp64_shadow_state_norm,32,32,0,32,32,1950.3660873396723,1934.9901094131628,1772.3605631192052,2344.1516445042853
2,UNIFORM_8,2048,state_scale_minimum,32,32,0,32,32,38.09435033798218,37.21417427062988,24.894535064697266,54.65217208862305
2,UNIFORM_8,2048,state_scale_maximum,32,32,0,32,32,344.30406570434565,337.3561706542969,236.4171142578125,529.8134765625
2,UNIFORM_8,2048,residual_scale_minimum,32,32,0,32,0,,,,
2,UNIFORM_8,2048,residual_scale_maximum,32,32,0,32,0,,,,
2,UNIFORM_8,2048,self_writeback_mse,32,32,0,32,32,0.09826819017712984,0.09339170741688108,0.024962429676338046,0.1933741306914447
2,UNIFORM_8,2048,projection_leakage_mse,32,32,0,32,32,0.0,0.0,0.0,0.0
2,UNIFORM_8,2048,native_state_error_l2,32,32,0,32,32,569.3931886415767,567.4361053188063,505.2450566820894,617.8125464839123
2,UNIFORM_8,2048,native_state_error_mse,32,32,0,32,32,105.77089019299132,104.81243928309482,83.0965388351848,124.24880943780482
2,UNIFORM_8,2048,fp64_shadow_error_l2,32,32,0,32,32,569.3931943824182,567.43622865412,505.24505398610154,617.8126501334643
2,UNIFORM_8,2048,fp64_shadow_error_mse,32,32,0,32,32,105.77089208255939,104.81248483966597,83.09653794837848,124.24885112790832
2,UNIFORM_8,2048,gold_margin,32,32,0,32,32,-39.631917126476765,-33.38145327568054,-99.68370056152344,19.18187564611435
2,UNIFORM_8,2048,top_two_margin,32,32,0,32,32,21.719565182924267,18.819551169872284,0.6769840717315674,74.29064559936523
2,UNIFORM_5,128,state_norm,32,32,30,2,32,985.1165278923651,993.1333195219206,860.1196680255387,1071.0927507134174
2,UNIFORM_5,128,residual_norm,32,32,30,2,32,0.0,0.0,0.0,0.0
2,UNIFORM_5,128,native_state_norm,32,32,30,2,32,855.7802355077582,860.5538146743049,750.6518707473991,975.3168715404609
2,UNIFORM_5,128,fp64_shadow_state_norm,32,32,30,2,32,855.7802148556087,860.553784736673,750.6518588258331,975.3168853045476
2,UNIFORM_5,128,state_scale_minimum,32,32,30,2,32,37.1002978682518,37.71126174926758,20.413637161254883,48.24505615234375
2,UNIFORM_5,128,state_scale_maximum,32,32,30,2,32,158.07214903831482,165.01216888427734,101.36740112304688,222.2256317138672
2,UNIFORM_5,128,residual_scale_minimum,32,32,30,2,0,,,,
2,UNIFORM_5,128,residual_scale_maximum,32,32,30,2,0,,,,
2,UNIFORM_5,128,self_writeback_mse,32,32,30,2,32,1.130217385713311,1.1665487095158973,0.4796779904828499,2.4584109771498524
2,UNIFORM_5,128,projection_leakage_mse,32,32,30,2,32,0.0,0.0,0.0,0.0
2,UNIFORM_5,128,native_state_error_l2,32,32,30,2,32,514.6004107602162,511.89735650541684,435.05835299248713,597.5897457711482
2,UNIFORM_5,128,native_state_error_mse,32,32,30,2,32,86.66216244400076,85.30316870593573,61.613206545747246,116.2478854983156
2,UNIFORM_5,128,fp64_shadow_error_l2,32,32,30,2,32,514.6004090675817,511.89733834501715,435.0583496547937,597.5897357862127
2,UNIFORM_5,128,fp64_shadow_error_mse,32,32,30,2,32,86.66216181787335,85.30316264801871,61.61320560037523,116.2478816136183
2,UNIFORM_5,128,gold_margin,32,32,30,2,32,70.86963874101639,72.64514446258545,37.87499952316284,120.82023239135742
2,UNIFORM_5,128,top_two_margin,32,32,30,2,32,70.86963874101639,72.64514446258545,37.87499952316284,120.82023239135742
2,UNIFORM_5,512,state_norm,32,32,0,32,32,2045.7403112957986,2044.7222820243358,1795.1183919887749,2343.922864023463
2,UNIFORM_5,512,residual_norm,32,32,0,32,32,0.0,0.0,0.0,0.0
2,UNIFORM_5,512,native_state_norm,32,32,0,32,32,1243.2248368446171,1232.2718761670512,1097.1339126503997,1489.630059559754
2,UNIFORM_5,512,fp64_shadow_state_norm,32,32,0,32,32,1243.2246945350298,1232.27174097541,1097.1337353220197,1489.6298336783566
2,UNIFORM_5,512,state_scale_minimum,32,32,0,32,32,36.391164779663086,36.79878807067871,17.87200164794922,55.8699951171875
2,UNIFORM_5,512,state_scale_maximum,32,32,0,32,32,270.9471321105957,260.2632141113281,206.38868713378906,372.848388671875
2,UNIFORM_5,512,residual_scale_minimum,32,32,0,32,0,,,,
2,UNIFORM_5,512,residual_scale_maximum,32,32,0,32,0,,,,
2,UNIFORM_5,512,self_writeback_mse,32,32,0,32,32,3.349781193981098,2.8049028886122436,1.3128720491194945,6.9881625903009885
2,UNIFORM_5,512,projection_leakage_mse,32,32,0,32,32,0.0,0.0,0.0,0.0
2,UNIFORM_5,512,native_state_error_l2,32,32,0,32,32,1646.9811664049816,1648.474410727658,1383.0977976056156,1963.5263886491502
2,UNIFORM_5,512,native_state_error_mse,32,32,0,32,32,886.4838432383277,884.5924354146753,622.708176348146,1255.0247001697833
2,UNIFORM_5,512,fp64_shadow_error_l2,32,32,0,32,32,1646.9811665675397,1648.4744417529691,1383.0977795786443,1963.5264255012428
2,UNIFORM_5,512,fp64_shadow_error_mse,32,32,0,32,32,886.4838433003541,884.5924687188567,622.7081601156824,1255.0247472791953
2,UNIFORM_5,512,gold_margin,32,32,0,32,32,3.4898586384952055,0.006914496421813965,-49.34329581260681,71.00502109527588
2,UNIFORM_5,512,top_two_margin,32,32,0,32,32,18.927112858742476,15.071549415588379,0.24097537994384766,71.00502109527588
2,UNIFORM_5,2048,state_norm,32,32,0,32,32,12890.333726864523,12398.3909641409,10319.380547657274,17563.422842981916
2,UNIFORM_5,2048,residual_norm,32,32,0,32,32,0.0,0.0,0.0,0.0
2,UNIFORM_5,2048,native_state_norm,32,32,0,32,32,1950.3668615449662,1934.9910473091245,1772.360840361448,2344.1531587379886
2,UNIFORM_5,2048,fp64_shadow_state_norm,32,32,0,32,32,1950.3660873396723,1934.9901094131628,1772.3605631192052,2344.1516445042853
2,UNIFORM_5,2048,state_scale_minimum,32,32,0,32,32,42.065061211586,41.46145439147949,30.158191680908203,60.296207427978516
2,UNIFORM_5,2048,state_scale_maximum,32,32,0,32,32,2105.7788124084473,1910.4934692382812,1275.262939453125,3531.3310546875
2,UNIFORM_5,2048,residual_scale_minimum,32,32,0,32,0,,,,
2,UNIFORM_5,2048,residual_scale_maximum,32,32,0,32,0,,,,
2,UNIFORM_5,2048,self_writeback_mse,32,32,0,32,32,125.84080093154411,122.26616287425009,36.926176138934814,269.3926369350215
2,UNIFORM_5,2048,projection_leakage_mse,32,32,0,32,32,0.0,0.0,0.0,0.0
2,UNIFORM_5,2048,native_state_error_l2,32,32,0,32,32,12725.933220747793,12227.712374408764,10126.96007766987,17501.77158752468
2,UNIFORM_5,2048,native_state_error_mse,32,32,0,32,32,53686.9303926311,48672.475043527666,33383.893364166455,99710.94033264524
2,UNIFORM_5,2048,fp64_shadow_error_l2,32,32,0,32,32,12725.933223747963,12227.712421946666,10126.960128823268,17501.771547377808
2,UNIFORM_5,2048,fp64_shadow_error_mse,32,32,0,32,32,53686.93039296058,48672.475420867224,33383.893701424546,99710.93987519643
2,UNIFORM_5,2048,gold_margin,32,32,0,32,32,-32.71728803217411,-27.72235131263733,-97.49117279052734,49.188690185546875
2,UNIFORM_5,2048,top_two_margin,32,32,0,32,32,21.365463836118582,18.285399436950684,0.885809600353241,66.38209915161133
2,LOWRANK_4_8_R2,128,state_norm,32,32,31,1,32,1338.1206321820632,1340.9816158264016,1188.027667520449,1519.542747725091
2,LOWRANK_4_8_R2,128,residual_norm,32,32,31,1,32,72.31926278699096,72.46717459387509,59.721520824512744,96.57543005448946
2,LOWRANK_4_8_R2,128,native_state_norm,32,32,31,1,32,855.7802355077582,860.5538146743049,750.6518707473991,975.3168715404609
2,LOWRANK_4_8_R2,128,fp64_shadow_state_norm,32,32,31,1,32,855.7802148556087,860.553784736673,750.6518588258331,975.3168853045476
2,LOWRANK_4_8_R2,128,state_scale_minimum,32,32,31,1,32,36.623584508895874,35.64870262145996,19.423442840576172,54.64223098754883
2,LOWRANK_4_8_R2,128,state_scale_maximum,32,32,31,1,32,200.13371324539182,198.47296142578125,129.7509765625,298.2471008300781
2,LOWRANK_4_8_R2,128,residual_scale_minimum,32,32,31,1,32,1.3472621287146467,1.3668000102043152,9.63238999247551e-05,3.707393169403076
2,LOWRANK_4_8_R2,128,residual_scale_maximum,32,32,31,1,32,17.186050653457638,15.521022319793701,11.639019966125488,26.019926071166992
2,LOWRANK_4_8_R2,128,self_writeback_mse,32,32,31,1,32,5.099787560979224,4.470729811315807,2.6568144804297913,12.438872984810793
2,LOWRANK_4_8_R2,128,projection_leakage_mse,32,32,31,1,32,5.099741202110808,4.470672910108467,2.6567776141270163,12.43880525645418
2,LOWRANK_4_8_R2,128,native_state_error_l2,32,32,31,1,32,1027.5070702979524,1012.598114620152,880.1613329444772,1233.2297006021472
2,LOWRANK_4_8_R2,128,native_state_error_mse,32,32,31,1,32,346.0433020313101,333.7748462002353,252.1757721388668,495.0701479320512
2,LOWRANK_4_8_R2,128,fp64_shadow_error_l2,32,32,31,1,32,1027.5070718988438,1012.5981228437979,880.1613306490124,1233.229694818416
2,LOWRANK_4_8_R2,128,fp64_shadow_error_mse,32,32,31,1,32,346.043302889386,333.7748516196481,252.1757708235156,495.0701432883865
2,LOWRANK_4_8_R2,128,gold_margin,32,32,31,1,32,70.70144495368004,67.7993335723877,37.65249729156494,102.98723983764648
2,LOWRANK_4_8_R2,128,top_two_margin,32,32,31,1,32,70.70144495368004,67.7993335723877,37.65249729156494,102.98723983764648
2,LOWRANK_4_8_R2,512,state_norm,32,32,0,32,32,8994.283422396487,8866.267142437071,6915.684881716471,11414.028563281026
2,LOWRANK_4_8_R2,512,residual_norm,32,32,0,32,32,393.1528570030401,378.3619071252085,255.4257382344879,652.5999819968732
2,LOWRANK_4_8_R2,512,native_state_norm,32,32,0,32,32,1243.2248368446171,1232.2718761670512,1097.1339126503997,1489.630059559754
2,LOWRANK_4_8_R2,512,fp64_shadow_state_norm,32,32,0,32,32,1243.2246945350298,1232.27174097541,1097.1337353220197,1489.6298336783566
2,LOWRANK_4_8_R2,512,state_scale_minimum,32,32,0,32,32,44.62296348810196,43.48539161682129,26.48585319519043,62.34109115600586
2,LOWRANK_4_8_R2,512,state_scale_maximum,32,32,0,32,32,1329.982353210449,1229.5689697265625,744.013916015625,2245.919677734375
2,LOWRANK_4_8_R2,512,residual_scale_minimum,32,32,0,32,32,2.5767246496398,2.751665711402893,0.08926425129175186,4.07956600189209
2,LOWRANK_4_8_R2,512,residual_scale_maximum,32,32,0,32,32,116.74170780181885,110.91881561279297,73.96441650390625,249.90513610839844
2,LOWRANK_4_8_R2,512,self_writeback_mse,32,32,0,32,32,180.95658140997213,172.24980674719777,86.76565974373311,309.5941241031272
2,LOWRANK_4_8_R2,512,projection_leakage_mse,32,32,0,32,32,180.95513770016927,172.2487004950546,86.76500013404363,309.5926733282925
2,LOWRANK_4_8_R2,512,native_state_error_l2,32,32,0,32,32,8860.137203803906,8721.388429211484,6790.27578862942,11342.437681456824
2,LOWRANK_4_8_R2,512,native_state_error_mse,32,32,0,32,32,26169.592665928576,24760.46101824598,15009.064220588185,41878.545754469946
2,LOWRANK_4_8_R2,512,fp64_shadow_error_l2,32,32,0,32,32,8860.137207077774,8721.388441225557,6790.275787325058,11342.437690110002
2,LOWRANK_4_8_R2,512,fp64_shadow_error_mse,32,32,0,32,32,26169.592689868245,24760.461086762072,15009.064214821923,41878.54581836847
2,LOWRANK_4_8_R2,512,gold_margin,32,32,0,32,32,-3.5160304373130202,-6.076960802078247,-90.84231948852539,83.27790069580078
2,LOWRANK_4_8_R2,512,top_two_margin,32,32,0,32,32,22.382188891060654,14.410722494125366,0.07036828994750977,83.27790069580078
2,LOWRANK_4_8_R2,2048,state_norm,32,32,0,32,32,1401735858202598.2,36501937.616103455,13212240.821941543,4.485518051129944e+16
2,LOWRANK_4_8_R2,2048,residual_norm,32,32,0,32,32,115548343692920.6,1728290.1554550792,601173.8141255836,3697519103697084.5
2,LOWRANK_4_8_R2,2048,native_state_norm,32,32,0,32,32,1950.3668615449662,1934.9910473091245,1772.360840361448,2344.1531587379886
2,LOWRANK_4_8_R2,2048,fp64_shadow_state_norm,32,32,0,32,32,1950.3660873396723,1934.9901094131628,1772.3605631192052,2344.1516445042853
2,LOWRANK_4_8_R2,2048,state_scale_minimum,32,32,0,32,32,179.81155467033386,157.17608642578125,72.9894027709961,463.17462158203125
2,LOWRANK_4_8_R2,2048,state_scale_maximum,32,32,0,32,32,586894911827456.0,6914419.5,1882811.5,1.878051544838963e+16
2,LOWRANK_4_8_R2,2048,residual_scale_minimum,32,32,0,32,32,8.78295998647809,8.092471599578857,0.7264894247055054,26.86363983154297
2,LOWRANK_4_8_R2,2048,residual_scale_maximum,32,32,0,32,32,36359315139934.64,698528.21875,170417.484375,1163487178915840.0
2,LOWRANK_4_8_R2,2048,self_writeback_mse,32,32,0,32,32,6.127067685525966e+24,2254110334.6858664,373129209.7956044,1.960661659261961e+26
2,LOWRANK_4_8_R2,2048,projection_leakage_mse,32,32,0,32,32,6.124387451112081e+24,2254083759.0909233,373126486.3014009,1.9598039842495554e+26
2,LOWRANK_4_8_R2,2048,native_state_error_l2,32,32,0,32,32,1401735858202598.2,36501955.83096199,13212224.88518315,4.485518051129942e+16
2,LOWRANK_4_8_R2,2048,native_state_error_mse,32,32,0,32,32,2.0466992378738373e+28,436529853746.3849,56823856255.42086,6.549437560876484e+29
2,LOWRANK_4_8_R2,2048,fp64_shadow_error_l2,32,32,0,32,32,1401735858202598.2,36501955.83101485,13212224.885249004,4.485518051129942e+16
2,LOWRANK_4_8_R2,2048,fp64_shadow_error_mse,32,32,0,32,32,2.0466992378738373e+28,436529853747.6881,56823856255.987335,6.549437560876484e+29
2,LOWRANK_4_8_R2,2048,gold_margin,32,32,0,32,32,-16.011793714016676,-13.254998207092285,-92.04534530639648,62.85742211341858
2,LOWRANK_4_8_R2,2048,top_two_margin,32,32,0,32,32,22.36825631186366,18.363272190093994,0.11476421356201172,68.78527450561523
2,MIXED_5_6_BUDGET,128,state_norm,32,32,31,1,32,938.8941651513119,940.5360144575191,823.0287265072074,1063.8758032904848
2,MIXED_5_6_BUDGET,128,residual_norm,32,32,31,1,32,0.0,0.0,0.0,0.0
2,MIXED_5_6_BUDGET,128,native_state_norm,32,32,31,1,32,855.7802355077582,860.5538146743049,750.6518707473991,975.3168715404609
2,MIXED_5_6_BUDGET,128,fp64_shadow_state_norm,32,32,31,1,32,855.7802148556087,860.553784736673,750.6518588258331,975.3168853045476
2,MIXED_5_6_BUDGET,128,state_scale_minimum,32,32,31,1,32,36.96344715356827,37.71126174926758,20.413637161254883,48.24505615234375
2,MIXED_5_6_BUDGET,128,state_scale_maximum,32,32,31,1,32,153.00557017326355,153.51074981689453,99.59522247314453,209.1766815185547
2,MIXED_5_6_BUDGET,128,residual_scale_minimum,32,32,31,1,0,,,,
2,MIXED_5_6_BUDGET,128,residual_scale_maximum,32,32,31,1,0,,,,
2,MIXED_5_6_BUDGET,128,self_writeback_mse,32,32,31,1,32,0.7192634236281338,0.6798688242031629,0.21762796199750098,1.3641558630414534
2,MIXED_5_6_BUDGET,128,projection_leakage_mse,32,32,31,1,32,0.0,0.0,0.0,0.0
2,MIXED_5_6_BUDGET,128,native_state_error_l2,32,32,31,1,32,415.41267348473775,416.56405625132527,348.58702912621226,467.5866765743578
2,MIXED_5_6_BUDGET,128,native_state_error_mse,32,32,31,1,32,56.390085063520644,56.48620370551534,39.55498596192667,71.17099612950946
2,MIXED_5_6_BUDGET,128,fp64_shadow_error_l2,32,32,31,1,32,415.4126720915879,416.5640602981631,348.5870401506415,467.58666146507073
2,MIXED_5_6_BUDGET,128,fp64_shadow_error_mse,32,32,31,1,32,56.39008461687804,56.48620480296485,39.55498846386229,71.17099152996441
2,MIXED_5_6_BUDGET,128,gold_margin,32,32,31,1,32,71.5808453708887,74.47816848754883,27.23710536956787,116.0509090423584
2,MIXED_5_6_BUDGET,128,top_two_margin,32,32,31,1,32,71.5808453708887,74.47816848754883,27.23710536956787,116.0509090423584
2,MIXED_5_6_BUDGET,512,state_norm,32,32,0,32,32,1749.569068884673,1743.271296556125,1526.6753581963665,1961.93911899359
2,MIXED_5_6_BUDGET,512,residual_norm,32,32,0,32,32,0.0,0.0,0.0,0.0
2,MIXED_5_6_BUDGET,512,native_state_norm,32,32,0,32,32,1243.2248368446171,1232.2718761670512,1097.1339126503997,1489.630059559754
2,MIXED_5_6_BUDGET,512,fp64_shadow_state_norm,32,32,0,32,32,1243.2246945350298,1232.27174097541,1097.1337353220197,1489.6298336783566
2,MIXED_5_6_BUDGET,512,state_scale_minimum,32,32,0,32,32,36.391164779663086,36.79878807067871,17.87200164794922,55.8699951171875
2,MIXED_5_6_BUDGET,512,state_scale_maximum,32,32,0,32,32,232.9427137374878,217.08726501464844,173.20645141601562,358.50982666015625
2,MIXED_5_6_BUDGET,512,residual_scale_minimum,32,32,0,32,0,,,,
2,MIXED_5_6_BUDGET,512,residual_scale_maximum,32,32,0,32,0,,,,
2,MIXED_5_6_BUDGET,512,self_writeback_mse,32,32,0,32,32,1.883613476592675,1.5871617222970413,0.7462231785161292,3.4821573122601674
2,MIXED_5_6_BUDGET,512,projection_leakage_mse,32,32,0,32,32,0.0,0.0,0.0,0.0
2,MIXED_5_6_BUDGET,512,native_state_error_l2,32,32,0,32,32,1271.6753337319874,1263.2101782829259,1120.813438419562,1494.9289320396533
2,MIXED_5_6_BUDGET,512,native_state_error_mse,32,32,0,32,32,528.7907302552552,519.43358767762,408.9266809055604,727.4780312009176
2,MIXED_5_6_BUDGET,512,fp64_shadow_error_l2,32,32,0,32,32,1271.6753261291917,1263.210131356896,1120.8134838621231,1494.9289638752564
2,MIXED_5_6_BUDGET,512,fp64_shadow_error_mse,32,32,0,32,32,528.790723996676,519.4335490811493,408.9267140648273,727.4780621852694
2,MIXED_5_6_BUDGET,512,gold_margin,32,32,0,32,32,-1.9018801860511305,-6.575876474380493,-64.70952415466309,68.1943244934082
2,MIXED_5_6_BUDGET,512,top_two_margin,32,32,0,32,32,22.63254477409646,18.258206129074097,0.4684147834777832,68.1943244934082
2,MIXED_5_6_BUDGET,2048,state_norm,32,32,0,32,32,7431.156916351848,7298.107879235709,5700.934813538068,9681.066319402973
2,MIXED_5_6_BUDGET,2048,residual_norm,32,32,0,32,32,0.0,0.0,0.0,0.0
2,MIXED_5_6_BUDGET,2048,native_state_norm,32,32,0,32,32,1950.3668615449662,1934.9910473091245,1772.360840361448,2344.1531587379886
2,MIXED_5_6_BUDGET,2048,fp64_shadow_state_norm,32,32,0,32,32,1950.3660873396723,1934.9901094131628,1772.3605631192052,2344.1516445042853
2,MIXED_5_6_BUDGET,2048,state_scale_minimum,32,32,0,32,32,42.065061211586,41.46145439147949,30.158191680908203,60.296207427978516
2,MIXED_5_6_BUDGET,2048,state_scale_maximum,32,32,0,32,32,984.1016139984132,958.6377563476562,636.4257202148438,1541.6812744140625
2,MIXED_5_6_BUDGET,2048,residual_scale_minimum,32,32,0,32,0,,,,
2,MIXED_5_6_BUDGET,2048,residual_scale_maximum,32,32,0,32,0,,,,
2,MIXED_5_6_BUDGET,2048,self_writeback_mse,32,32,0,32,32,36.49276826663898,38.74922562418264,6.1900581401786265,76.28427654980321
2,MIXED_5_6_BUDGET,2048,projection_leakage_mse,32,32,0,32,32,0.0,0.0,0.0,0.0
2,MIXED_5_6_BUDGET,2048,native_state_error_l2,32,32,0,32,32,7189.837074800469,7058.622710236379,5320.491047770752,9463.985181467608
2,MIXED_5_6_BUDGET,2048,native_state_error_mse,32,32,0,32,32,17042.448976606298,16219.960344090869,9214.721676239815,29155.929529634916
2,MIXED_5_6_BUDGET,2048,fp64_shadow_error_l2,32,32,0,32,32,7189.83706109088,7058.622604680802,5320.491086312224,9463.985174652833
2,MIXED_5_6_BUDGET,2048,fp64_shadow_error_mse,32,32,0,32,32,17042.44891048243,16219.959860387913,9214.721809742134,29155.929487646034
2,MIXED_5_6_BUDGET,2048,gold_margin,32,32,0,32,32,-30.695405637845397,-26.30147659778595,-106.75686264038086,48.37167537212372
2,MIXED_5_6_BUDGET,2048,top_two_margin,32,32,0,32,32,22.319253368303176,14.750064492225647,1.3488402366638184,69.05326461791992
