model_seed,arm,metric,valid_sample_writes,maximum,sample_index,sample_id,write_position,first_failure_tau,is_BOS,at_or_after_first_failure,strictly_after_first_failure
0,NATIVE_FP32,state_norm,65568,4984.359117355076,17,S3:DEV:40101:000017,2028,437,False,True,True
0,NATIVE_FP32,residual_norm,65568,0.0,0,S3:DEV:40101:000000,0,258,True,False,False
0,NATIVE_FP32,native_state_error_l2,65568,0.0,0,S3:DEV:40101:000000,0,258,True,False,False
0,NATIVE_FP32,fp64_shadow_error_l2,65568,0.006979462656367803,27,S3:DEV:40101:000027,2048,217,False,True,True
0,NATIVE_FP32,self_writeback_mse,65568,0.0,0,S3:DEV:40101:000000,0,258,True,False,False
0,NATIVE_FP32,projection_leakage_mse,65568,0.0,0,S3:DEV:40101:000000,0,258,True,False,False
0,UNIFORM_8,state_norm,65568,5091.086055240831,17,S3:DEV:40101:000017,2028,222,False,True,True
0,UNIFORM_8,residual_norm,65568,0.0,0,S3:DEV:40101:000000,0,258,True,False,False
0,UNIFORM_8,native_state_error_l2,65568,1376.9474922764157,27,S3:DEV:40101:000027,2048,217,False,True,True
0,UNIFORM_8,fp64_shadow_error_l2,65568,1376.9474752161648,27,S3:DEV:40101:000027,2048,217,False,True,True
0,UNIFORM_8,self_writeback_mse,65568,1.4126464075525333,17,S3:DEV:40101:000017,1829,222,False,True,True
0,UNIFORM_8,projection_leakage_mse,65568,0.0,0,S3:DEV:40101:000000,0,258,True,False,False
0,UNIFORM_5,state_norm,65568,37710.035832217465,7,S3:DEV:40101:000007,2043,333,False,True,True
0,UNIFORM_5,residual_norm,65568,0.0,0,S3:DEV:40101:000000,0,110,True,False,False
0,UNIFORM_5,native_state_error_l2,65568,37600.075926509024,7,S3:DEV:40101:000007,2043,333,False,True,True
0,UNIFORM_5,fp64_shadow_error_l2,65568,37600.07591573854,7,S3:DEV:40101:000007,2043,333,False,True,True
0,UNIFORM_5,self_writeback_mse,65568,1788.7166771252148,7,S3:DEV:40101:000007,2046,333,False,True,True
0,UNIFORM_5,projection_leakage_mse,65568,0.0,0,S3:DEV:40101:000000,0,110,True,False,False
0,LOWRANK_4_8_R2,state_norm,65568,1283199223.1309147,19,S3:DEV:40101:000019,2048,273,False,True,True
0,LOWRANK_4_8_R2,residual_norm,65568,80408315.08368248,19,S3:DEV:40101:000019,2041,273,False,True,True
0,LOWRANK_4_8_R2,native_state_error_l2,65568,1283199224.7322326,19,S3:DEV:40101:000019,2048,273,False,True,True
0,LOWRANK_4_8_R2,fp64_shadow_error_l2,65568,1283199224.7321308,19,S3:DEV:40101:000019,2048,273,False,True,True
0,LOWRANK_4_8_R2,self_writeback_mse,65568,7772143490718.009,19,S3:DEV:40101:000019,2033,273,False,True,True
0,LOWRANK_4_8_R2,projection_leakage_mse,65568,7772124593215.77,19,S3:DEV:40101:000019,2033,273,False,True,True
0,MIXED_5_6_BUDGET,state_norm,65568,53095.669455767726,29,S3:DEV:40101:000029,2048,409,False,True,True
0,MIXED_5_6_BUDGET,residual_norm,65568,0.0,0,S3:DEV:40101:000000,0,173,True,False,False
0,MIXED_5_6_BUDGET,native_state_error_l2,65568,52879.91527398489,29,S3:DEV:40101:000029,2048,409,False,True,True
0,MIXED_5_6_BUDGET,fp64_shadow_error_l2,65568,52879.9153234578,29,S3:DEV:40101:000029,2048,409,False,True,True
0,MIXED_5_6_BUDGET,self_writeback_mse,65568,1811.5306668111095,29,S3:DEV:40101:000029,2021,409,False,True,True
0,MIXED_5_6_BUDGET,projection_leakage_mse,65568,0.0,0,S3:DEV:40101:000000,0,173,True,False,False
1,NATIVE_FP32,state_norm,65568,2282.2306564122964,0,S3:DEV:40101:000000,1959,142,False,True,True
1,NATIVE_FP32,residual_norm,65568,0.0,0,S3:DEV:40101:000000,0,142,True,False,False
1,NATIVE_FP32,native_state_error_l2,65568,0.0,0,S3:DEV:40101:000000,0,142,True,False,False
1,NATIVE_FP32,fp64_shadow_error_l2,65568,0.004326455122626595,20,S3:DEV:40101:000020,2048,187,False,True,True
1,NATIVE_FP32,self_writeback_mse,65568,0.0,0,S3:DEV:40101:000000,0,142,True,False,False
1,NATIVE_FP32,projection_leakage_mse,65568,0.0,0,S3:DEV:40101:000000,0,142,True,False,False
1,UNIFORM_8,state_norm,65568,2385.4138738965453,0,S3:DEV:40101:000000,1962,142,False,True,True
1,UNIFORM_8,residual_norm,65568,0.0,0,S3:DEV:40101:000000,0,142,True,False,False
1,UNIFORM_8,native_state_error_l2,65568,767.2897543980589,4,S3:DEV:40101:000004,2046,298,False,True,True
1,UNIFORM_8,fp64_shadow_error_l2,65568,767.2897365475537,4,S3:DEV:40101:000004,2046,298,False,True,True
1,UNIFORM_8,self_writeback_mse,65568,0.2679414761152009,0,S3:DEV:40101:000000,1803,142,False,True,True
1,UNIFORM_8,projection_leakage_mse,65568,0.0,0,S3:DEV:40101:000000,0,142,True,False,False
1,UNIFORM_5,state_norm,65568,39681.10581676168,21,S3:DEV:40101:000021,2045,203,False,True,True
1,UNIFORM_5,residual_norm,65568,0.0,0,S3:DEV:40101:000000,0,151,True,False,False
1,UNIFORM_5,native_state_error_l2,65568,39671.52849946062,21,S3:DEV:40101:000021,2045,203,False,True,True
1,UNIFORM_5,fp64_shadow_error_l2,65568,39671.528277258905,21,S3:DEV:40101:000021,2045,203,False,True,True
1,UNIFORM_5,self_writeback_mse,65568,2806.4286437709056,20,S3:DEV:40101:000020,2048,157,False,True,True
1,UNIFORM_5,projection_leakage_mse,65568,0.0,0,S3:DEV:40101:000000,0,151,True,False,False
1,LOWRANK_4_8_R2,state_norm,65568,1515136279.8510985,6,S3:DEV:40101:000006,2048,65,False,True,True
1,LOWRANK_4_8_R2,residual_norm,65568,84910353.11452433,14,S3:DEV:40101:000014,2046,266,False,True,True
1,LOWRANK_4_8_R2,native_state_error_l2,65568,1515136307.7046344,6,S3:DEV:40101:000006,2048,65,False,True,True
1,LOWRANK_4_8_R2,fp64_shadow_error_l2,65568,1515136307.7045746,6,S3:DEV:40101:000006,2048,65,False,True,True
1,LOWRANK_4_8_R2,self_writeback_mse,65568,14216960934458.547,6,S3:DEV:40101:000006,2042,65,False,True,True
1,LOWRANK_4_8_R2,projection_leakage_mse,65568,14216919917225.334,6,S3:DEV:40101:000006,2042,65,False,True,True
1,MIXED_5_6_BUDGET,state_norm,65568,12432.650092863072,26,S3:DEV:40101:000026,2048,398,False,True,True
1,MIXED_5_6_BUDGET,residual_norm,65568,0.0,0,S3:DEV:40101:000000,0,142,True,False,False
1,MIXED_5_6_BUDGET,native_state_error_l2,65568,12293.979966874615,26,S3:DEV:40101:000026,2048,398,False,True,True
1,MIXED_5_6_BUDGET,fp64_shadow_error_l2,65568,12293.979888363312,26,S3:DEV:40101:000026,2048,398,False,True,True
1,MIXED_5_6_BUDGET,self_writeback_mse,65568,109.99584523420353,26,S3:DEV:40101:000026,2048,398,False,True,True
1,MIXED_5_6_BUDGET,projection_leakage_mse,65568,0.0,0,S3:DEV:40101:000000,0,142,True,False,False
2,NATIVE_FP32,state_norm,65568,2354.3559204497305,18,S3:DEV:40101:000018,2040,171,False,True,True
2,NATIVE_FP32,residual_norm,65568,0.0,0,S3:DEV:40101:000000,0,339,True,False,False
2,NATIVE_FP32,native_state_error_l2,65568,0.0,0,S3:DEV:40101:000000,0,339,True,False,False
2,NATIVE_FP32,fp64_shadow_error_l2,65568,0.004423003645222609,29,S3:DEV:40101:000029,2047,243,False,True,True
2,NATIVE_FP32,self_writeback_mse,65568,0.0,0,S3:DEV:40101:000000,0,339,True,False,False
2,NATIVE_FP32,projection_leakage_mse,65568,0.0,0,S3:DEV:40101:000000,0,339,True,False,False
2,UNIFORM_8,state_norm,65568,2405.602755623965,18,S3:DEV:40101:000018,2040,171,False,True,True
2,UNIFORM_8,residual_norm,65568,0.0,0,S3:DEV:40101:000000,0,339,True,False,False
2,UNIFORM_8,native_state_error_l2,65568,617.8125464839123,5,S3:DEV:40101:000005,2048,222,False,True,True
2,UNIFORM_8,fp64_shadow_error_l2,65568,617.8126501334643,5,S3:DEV:40101:000005,2048,222,False,True,True
2,UNIFORM_8,self_writeback_mse,65568,0.24334028029901672,18,S3:DEV:40101:000018,1857,171,False,True,True
2,UNIFORM_8,projection_leakage_mse,65568,0.0,0,S3:DEV:40101:000000,0,339,True,False,False
2,UNIFORM_5,state_norm,65568,17563.422842981916,14,S3:DEV:40101:000014,2048,118,False,True,True
2,UNIFORM_5,residual_norm,65568,0.0,0,S3:DEV:40101:000000,0,198,True,False,False
2,UNIFORM_5,native_state_error_l2,65568,17501.77158752468,14,S3:DEV:40101:000014,2048,118,False,True,True
2,UNIFORM_5,fp64_shadow_error_l2,65568,17501.771547377808,14,S3:DEV:40101:000014,2048,118,False,True,True
2,UNIFORM_5,self_writeback_mse,65568,411.7943077820873,14,S3:DEV:40101:000014,2039,118,False,True,True
2,UNIFORM_5,projection_leakage_mse,65568,0.0,0,S3:DEV:40101:000000,0,198,True,False,False
2,LOWRANK_4_8_R2,state_norm,65568,4.485518051129944e+16,12,S3:DEV:40101:000012,2048,218,False,True,True
2,LOWRANK_4_8_R2,residual_norm,65568,3697519103697084.5,12,S3:DEV:40101:000012,2048,218,False,True,True
2,LOWRANK_4_8_R2,native_state_error_l2,65568,4.485518051129942e+16,12,S3:DEV:40101:000012,2048,218,False,True,True
2,LOWRANK_4_8_R2,fp64_shadow_error_l2,65568,4.485518051129942e+16,12,S3:DEV:40101:000012,2048,218,False,True,True
2,LOWRANK_4_8_R2,self_writeback_mse,65568,2.8510137967333176e+27,12,S3:DEV:40101:000012,2040,218,False,True,True
2,LOWRANK_4_8_R2,projection_leakage_mse,65568,2.8509623152495907e+27,12,S3:DEV:40101:000012,2040,218,False,True,True
2,MIXED_5_6_BUDGET,state_norm,65568,9681.066319402973,14,S3:DEV:40101:000014,2048,118,False,True,True
2,MIXED_5_6_BUDGET,residual_norm,65568,0.0,0,S3:DEV:40101:000000,0,252,True,False,False
2,MIXED_5_6_BUDGET,native_state_error_l2,65568,9463.985181467608,14,S3:DEV:40101:000014,2048,118,False,True,True
2,MIXED_5_6_BUDGET,fp64_shadow_error_l2,65568,9463.985174652833,14,S3:DEV:40101:000014,2048,118,False,True,True
2,MIXED_5_6_BUDGET,self_writeback_mse,65568,136.8533481624314,14,S3:DEV:40101:000014,1994,118,False,True,True
2,MIXED_5_6_BUDGET,projection_leakage_mse,65568,0.0,0,S3:DEV:40101:000000,0,252,True,False,False
