split,task,arm,boundary,scenarios,median_absolute_rms,median_B_reference_rms,median_relative_error
standard,RETRIEVAL,A_PUBLIC,block_13_output_last,64,0.01692143099050062,1.346018190765833,0.012559495750159425
standard,RETRIEVAL,A_PUBLIC,block_14_output_last,64,0.019623587783246268,1.4645420050453624,0.013411571267386842
standard,RETRIEVAL,A_PUBLIC,block_18_output_last,64,0.05963683759975674,3.3931285879192448,0.01751047398522497
standard,RETRIEVAL,A_PUBLIC,block_22_output_last,64,0.14206528156583453,7.229511200368897,0.019469725465307022
standard,RETRIEVAL,A_PUBLIC,block_27_output_last,64,0.3188933404256805,9.921156931248163,0.03273378842494409
standard,RETRIEVAL,A_PUBLIC,final_logits,64,0.11789641238523292,3.563270529799415,0.03324446109336031
standard,RETRIEVAL,A_PUBLIC,final_norm_last,64,0.12097962267212144,4.97945745009872,0.02419272921391641
standard,RETRIEVAL,A_PUBLIC,layer13_attention_before_o_proj_last,64,0.018513930962381922,0.5153755560824392,0.03578102016799223
standard,RETRIEVAL,A_PUBLIC,layer13_post_attention_residual_last,64,0.016837731587297185,1.464975296598187,0.011493181972387415
standard,RETRIEVAL,V4,block_13_output_last,64,0.015411978712218435,1.346018190765833,0.011460310670765899
standard,RETRIEVAL,V4,block_14_output_last,64,0.017855935368683046,1.4645420050453624,0.012185725842889055
standard,RETRIEVAL,V4,block_18_output_last,64,0.05783466846288361,3.3931285879192448,0.01710446047162972
standard,RETRIEVAL,V4,block_22_output_last,64,0.1375120791740676,7.229511200368897,0.01887787031714211
standard,RETRIEVAL,V4,block_27_output_last,64,0.32589764855837633,9.921156931248163,0.03266720817044226
standard,RETRIEVAL,V4,final_logits,64,0.11140834681538414,3.563270529799415,0.03058672323075972
standard,RETRIEVAL,V4,final_norm_last,64,0.11489901161029156,4.97945745009872,0.023102468147821718
standard,RETRIEVAL,V4,layer13_attention_before_o_proj_last,64,0.015663591322601596,0.5153755560824392,0.03028635368614671
standard,RETRIEVAL,V4,layer13_post_attention_residual_last,64,0.015032294111438516,1.464975296598187,0.0102439963189743
standard,COMPARISON,A_PUBLIC,block_13_output_last,64,0.018837656888941283,1.3415238718222413,0.014053438957427831
standard,COMPARISON,A_PUBLIC,block_14_output_last,64,0.02045249814499677,1.4630878678338475,0.01399382239196745
standard,COMPARISON,A_PUBLIC,block_18_output_last,64,0.05991553267269991,3.434702292644417,0.017461750092868794
standard,COMPARISON,A_PUBLIC,block_22_output_last,64,0.12630434434714966,7.073823042732761,0.017878584996998126
standard,COMPARISON,A_PUBLIC,block_27_output_last,64,0.2857993246801771,9.97468125781668,0.028521866016000118
standard,COMPARISON,A_PUBLIC,final_logits,64,0.10508174282423607,3.3743022235476374,0.030880670979136573
standard,COMPARISON,A_PUBLIC,final_norm_last,64,0.10917124820148338,4.817389070913219,0.022612832099021006
standard,COMPARISON,A_PUBLIC,layer13_attention_before_o_proj_last,64,0.0191717097283299,0.5054183055041395,0.03800397018997155
standard,COMPARISON,A_PUBLIC,layer13_post_attention_residual_last,64,0.018243701876475074,1.449893981574176,0.012597879496769483
standard,COMPARISON,V4,block_13_output_last,64,0.017138928442466568,1.3415238718222413,0.012749589288410003
standard,COMPARISON,V4,block_14_output_last,64,0.01875479618506745,1.4630878678338475,0.012814900085009462
standard,COMPARISON,V4,block_18_output_last,64,0.05667349582112588,3.434702292644417,0.016499979276085798
standard,COMPARISON,V4,block_22_output_last,64,0.11883878763424877,7.073823042732761,0.016772845918422204
standard,COMPARISON,V4,block_27_output_last,64,0.28466475861802465,9.97468125781668,0.02812654742983836
standard,COMPARISON,V4,final_logits,64,0.10551674554190862,3.3743022235476374,0.03148131875580115
standard,COMPARISON,V4,final_norm_last,64,0.10443433427233151,4.817389070913219,0.02178601596333593
standard,COMPARISON,V4,layer13_attention_before_o_proj_last,64,0.01664292806402978,0.5054183055041395,0.03317574682934994
standard,COMPARISON,V4,layer13_post_attention_residual_last,64,0.016317556365389264,1.449893981574176,0.011220303711356273
standard,CODE,A_PUBLIC,block_13_output_last,64,0.0214518910184925,1.3398716992528823,0.01600563233730051
standard,CODE,A_PUBLIC,block_14_output_last,64,0.023432761246676606,1.4648749222400221,0.015974405235636598
standard,CODE,A_PUBLIC,block_18_output_last,64,0.059526150392219576,3.4145435021965644,0.01741945178647034
standard,CODE,A_PUBLIC,block_22_output_last,64,0.12810079261977986,6.994108603257437,0.018250096634504102
standard,CODE,A_PUBLIC,block_27_output_last,64,0.2983712243124286,9.777628779538592,0.03054232081702482
standard,CODE,A_PUBLIC,final_logits,64,0.11021834590656082,3.437727166838436,0.03201014746638009
standard,CODE,A_PUBLIC,final_norm_last,64,0.11065709732765355,4.926643813454993,0.022513955418577328
standard,CODE,A_PUBLIC,layer13_attention_before_o_proj_last,64,0.02043055845834936,0.5329970863271436,0.03825792026012851
standard,CODE,A_PUBLIC,layer13_post_attention_residual_last,64,0.020670722345828327,1.4490617338398355,0.014266054367200461
standard,CODE,V4,block_13_output_last,64,0.01954135628486653,1.3398716992528823,0.014579301247953654
standard,CODE,V4,block_14_output_last,64,0.02130475387634767,1.4648749222400221,0.014572238384357734
standard,CODE,V4,block_18_output_last,64,0.057564946603563316,3.4145435021965644,0.016853045297942862
standard,CODE,V4,block_22_output_last,64,0.12384622159967239,6.994108603257437,0.017756730284114116
standard,CODE,V4,block_27_output_last,64,0.2855332007068209,9.777628779538592,0.02925670010856095
standard,CODE,V4,final_logits,64,0.1119122881326625,3.437727166838436,0.03246890340226049
standard,CODE,V4,final_norm_last,64,0.10836531859895053,4.926643813454993,0.022135134038337133
standard,CODE,V4,layer13_attention_before_o_proj_last,64,0.01784777120865505,0.5329970863271436,0.0334557124402667
standard,CODE,V4,layer13_post_attention_residual_last,64,0.019073214388597312,1.4490617338398355,0.013194441112533381
boundary_pool,RETRIEVAL,A_PUBLIC,block_13_output_last,10,0.0178373257686381,1.3468923347526958,0.013242586478996121
boundary_pool,RETRIEVAL,A_PUBLIC,block_14_output_last,10,0.019598472780789834,1.4664842725249674,0.013350753648803518
boundary_pool,RETRIEVAL,A_PUBLIC,block_18_output_last,10,0.05812898501581001,3.3959626901233424,0.017091923066955686
boundary_pool,RETRIEVAL,A_PUBLIC,block_22_output_last,10,0.1377355210144633,7.137926320224927,0.019422639527706304
boundary_pool,RETRIEVAL,A_PUBLIC,block_27_output_last,10,0.30914673695088035,9.84526271718488,0.03202867569679757
boundary_pool,RETRIEVAL,A_PUBLIC,final_logits,10,0.10903081380259017,3.5409064028127366,0.03143113798065907
boundary_pool,RETRIEVAL,A_PUBLIC,final_norm_last,10,0.12082828181042418,4.948456941650754,0.024428534986713282
boundary_pool,RETRIEVAL,A_PUBLIC,layer13_attention_before_o_proj_last,10,0.020729189590624905,0.5160245219237491,0.03999852274902943
boundary_pool,RETRIEVAL,A_PUBLIC,layer13_post_attention_residual_last,10,0.017897233423014518,1.4652464771492584,0.01222369270421679
boundary_pool,RETRIEVAL,V4,block_13_output_last,10,0.01550075080013336,1.3468923347526958,0.011525628271834775
boundary_pool,RETRIEVAL,V4,block_14_output_last,10,0.017687528522594233,1.4664842725249674,0.012048583970186495
boundary_pool,RETRIEVAL,V4,block_18_output_last,10,0.05499366803217123,3.3959626901233424,0.01617063902910089
boundary_pool,RETRIEVAL,V4,block_22_output_last,10,0.12856771552960472,7.137926320224927,0.018094290875961306
boundary_pool,RETRIEVAL,V4,block_27_output_last,10,0.29974667635737484,9.84526271718488,0.03044892875105596
boundary_pool,RETRIEVAL,V4,final_logits,10,0.10139450197283795,3.5409064028127366,0.028111312528749093
boundary_pool,RETRIEVAL,V4,final_norm_last,10,0.10997004414145495,4.948456941650754,0.02225247111404261
boundary_pool,RETRIEVAL,V4,layer13_attention_before_o_proj_last,10,0.0170129539260099,0.5160245219237491,0.03295941106496679
boundary_pool,RETRIEVAL,V4,layer13_post_attention_residual_last,10,0.016023751890670943,1.4652464771492584,0.010924849356540093
boundary_pool,COMPARISON,A_PUBLIC,block_13_output_last,18,0.019098245773449547,1.341086482315109,0.014260761695273586
boundary_pool,COMPARISON,A_PUBLIC,block_14_output_last,18,0.021123644759230044,1.4583938628275095,0.014440529240003431
boundary_pool,COMPARISON,A_PUBLIC,block_18_output_last,18,0.06192506201032311,3.4295875755430565,0.018042637805886753
boundary_pool,COMPARISON,A_PUBLIC,block_22_output_last,18,0.12898635503233521,7.082902199070992,0.018249636292241994
boundary_pool,COMPARISON,A_PUBLIC,block_27_output_last,18,0.2945317605501458,10.054849059018348,0.029222138881452645
boundary_pool,COMPARISON,A_PUBLIC,final_logits,18,0.11406331204949893,3.3748124574002922,0.03371481823207445
boundary_pool,COMPARISON,A_PUBLIC,final_norm_last,18,0.10894015494597092,4.79395007989166,0.02267297338012477
boundary_pool,COMPARISON,A_PUBLIC,layer13_attention_before_o_proj_last,18,0.019451749459262938,0.503463147310485,0.03861724346497321
boundary_pool,COMPARISON,A_PUBLIC,layer13_post_attention_residual_last,18,0.018850402693357908,1.4493586731297112,0.013023383070001792
boundary_pool,COMPARISON,V4,block_13_output_last,18,0.01709081597905123,1.341086482315109,0.01272471730010952
boundary_pool,COMPARISON,V4,block_14_output_last,18,0.01898464847367918,1.4583938628275095,0.01299845836836827
boundary_pool,COMPARISON,V4,block_18_output_last,18,0.058754748717160535,3.4295875755430565,0.01714427109933355
boundary_pool,COMPARISON,V4,block_22_output_last,18,0.13138306380913545,7.082902199070992,0.01849842001023799
boundary_pool,COMPARISON,V4,block_27_output_last,18,0.32321586011914516,10.054849059018348,0.03224486582375008
boundary_pool,COMPARISON,V4,final_logits,18,0.10579376109224478,3.3748124574002922,0.03155588354771997
boundary_pool,COMPARISON,V4,final_norm_last,18,0.11534293496601966,4.79395007989166,0.02415740944509382
boundary_pool,COMPARISON,V4,layer13_attention_before_o_proj_last,18,0.016940563168647924,0.503463147310485,0.03356773440297288
boundary_pool,COMPARISON,V4,layer13_post_attention_residual_last,18,0.017129461463314496,1.4493586731297112,0.011819607306866028
boundary_pool,CODE,A_PUBLIC,block_13_output_last,18,0.020204009978932323,1.34012969976257,0.015104496860261728
boundary_pool,CODE,A_PUBLIC,block_14_output_last,18,0.023958188091147244,1.466499385772675,0.0163360865711231
boundary_pool,CODE,A_PUBLIC,block_18_output_last,18,0.06211391796879776,3.4127250244420253,0.018234974572984633
boundary_pool,CODE,A_PUBLIC,block_22_output_last,18,0.12757443324395676,6.9965270627607605,0.01827222753605698
boundary_pool,CODE,A_PUBLIC,block_27_output_last,18,0.318891828534312,9.769288839848262,0.03193042761209171
boundary_pool,CODE,A_PUBLIC,final_logits,18,0.10686221133229006,3.429644800993081,0.031172032802220084
boundary_pool,CODE,A_PUBLIC,final_norm_last,18,0.12281773896834419,4.9246266122919895,0.02505494430021698
boundary_pool,CODE,A_PUBLIC,layer13_attention_before_o_proj_last,18,0.020729806773275298,0.5324682324334369,0.03890688534051044
boundary_pool,CODE,A_PUBLIC,layer13_post_attention_residual_last,18,0.02086507145648529,1.4492492172340556,0.014390606859039857
boundary_pool,CODE,V4,block_13_output_last,18,0.01890979709805477,1.34012969976257,0.014100702284401061
boundary_pool,CODE,V4,block_14_output_last,18,0.021845456558203212,1.466499385772675,0.014879074648710654
boundary_pool,CODE,V4,block_18_output_last,18,0.058350332842023,3.4127250244420253,0.01714123165322625
boundary_pool,CODE,V4,block_22_output_last,18,0.12919286112018386,6.9965270627607605,0.01841386290640907
boundary_pool,CODE,V4,block_27_output_last,18,0.3252257782131993,9.769288839848262,0.03334233696220233
boundary_pool,CODE,V4,final_logits,18,0.12496958987200374,3.429644800993081,0.03643791165817558
boundary_pool,CODE,V4,final_norm_last,18,0.12211711662409296,4.9246266122919895,0.025022599811434135
boundary_pool,CODE,V4,layer13_attention_before_o_proj_last,18,0.0178471438538714,0.5324682324334369,0.03339206318156218
boundary_pool,CODE,V4,layer13_post_attention_residual_last,18,0.018698127473079897,1.4492492172340556,0.012916414527451998
